"","Admitted","Disposition_binary","Place","F_Aid","Species_e","Sex_e","Age_e","Brought_in_after","season","r","Green_Orange","ID","Species_group","Admitted_date"
"1","4/1/1991","Died","Lindsey","No","ANHU","Female-like ","adult-like",0,"Spring","found on the ground","Non-selasphorus spp.","49_ANHU","Non-Selasphorus",1991-04-01
"2","3/9/2014","Released","Lindsey","No","ANHU","Female-like ","adult-like",0,"Spring","found on the ground","Non-selasphorus spp.","4890_ANHU","Non-Selasphorus",2014-03-09
"3","3/28/2011","Died","Lindsey","No","ANHU","Male","adult-like",0,"Spring","window hit","Non-selasphorus spp.","4141_ANHU","Non-Selasphorus",2011-03-28
"4","4/15/1997","Died","Lindsey","No","Selasphorus","Female-like ","adult-like",0,"Spring","found on the ground","Selasphorus spp.","1210_ALHU","Selasphorus",1997-04-15
"5","1/18/2016","Died","malibu","Yes","Selasphorus","Male","adult-like",3,"Winter","found on the ground","Selasphorus spp.","6620_ALHU","Selasphorus",2016-01-18
"6","1/2/2015","Died","Lindsey","Yes","ANHU","Female-like ","adult-like",0,"Winter","found on the ground","Non-selasphorus spp.","5144_ANHU","Non-Selasphorus",2015-01-02
"7","4/13/2014","Released","malibu","No","Selasphorus","Female-like ","adult-like",1,"Spring","unknown","Selasphorus spp.","6270_ALHU","Selasphorus",2014-04-13
"8","4/16/2007","Died","Lindsey","No","ANHU","Female-like ","adult-like",0,"Spring","found on the ground","Non-selasphorus spp.","3257_ANHU","Non-Selasphorus",2007-04-16
"9","5/7/1998","Released","Lindsey","Yes","Selasphorus","unknown","Nestling",0,"Spring","caught by domestic animal","Selasphorus spp.","1408_ALHU","Selasphorus",1998-05-07
"10","6/4/2011","Died","Lindsey","Yes","Non-selasphorus","unknown","Nestling",0,"Summer","unknown","Non-selasphorus spp.","4236_ANHU","Selasphorus",2011-06-04
"11","4/9/2014","Died","malibu","No","BCHU","Female-like ","adult-like",0,"Spring","unknown","Non-selasphorus spp.","6087_BCHU","Non-Selasphorus",2014-04-09
"12","4/16/2003","Died","Lindsey","Yes","Selasphorus","Female-like ","adult-like",0,"Spring","found on the ground","Selasphorus spp.","2453_ALHU","Selasphorus",2003-04-16
"13","6/18/2008","Died","Lindsey","No","Non-selasphorus","unknown","Nestling",0,"Summer","found on the ground","Non-selasphorus spp.","3529_ANHU","Selasphorus",2008-06-18
"14","10/2/2001","Died","Lindsey","Yes","ANHU","Female-like ","adult-like",0,"Fall","unknown","Non-selasphorus spp.","2125_ANHU","Non-Selasphorus",2001-10-02
"15","6/6/2015","Released","Lindsey","No","ANHU","Female-like ","adult-like",0,"Summer","unknown","Non-selasphorus spp.","5364_ANHU","Non-Selasphorus",2015-06-06
"16","6/5/2014","Released","malibu","Yes","Selasphorus","Female-like ","adult-like",0,"Summer","found on the ground","Selasphorus spp.","6127_ALHU","Selasphorus",2014-06-05
"17","12/11/2009","Died","Lindsey","Yes","ANHU","Male","adult-like",0,"Winter","window hit","Non-selasphorus spp.","3837_ANHU","Non-Selasphorus",2009-12-11
"18","6/25/1993","Released","Lindsey","No","ANHU","Female-like ","adult-like",0,"Summer","found on the ground","Non-selasphorus spp.","502_ANHU","Non-Selasphorus",1993-06-25
"19","6/21/2008","Died","Lindsey","Yes","ANHU","Female-like ","adult-like",0,"Summer","found on the ground","Non-selasphorus spp.","3534_ANHU","Non-Selasphorus",2008-06-21
"20","4/24/2010","Died","Lindsey","No","ANHU","Female-like ","adult-like",0,"Spring","window hit","Non-selasphorus spp.","3931_ANHU","Non-Selasphorus",2010-04-24
"21","8/5/1993","Died","Lindsey","No","ANHU","Female-like ","adult-like",0,"Summer","found on the ground","Non-selasphorus spp.","533_ANHU","Non-Selasphorus",1993-08-05
"22","4/25/1992","Released","Lindsey","Yes","ANHU","Female-like ","adult-like",0,"Spring","found inside","Non-selasphorus spp.","264_ANHU","Non-Selasphorus",1992-04-25
"23","12/13/2014","Died","Lindsey","No","ANHU","Female-like ","adult-like",0,"Winter","caught by domestic animal","Non-selasphorus spp.","5140_ANHU","Non-Selasphorus",2014-12-13
"24","3/20/2007","Died","Lindsey","Yes","Selasphorus","Female-like ","adult-like",3,"Spring","window hit","Selasphorus spp.","3226_ALHU","Selasphorus",2007-03-20
"25","11/1/2005","Died","Lindsey","No","ANHU","Female-like ","adult-like",0,"Fall","found inside","Non-selasphorus spp.","2979_ANHU","Non-Selasphorus",2005-11-01
"26","7/25/1995","Died","Lindsey","No","ANHU","Female-like ","adult-like",0,"Summer","found on the ground","Non-selasphorus spp.","904_ANHU","Non-Selasphorus",1995-07-25
"27","1/2/1991","Died","Lindsey","No","ANHU","Female-like ","adult-like",1,"Winter","found on the ground","Non-selasphorus spp.","1_ANHU","Non-Selasphorus",1991-01-02
"28","3/26/2014","Released","malibu","Yes","Selasphorus","Female-like ","adult-like",1,"Spring","unknown","Selasphorus spp.","6268_ALHU","Selasphorus",2014-03-26
"29","6/8/2008","Died","Lindsey","No","ANHU","Male","adult-like",0,"Summer","found on the ground","Non-selasphorus spp.","3516_ANHU","Non-Selasphorus",2008-06-08
"30","4/8/2008","Died","Lindsey","No","ANHU","Male","adult-like",0,"Spring","suspect torpor-like state","Non-selasphorus spp.","3460_ANHU","Non-Selasphorus",2008-04-08
"31","6/13/2016","Died","Lindsey","No","ANHU","Female-like ","adult-like",0,"Summer","unknown","Non-selasphorus spp.","5644_ANHU","Non-Selasphorus",2016-06-13
"32","8/13/1999","Died","Lindsey","No","ANHU","Female-like ","adult-like",0,"Summer","found on the ground","Non-selasphorus spp.","1701_ANHU","Non-Selasphorus",1999-08-13
"33","4/2/2014","Died","malibu","No","ANHU","Female-like ","adult-like",0,"Spring","unknown","Non-selasphorus spp.","6079_ANHU","Non-Selasphorus",2014-04-02
"34","12/30/2015","Died","malibu","No","Selasphorus","Female-like ","adult-like",0,"Winter","window hit","Selasphorus spp.","6557_ALHU","Selasphorus",2015-12-30
"35","5/8/2016","Died","Lindsey","Yes","ANHU","Male","adult-like",0,"Spring","suspect torpor-like state","Non-selasphorus spp.","5601_ANHU","Non-Selasphorus",2016-05-08
"36","9/24/2016","Died","Lindsey","No","ANHU","Male","adult-like",0,"Fall","found on the ground","Non-selasphorus spp.","5715_ANHU","Non-Selasphorus",2016-09-24
"37","2/28/2004","Died","Lindsey","Yes","ANHU","Female-like ","adult-like",1,"Winter","nest-related","Non-selasphorus spp.","2622_ANHU","Non-Selasphorus",2004-02-28
"38","1/2/2015","Died","malibu","Yes","ANHU","Male","adult-like",0,"Winter","found on the ground","Non-selasphorus spp.","6337_ANHU","Non-Selasphorus",2015-01-02
"39","6/24/1999","Died","Lindsey","No","ANHU","Female-like ","adult-like",0,"Summer","found on the ground","Non-selasphorus spp.","1674_ANHU","Non-Selasphorus",1999-06-24
"40","5/1/2004","Released","Lindsey","Yes","ANHU","Female-like ","adult-like",0,"Spring","found inside","Non-selasphorus spp.","2681_ANHU","Non-Selasphorus",2004-05-01
"41","7/9/1993","Died","Lindsey","Yes","ANHU","Female-like ","adult-like",0,"Summer","caught by domestic animal","Non-selasphorus spp.","517_ANHU","Non-Selasphorus",1993-07-09
"42","12/31/2012","Died","Lindsey","Yes","ANHU","Female-like ","adult-like",13,"Winter","found on the ground","Non-selasphorus spp.","4588_ANHU","Non-Selasphorus",2012-12-31
"43","9/19/2016","Released","Santa Barbara","No","ANHU","Female-like ","adult-like",0,"Fall","unknown","Non-selasphorus spp.","6924_ANHU","Non-Selasphorus",2016-09-19
"44","3/18/2015","Died","Lindsey","No","Non-selasphorus","unknown","Nestling",0,"Spring","found on the ground","Non-selasphorus spp.","5217_ANHU","Selasphorus",2015-03-18
"45","5/11/1996","Released","Lindsey","Yes","ANHU","Female-like ","adult-like",1,"Spring","unknown","Non-selasphorus spp.","1049_ANHU","Non-Selasphorus",1996-05-11
"46","5/18/2015","Died","Lindsey","No","Non-selasphorus","unknown","Nestling",0,"Spring","nest-related","Non-selasphorus spp.","5324_ANHU","Selasphorus",2015-05-18
"47","3/27/2016","Died","Lindsey","Yes","ANHU","Male","adult-like",0,"Spring","suspect torpor-like state","Non-selasphorus spp.","5551_ANHU","Non-Selasphorus",2016-03-27
"48","5/28/2007","Died","Lindsey","No","ANHU","Female-like ","adult-like",1,"Spring","found on the ground","Non-selasphorus spp.","3297_ANHU","Non-Selasphorus",2007-05-28
"49","5/11/2014","Released","Lindsey","Yes","Non-selasphorus","unknown","Nestling",0,"Spring","nest-related","Non-selasphorus spp.","4998_ANHU","Selasphorus",2014-05-11
"50","7/4/2016","Released","Lindsey","Yes","ANHU","Female-like ","adult-like",0,"Summer","found on the ground","Non-selasphorus spp.","5670_ANHU","Non-Selasphorus",2016-07-04
"51","4/1/1991","Died","Lindsey","No","ANHU","Female-like ","adult-like",1,"Spring","window hit","Non-selasphorus spp.","48_ANHU","Non-Selasphorus",1991-04-01
"52","2/5/2013","Died","Lindsey","Yes","ANHU","Male","adult-like",0,"Winter","found on the ground","Non-selasphorus spp.","4603_ANHU","Non-Selasphorus",2013-02-05
"53","7/3/1992","Died","Lindsey","No","Selasphorus","Female-like ","adult-like",0,"Summer","caught by domestic animal","Selasphorus spp.","335_ALHU","Selasphorus",1992-07-03
"54","3/20/2012","Died","Lindsey","No","ANHU","Female-like ","adult-like",0,"Spring","unknown","Non-selasphorus spp.","4397_ANHU","Non-Selasphorus",2012-03-20
"55","4/8/2003","Released","Lindsey","No","ANHU","Female-like ","adult-like",0,"Spring","caught by domestic animal","Non-selasphorus spp.","2445_ANHU","Non-Selasphorus",2003-04-08
"56","4/13/1998","Died","Lindsey","No","Non-selasphorus","unknown","Nestling",0,"Spring","nest-related","Non-selasphorus spp.","1380_ANHU","Selasphorus",1998-04-13
"57","3/16/1996","Released","Lindsey","Yes","ANHU","Female-like ","adult-like",1,"Spring","found on the ground","Non-selasphorus spp.","983_ANHU","Non-Selasphorus",1996-03-16
"58","11/27/2015","Died","Lindsey","Yes","ANHU","Female-like ","adult-like",1,"Fall","window hit","Non-selasphorus spp.","5454_ANHU","Non-Selasphorus",2015-11-27
"59","9/10/2010","Died","Lindsey","No","ANHU","Female-like ","adult-like",0,"Fall","found on the ground","Non-selasphorus spp.","4057_ANHU","Non-Selasphorus",2010-09-10
"60","10/19/2007","Died","Lindsey","Yes","ANHU","Female-like ","adult-like",1,"Fall","window hit","Non-selasphorus spp.","3380_ANHU","Non-Selasphorus",2007-10-19
"61","6/6/2015","Died","malibu","No","Selasphorus","unknown","Nestling",1,"Summer","nest-related","Selasphorus spp.","6449_ALHU","Selasphorus",2015-06-06
"62","3/3/1991","Died","Lindsey","No","ANHU","Female-like ","adult-like",0,"Spring","nest-related","Non-selasphorus spp.","23_ANHU","Non-Selasphorus",1991-03-03
"63","4/10/2016","Died","Lindsey","No","ANHU","Female-like ","adult-like",0,"Spring","found on the ground","Non-selasphorus spp.","5574_ANHU","Non-Selasphorus",2016-04-10
"64","6/23/2004","Died","Lindsey","No","ANHU","Female-like ","adult-like",0,"Summer","found on the ground","Non-selasphorus spp.","2730_ANHU","Non-Selasphorus",2004-06-23
"65","7/1/2004","Died","Lindsey","Yes","ANHU","Female-like ","adult-like",1,"Summer","found on the ground","Non-selasphorus spp.","2737_ANHU","Non-Selasphorus",2004-07-01
"66","3/17/2003","Died","Lindsey","Yes","ANHU","Female-like ","adult-like",1,"Spring","found on the ground","Non-selasphorus spp.","2417_ANHU","Non-Selasphorus",2003-03-17
"67","5/10/2016","Released","Lindsey","Yes","ANHU","Female-like ","adult-like",1,"Spring","found on the ground","Non-selasphorus spp.","5604_ANHU","Non-Selasphorus",2016-05-10
"68","7/19/2012","Released","Lindsey","No","ANHU","Male","adult-like",0,"Summer","found on the ground","Non-selasphorus spp.","4535_ANHU","Non-Selasphorus",2012-07-19
"69","6/30/2013","Died","malibu","Yes","Selasphorus","Female-like ","adult-like",0,"Summer","found on the ground","Selasphorus spp.","5869_ALHU","Selasphorus",2013-06-30
"70","8/17/1996","Released","Lindsey","No","Selasphorus","Female-like ","adult-like",0,"Summer","caught by domestic animal","Selasphorus spp.","1114_ALHU","Selasphorus",1996-08-17
"71","3/7/2011","Released","Lindsey","No","ANHU","Female-like ","adult-like",0,"Spring","found on the ground","Non-selasphorus spp.","4116_ANHU","Non-Selasphorus",2011-03-07
"72","3/3/1996","Died","Lindsey","No","ANHU","Female-like ","adult-like",1,"Spring","window hit","Non-selasphorus spp.","964_ANHU","Non-Selasphorus",1996-03-03
"73","1/19/2009","Died","Lindsey","No","ANHU","Male","adult-like",0,"Winter","nest-related","Non-selasphorus spp.","3605_ANHU","Non-Selasphorus",2009-01-19
"74","4/5/2014","Died","Lindsey","Yes","ANHU","Male","adult-like",0,"Spring","found on the ground","Non-selasphorus spp.","4939_ANHU","Non-Selasphorus",2014-04-05
"75","4/30/1994","Died","Lindsey","No","ANHU","Female-like ","adult-like",0,"Spring","found inside","Non-selasphorus spp.","632_ANHU","Non-Selasphorus",1994-04-30
"76","1/3/2013","Died","Lindsey","No","ANHU","Male","adult-like",0,"Winter","caught by domestic animal","Non-selasphorus spp.","4589_ANHU","Non-Selasphorus",2013-01-03
"77","7/25/2008","Died","Lindsey","No","ANHU","Female-like ","adult-like",0,"Summer","caught by domestic animal","Non-selasphorus spp.","3559_ANHU","Non-Selasphorus",2008-07-25
"78","7/23/1998","Died","Lindsey","No","Non-selasphorus","unknown","Nestling",1,"Summer","unknown","Non-selasphorus spp.","1484_ANHU","Selasphorus",1998-07-23
"79","8/19/1991","Released","Lindsey","No","BCHU","Female-like ","adult-like",1,"Summer","caught by domestic animal","Non-selasphorus spp.","168_BCHU","Non-Selasphorus",1991-08-19
"80","4/25/1996","Released","Lindsey","Yes","ANHU","Female-like ","adult-like",1,"Spring","nest-related","Non-selasphorus spp.","1034_ANHU","Non-Selasphorus",1996-04-25
"81","3/24/1995","Released","Lindsey","No","Non-selasphorus","unknown","Nestling",0,"Spring","nest-related","Non-selasphorus spp.","792_ANHU","Selasphorus",1995-03-24
"82","1/4/2013","Died","malibu","No","ANHU","Male","adult-like",0,"Winter","unknown","Non-selasphorus spp.","5729_ANHU","Non-Selasphorus",2013-01-04
"83","5/7/1993","Died","Lindsey","No","ANHU","Female-like ","adult-like",0,"Spring","found on the ground","Non-selasphorus spp.","461_ANHU","Non-Selasphorus",1993-05-07
"84","4/11/2015","Died","malibu","No","BCHU","Male","adult-like",0,"Spring","unknown","Non-selasphorus spp.","6385_BCHU","Non-Selasphorus",2015-04-11
"85","5/6/2013","Released","malibu","Yes","Non-selasphorus","unknown","Nestling",1,"Spring","unknown","Non-selasphorus spp.","5805_ANHU","Selasphorus",2013-05-06
"86","4/24/2001","Died","Lindsey","Yes","ANHU","Female-like ","adult-like",0,"Spring","found on the ground","Non-selasphorus spp.","2025_ANHU","Non-Selasphorus",2001-04-24
"87","4/16/1998","Died","Lindsey","No","ANHU","Female-like ","adult-like",0,"Spring","found inside","Non-selasphorus spp.","1386_ANHU","Non-Selasphorus",1998-04-16
"88","4/4/2012","Died","Lindsey","Yes","ANHU","Female-like ","adult-like",0,"Spring","found on the ground","Non-selasphorus spp.","4414_ANHU","Non-Selasphorus",2012-04-04
"89","2/10/2005","Died","Lindsey","No","ANHU","Female-like ","adult-like",0,"Winter","window hit","Non-selasphorus spp.","2796_ANHU","Non-Selasphorus",2005-02-10
"90","5/30/2002","Died","Lindsey","No","Non-selasphorus","unknown","Nestling",0,"Spring","unknown","Non-selasphorus spp.","2263_ANHU","Selasphorus",2002-05-30
"91","6/2/2015","Died","Lindsey","No","ANHU","Male","adult-like",0,"Summer","found on the ground","Non-selasphorus spp.","5354_ANHU","Non-Selasphorus",2015-06-02
"92","3/11/2014","Died","malibu","No","ANHU","Female-like ","adult-like",0,"Spring","unknown","Non-selasphorus spp.","6216_ANHU","Non-Selasphorus",2014-03-11
"93","5/27/2013","Died","malibu","No","Selasphorus","Female-like ","adult-like",0,"Spring","unknown","Selasphorus spp.","5952_ALHU","Selasphorus",2013-05-27
"94","10/14/2000","Died","Lindsey","No","ANHU","Female-like ","adult-like",0,"Fall","window hit","Non-selasphorus spp.","1914_ANHU","Non-Selasphorus",2000-10-14
"95","6/29/2009","Died","Lindsey","Yes","ANHU","Male","adult-like",1,"Summer","unknown","Non-selasphorus spp.","3771_ANHU","Non-Selasphorus",2009-06-29
"96","6/18/1994","Died","Lindsey","No","ANHU","Female-like ","adult-like",0,"Summer","window hit","Non-selasphorus spp.","680_ANHU","Non-Selasphorus",1994-06-18
"97","4/9/1994","Died","Lindsey","No","ANHU","Female-like ","adult-like",0,"Spring","caught by domestic animal","Non-selasphorus spp.","604_ANHU","Non-Selasphorus",1994-04-09
"98","3/23/2016","Released","malibu","No","Selasphorus","Female-like ","adult-like",1,"Spring","unknown","Selasphorus spp.","6646_ALHU","Selasphorus",2016-03-23
"99","3/9/2013","Died","Lindsey","No","Non-selasphorus","unknown","Nestling",0,"Spring","nest-related","Non-selasphorus spp.","4634_ANHU","Selasphorus",2013-03-09
"100","5/31/1998","Died","Lindsey","No","ANHU","Female-like ","adult-like",0,"Spring","found on the ground","Non-selasphorus spp.","1428_ANHU","Non-Selasphorus",1998-05-31
"101","3/20/2003","Died","Lindsey","No","ANHU","Female-like ","adult-like",0,"Spring","found on the ground","Non-selasphorus spp.","2419_ANHU","Non-Selasphorus",2003-03-20
"102","5/8/2001","Died","Lindsey","No","Non-selasphorus","unknown","adult-like",10,"Spring","found on the ground","Non-selasphorus spp.","2040_COHU","Selasphorus",2001-05-08
"103","5/9/2015","Released","malibu","No","Selasphorus","unknown","Nestling",0,"Spring","found on the ground","Selasphorus spp.","6595_ALHU","Selasphorus",2015-05-09
"104","6/13/2014","Released","malibu","No","Selasphorus","Female-like ","adult-like",0,"Summer","unknown","Selasphorus spp.","6292_ALHU","Selasphorus",2014-06-13
"105","4/1/2014","Died","Lindsey","No","ANHU","Male","adult-like",0,"Spring","window hit","Non-selasphorus spp.","4929_ANHU","Non-Selasphorus",2014-04-01
"106","2/13/2014","Died","malibu","Yes","ANHU","Female-like ","adult-like",0,"Winter","unknown","Non-selasphorus spp.","6040_ANHU","Non-Selasphorus",2014-02-13
"107","5/23/2013","Released","malibu","No","Selasphorus","Female-like ","adult-like",0,"Spring","unknown","Selasphorus spp.","5948_ALHU","Selasphorus",2013-05-23
"108","5/11/2014","Died","malibu","No","Selasphorus","Female-like ","adult-like",0,"Spring","unknown","Selasphorus spp.","6224_ALHU","Selasphorus",2014-05-11
"109","5/4/2007","Released","Lindsey","No","ANHU","Female-like ","adult-like",0,"Spring","window hit","Non-selasphorus spp.","3278_ANHU","Non-Selasphorus",2007-05-04
"110","7/12/1994","Released","Lindsey","Yes","Selasphorus","unknown","Nestling",2,"Summer","nest-related","Selasphorus spp.","703_ALHU","Selasphorus",1994-07-12
"111","8/12/1997","Died","Lindsey","No","ANHU","Female-like ","adult-like",0,"Summer","found on the ground","Non-selasphorus spp.","1299_ANHU","Non-Selasphorus",1997-08-12
"112","6/24/2010","Released","Lindsey","Yes","ANHU","Female-like ","adult-like",1,"Summer","found on the ground","Non-selasphorus spp.","4000_ANHU","Non-Selasphorus",2010-06-24
"113","3/23/2016","Died","malibu","Yes","Selasphorus","Female-like ","adult-like",0,"Spring","unknown","Selasphorus spp.","6650_ALHU","Selasphorus",2016-03-23
"114","6/29/2008","Released","Lindsey","No","Non-selasphorus","unknown","Nestling",0,"Summer","nest-related","Non-selasphorus spp.","3544_ANHU","Selasphorus",2008-06-29
"115","6/26/2003","Died","Lindsey","Yes","Non-selasphorus","unknown","Nestling",1,"Summer","found on the ground","Non-selasphorus spp.","2525_ANHU","Selasphorus",2003-06-26
"116","3/20/2016","Died","Lindsey","No","Non-selasphorus","unknown","Nestling",0,"Spring","found on the ground","Non-selasphorus spp.","5539_ANHU","Selasphorus",2016-03-20
"117","4/19/2015","Died","Lindsey","No","Selasphorus","Male","adult-like",0,"Spring","found on the ground","Selasphorus spp.","5282_ALHU","Selasphorus",2015-04-19
"118","6/18/2013","Died","Lindsey","No","ANHU","Male","adult-like",0,"Summer","found on the ground","Non-selasphorus spp.","4767_ANHU","Non-Selasphorus",2013-06-18
"119","6/15/2003","Died","Lindsey","Yes","Non-selasphorus","unknown","Nestling",2,"Summer","nest-related","Non-selasphorus spp.","2513_ANHU","Selasphorus",2003-06-15
"120","4/26/1998","Died","Lindsey","Yes","ANHU","Female-like ","adult-like",0,"Spring","found on the ground","Non-selasphorus spp.","1402_ANHU","Non-Selasphorus",1998-04-26
"121","7/5/2015","Released","Lindsey","No","Non-selasphorus","unknown","Nestling",1,"Summer","found on the ground","Non-selasphorus spp.","5409_ANHU","Selasphorus",2015-07-05
"122","3/24/1997","Died","Lindsey","No","ANHU","Female-like ","adult-like",0,"Spring","window hit","Non-selasphorus spp.","1191_ANHU","Non-Selasphorus",1997-03-24
"123","1/31/2015","Died","Lindsey","No","ANHU","Male","adult-like",0,"Winter","window hit","Non-selasphorus spp.","5162_ANHU","Non-Selasphorus",2015-01-31
"124","6/18/2014","Died","malibu","No","Selasphorus","Female-like ","adult-like",0,"Summer","unknown","Selasphorus spp.","6309_ALHU","Selasphorus",2014-06-18
"125","6/13/2014","Died","Lindsey","No","ANHU","Male","adult-like",0,"Summer","unknown","Non-selasphorus spp.","5045_ANHU","Non-Selasphorus",2014-06-13
"126","5/10/2010","Died","Lindsey","No","ANHU","Male","adult-like",0,"Spring","window hit","Non-selasphorus spp.","3950_ANHU","Non-Selasphorus",2010-05-10
"127","8/11/2006","Died","Lindsey","Yes","ANHU","Female-like ","adult-like",0,"Summer","found inside","Non-selasphorus spp.","3150_ANHU","Non-Selasphorus",2006-08-11
"128","6/13/2006","Released","Lindsey","No","Non-selasphorus","unknown","Nestling",0,"Summer","found on the ground","Non-selasphorus spp.","3105_ANHU","Selasphorus",2006-06-13
"129","3/22/2003","Died","Lindsey","No","Selasphorus","Female-like ","adult-like",0,"Spring","found on the ground","Selasphorus spp.","2420_ALHU","Selasphorus",2003-03-22
"130","3/29/2009","Died","Lindsey","Yes","ANHU","Female-like ","adult-like",1,"Spring","found on the ground","Non-selasphorus spp.","3667_ANHU","Non-Selasphorus",2009-03-29
"131","4/8/2003","Died","Lindsey","No","ANHU","Female-like ","adult-like",0,"Spring","window hit","Non-selasphorus spp.","2444_ANHU","Non-Selasphorus",2003-04-08
"132","4/27/2002","Released","Lindsey","No","ANHU","Female-like ","adult-like",0,"Spring","found on the ground","Non-selasphorus spp.","2225_ANHU","Non-Selasphorus",2002-04-27
"133","6/1/1993","Released","Lindsey","No","Selasphorus","unknown","Nestling",0,"Summer","nest-related","Selasphorus spp.","485_ALHU","Selasphorus",1993-06-01
"134","5/16/2011","Died","Lindsey","No","ANHU","Female-like ","adult-like",0,"Spring","window hit","Non-selasphorus spp.","4208_ANHU","Non-Selasphorus",2011-05-16
"135","9/13/2008","Died","Lindsey","Yes","ANHU","Male","adult-like",0,"Fall","unknown","Non-selasphorus spp.","3574_ANHU","Non-Selasphorus",2008-09-13
"136","4/22/2011","Died","Lindsey","Yes","Selasphorus","Female-like ","adult-like",1,"Spring","window hit","Selasphorus spp.","4183_ALHU","Selasphorus",2011-04-22
"137","9/2/2004","Died","Lindsey","Yes","ANHU","Female-like ","adult-like",1,"Fall","caught by domestic animal","Non-selasphorus spp.","2761_ANHU","Non-Selasphorus",2004-09-02
"138","6/21/2002","Died","Lindsey","Yes","ANHU","Female-like ","adult-like",1,"Summer","found on the ground","Non-selasphorus spp.","2277_ANHU","Non-Selasphorus",2002-06-21
"139","6/20/2016","Died","malibu","Yes","Selasphorus","Female-like ","adult-like",0,"Summer","unknown","Selasphorus spp.","6763_ALHU","Selasphorus",2016-06-20
"140","6/12/1996","Released","Lindsey","Yes","Non-selasphorus","unknown","Nestling",1,"Summer","nest-related","Non-selasphorus spp.","1075_ANHU","Selasphorus",1996-06-12
"141","7/9/1993","Died","Lindsey","No","ANHU","Female-like ","adult-like",0,"Summer","caught by domestic animal","Non-selasphorus spp.","516_ANHU","Non-Selasphorus",1993-07-09
"142","5/8/1997","Released","Lindsey","No","ANHU","Female-like ","adult-like",0,"Spring","nest-related","Non-selasphorus spp.","1229_ANHU","Non-Selasphorus",1997-05-08
"143","2/13/2008","Died","Lindsey","No","ANHU","Female-like ","adult-like",0,"Winter","unknown","Non-selasphorus spp.","3416_ANHU","Non-Selasphorus",2008-02-13
"144","8/5/2009","Released","Lindsey","No","ANHU","Male","adult-like",0,"Summer","found on the ground","Non-selasphorus spp.","3803_ANHU","Non-Selasphorus",2009-08-05
"145","6/1/1996","Died","Lindsey","No","ANHU","Female-like ","adult-like",0,"Summer","caught by domestic animal","Non-selasphorus spp.","1062_ANHU","Non-Selasphorus",1996-06-01
"146","5/16/2016","Released","Lindsey","No","Non-selasphorus","unknown","Nestling",0,"Spring","found on the ground","Non-selasphorus spp.","5608_ANHU","Selasphorus",2016-05-16
"147","4/6/1999","Released","Lindsey","No","Non-selasphorus","unknown","Nestling",1,"Spring","found on the ground","Non-selasphorus spp.","1578_ANHU","Selasphorus",1999-04-06
"148","8/1/1996","Released","Lindsey","No","Selasphorus","Female-like ","adult-like",0,"Summer","window hit","Selasphorus spp.","1109_ALHU","Selasphorus",1996-08-01
"149","6/16/2015","Died","malibu","Yes","Non-selasphorus","unknown","Nestling",0,"Summer","found on the ground","Non-selasphorus spp.","6461_ANHU","Selasphorus",2015-06-16
"150","6/8/2012","Died","Lindsey","Yes","ANHU","Male","adult-like",4,"Summer","window hit","Non-selasphorus spp.","4487_ANHU","Non-Selasphorus",2012-06-08
"151","3/16/1995","Died","Lindsey","No","Selasphorus","Female-like ","adult-like",1,"Spring","window hit","Selasphorus spp.","778_RUHU","Selasphorus",1995-03-16
"152","1/16/2014","Died","Lindsey","No","ANHU","Male","adult-like",0,"Winter","found on the ground","Non-selasphorus spp.","4862_ANHU","Non-Selasphorus",2014-01-16
"153","4/19/1999","Released","Lindsey","Yes","Non-selasphorus","unknown","Nestling",2,"Spring","nest-related","Non-selasphorus spp.","1599_ANHU","Selasphorus",1999-04-19
"154","5/16/1999","Released","Lindsey","No","Non-selasphorus","unknown","Nestling",1,"Spring","nest-related","Non-selasphorus spp.","1632_ANHU","Selasphorus",1999-05-16
"155","3/28/2004","Died","Lindsey","No","ANHU","Female-like ","adult-like",0,"Spring","caught by domestic animal","Non-selasphorus spp.","2645_ANHU","Non-Selasphorus",2004-03-28
"156","3/20/2012","Died","Lindsey","No","ANHU","Female-like ","adult-like",0,"Spring","found on the ground","Non-selasphorus spp.","4395_ANHU","Non-Selasphorus",2012-03-20
"157","3/20/2005","Released","Lindsey","No","ANHU","Female-like ","adult-like",0,"Spring","found on the ground","Non-selasphorus spp.","2824_ANHU","Non-Selasphorus",2005-03-20
"158","5/8/2005","Released","Lindsey","No","ANHU","Female-like ","adult-like",7,"Spring","nest-related","Non-selasphorus spp.","2873_ANHU","Non-Selasphorus",2005-05-08
"159","9/27/2015","Died","Lindsey","Yes","ANHU","Male","adult-like",0,"Fall","found on the ground","Non-selasphorus spp.","5441_ANHU","Non-Selasphorus",2015-09-27
"160","7/12/1998","Died","Lindsey","Yes","ANHU","Female-like ","adult-like",1,"Summer","caught by domestic animal","Non-selasphorus spp.","1465_ANHU","Non-Selasphorus",1998-07-12
"161","6/7/2013","Died","malibu","No","Selasphorus","Female-like ","adult-like",0,"Summer","unknown","Selasphorus spp.","5962_ALHU","Selasphorus",2013-06-07
"162","4/29/2014","Died","Lindsey","Yes","ANHU","Female-like ","adult-like",1,"Spring","window hit","Non-selasphorus spp.","4978_ANHU","Non-Selasphorus",2014-04-29
"163","12/9/2014","Released","Lindsey","No","ANHU","Female-like ","adult-like",0,"Winter","found on the ground","Non-selasphorus spp.","5137_ANHU","Non-Selasphorus",2014-12-09
"164","6/10/2016","Died","malibu","Yes","Selasphorus","Female-like ","adult-like",0,"Summer","found on the ground","Selasphorus spp.","6335_ALHU","Selasphorus",2016-06-10
"165","5/8/2015","Released","malibu","No","Non-selasphorus","unknown","Nestling",0,"Spring","nest-related","Non-selasphorus spp.","6611_ANHU","Selasphorus",2015-05-08
"166","7/12/2014","Died","Lindsey","No","ANHU","Female-like ","adult-like",0,"Summer","found on the ground","Non-selasphorus spp.","5083_ANHU","Non-Selasphorus",2014-07-12
"167","6/14/2009","Released","Lindsey","No","ANHU","Female-like ","adult-like",0,"Summer","window hit","Non-selasphorus spp.","3758_ANHU","Non-Selasphorus",2009-06-14
"168","3/22/2006","Died","Lindsey","Yes","ANHU","Female-like ","adult-like",1,"Spring","found on the ground","Non-selasphorus spp.","3033_ANHU","Non-Selasphorus",2006-03-22
"169","6/9/1995","Released","Lindsey","No","ANHU","Female-like ","adult-like",0,"Summer","unknown","Non-selasphorus spp.","860_ANHU","Non-Selasphorus",1995-06-09
"170","8/2/2016","Died","Santa Barbara","No","ANHU","Female-like ","adult-like",0,"Summer","caught by domestic animal","Non-selasphorus spp.","6912_ANHU","Non-Selasphorus",2016-08-02
"171","6/20/2013","Died","malibu","Yes","Selasphorus","Female-like ","adult-like",0,"Summer","found on the ground","Selasphorus spp.","5860_ALHU","Selasphorus",2013-06-20
"172","2/16/2005","Died","Lindsey","No","Selasphorus","Female-like ","adult-like",0,"Winter","window hit","Selasphorus spp.","2799_ALHU","Selasphorus",2005-02-16
"173","11/11/1993","Died","Lindsey","No","ANHU","Female-like ","adult-like",0,"Fall","found on the ground","Non-selasphorus spp.","554_ANHU","Non-Selasphorus",1993-11-11
"174","4/29/2015","Died","Lindsey","No","ANHU","Female-like ","adult-like",0,"Spring","unknown","Non-selasphorus spp.","5302_ANHU","Non-Selasphorus",2015-04-29
"175","2/26/2015","Released","malibu","No","Selasphorus","Male","adult-like",0,"Winter","window hit","Selasphorus spp.","6362_ALHU","Selasphorus",2015-02-26
"176","7/24/1993","Died","Lindsey","No","ANHU","Female-like ","adult-like",0,"Summer","found on the ground","Non-selasphorus spp.","529_ANHU","Non-Selasphorus",1993-07-24
"177","6/5/2016","Died","Lindsey","No","ANHU","Male","adult-like",0,"Summer","unknown","Non-selasphorus spp.","5628_ANHU","Non-Selasphorus",2016-06-05
"178","5/2/2010","Died","Lindsey","No","ANHU","Male","adult-like",0,"Spring","unknown","Non-selasphorus spp.","3942_ANHU","Non-Selasphorus",2010-05-02
"179","1/14/2009","Died","Lindsey","No","ANHU","Male","adult-like",0,"Winter","found inside","Non-selasphorus spp.","3604_ANHU","Non-Selasphorus",2009-01-14
"180","6/19/1991","Died","Lindsey","No","Non-selasphorus","unknown","Nestling",0,"Summer","nest-related","Non-selasphorus spp.","127_ANHU","Selasphorus",1991-06-19
"181","3/30/2011","Died","Lindsey","No","ANHU","Male","adult-like",0,"Spring","found on the ground","Non-selasphorus spp.","4142_ANHU","Non-Selasphorus",2011-03-30
"182","7/14/2007","Died","Lindsey","Yes","ANHU","Female-like ","adult-like",1,"Summer","found on the ground","Non-selasphorus spp.","3350_ANHU","Non-Selasphorus",2007-07-14
"183","4/9/2006","Died","Lindsey","Yes","ANHU","Female-like ","adult-like",0,"Spring","found on the ground","Non-selasphorus spp.","3055_ANHU","Non-Selasphorus",2006-04-09
"184","4/27/2013","Died","malibu","Yes","Selasphorus","unknown","Nestling",0,"Spring","unknown","Selasphorus spp.","5789_ALHU","Selasphorus",2013-04-27
"185","3/27/2014","Released","Lindsey","No","Selasphorus","Female-like ","adult-like",0,"Spring","window hit","Selasphorus spp.","4922_ALHU","Selasphorus",2014-03-27
"186","7/25/1992","Died","Lindsey","No","ANHU","Female-like ","adult-like",0,"Summer","caught by domestic animal","Non-selasphorus spp.","350_ANHU","Non-Selasphorus",1992-07-25
"187","6/20/1994","Died","Lindsey","No","ANHU","Female-like ","adult-like",0,"Summer","found on the ground","Non-selasphorus spp.","682_ANHU","Non-Selasphorus",1994-06-20
"188","4/9/2007","Died","Lindsey","No","ANHU","Female-like ","adult-like",0,"Spring","caught by domestic animal","Non-selasphorus spp.","3247_ANHU","Non-Selasphorus",2007-04-09
"189","12/26/1998","Died","Lindsey","Yes","ANHU","Female-like ","adult-like",2,"Winter","window hit","Non-selasphorus spp.","1521_ANHU","Non-Selasphorus",1998-12-26
"190","11/9/2002","Released","Lindsey","No","ANHU","Female-like ","adult-like",0,"Fall","window hit","Non-selasphorus spp.","2348_ANHU","Non-Selasphorus",2002-11-09
"191","7/4/2009","Released","Lindsey","Yes","Non-selasphorus","unknown","Nestling",0,"Summer","found on the ground","Non-selasphorus spp.","3777_ANHU","Selasphorus",2009-07-04
"192","6/23/1997","Died","Lindsey","No","ANHU","Female-like ","adult-like",0,"Summer","found on the ground","Non-selasphorus spp.","1274_ANHU","Non-Selasphorus",1997-06-23
"193","5/23/2016","Died","Lindsey","No","ANHU","Female-like ","adult-like",0,"Spring","found on the ground","Non-selasphorus spp.","5613_ANHU","Non-Selasphorus",2016-05-23
"194","7/5/2011","Died","Lindsey","No","ANHU","Female-like ","adult-like",1,"Summer","window hit","Non-selasphorus spp.","4272_ANHU","Non-Selasphorus",2011-07-05
"195","9/30/1995","Died","Lindsey","Yes","ANHU","Female-like ","adult-like",0,"Fall","found on the ground","Non-selasphorus spp.","928_ANHU","Non-Selasphorus",1995-09-30
"196","5/28/2006","Died","Lindsey","No","ANHU","Female-like ","adult-like",0,"Spring","window hit","Non-selasphorus spp.","3098_ANHU","Non-Selasphorus",2006-05-28
"197","6/12/1996","Released","Lindsey","Yes","Non-selasphorus","unknown","Nestling",1,"Summer","nest-related","Non-selasphorus spp.","1074_ANHU","Selasphorus",1996-06-12
"198","8/14/1997","Died","Lindsey","No","Non-selasphorus","unknown","Nestling",1,"Summer","nest-related","Non-selasphorus spp.","1300_ANHU","Selasphorus",1997-08-14
"199","6/8/2003","Died","Lindsey","No","Selasphorus","unknown","Nestling",0,"Summer","found on the ground","Selasphorus spp.","2505_ALHU","Selasphorus",2003-06-08
"200","7/11/2001","Released","Lindsey","Yes","ANHU","Female-like ","adult-like",1,"Summer","caught by domestic animal","Non-selasphorus spp.","2094_ANHU","Non-Selasphorus",2001-07-11
"201","2/11/2007","Died","Lindsey","Yes","ANHU","Female-like ","adult-like",1,"Winter","window hit","Non-selasphorus spp.","3199_ANHU","Non-Selasphorus",2007-02-11
"202","2/17/2014","Died","malibu","Yes","Selasphorus","Female-like ","adult-like",0,"Winter","found on the ground","Selasphorus spp.","6043_ALHU","Selasphorus",2014-02-17
"203","6/3/2002","Released","Lindsey","No","ANHU","Female-like ","adult-like",0,"Summer","found on the ground","Non-selasphorus spp.","2266_ANHU","Non-Selasphorus",2002-06-03
"204","6/8/2008","Died","Lindsey","Yes","ANHU","Female-like ","adult-like",1,"Summer","caught by domestic animal","Non-selasphorus spp.","3517_ANHU","Non-Selasphorus",2008-06-08
"205","4/22/2004","Died","Lindsey","No","ANHU","Female-like ","adult-like",0,"Spring","found on the ground","Non-selasphorus spp.","2668_ANHU","Non-Selasphorus",2004-04-22
"206","4/12/2013","Died","Lindsey","No","ANHU","Female-like ","adult-like",0,"Spring","found inside","Non-selasphorus spp.","4685_ANHU","Non-Selasphorus",2013-04-12
"207","7/6/2003","Released","Lindsey","Yes","ANHU","Female-like ","adult-like",0,"Summer","nest-related","Non-selasphorus spp.","2536_ANHU","Non-Selasphorus",2003-07-06
"208","5/28/1991","Released","Lindsey","Yes","ANHU","Female-like ","adult-like",1,"Spring","found on the ground","Non-selasphorus spp.","106_ANHU","Non-Selasphorus",1991-05-28
"209","5/16/2015","Died","Lindsey","Yes","Selasphorus","Female-like ","adult-like",3,"Spring","found on the ground","Selasphorus spp.","5321_ALHU","Selasphorus",2015-05-16
"210","10/25/2014","Died","Lindsey","No","ANHU","Male","adult-like",1,"Fall","found on the ground","Non-selasphorus spp.","5119_ANHU","Non-Selasphorus",2014-10-25
"211","2/23/2013","Died","malibu","No","Non-selasphorus","unknown","Nestling",0,"Winter","nest-related","Non-selasphorus spp.","5745_ANHU","Selasphorus",2013-02-23
"212","5/12/2007","Died","Lindsey","No","ANHU","Female-like ","adult-like",0,"Spring","caught by domestic animal","Non-selasphorus spp.","3283_ANHU","Non-Selasphorus",2007-05-12
"213","5/26/2007","Released","Lindsey","Yes","Non-selasphorus","unknown","Nestling",1,"Spring","unknown","Non-selasphorus spp.","3295_ANHU","Selasphorus",2007-05-26
"214","12/3/2006","Died","Lindsey","No","ANHU","Female-like ","adult-like",0,"Winter","found on the ground","Non-selasphorus spp.","3176_ANHU","Non-Selasphorus",2006-12-03
"215","8/24/2016","Died","Lindsey","No","ANHU","Female-like ","adult-like",0,"Summer","found on the ground","Non-selasphorus spp.","5701_ANHU","Non-Selasphorus",2016-08-24
"216","2/24/2009","Released","Lindsey","Yes","Non-selasphorus","unknown","Nestling",1,"Winter","found on the ground","Non-selasphorus spp.","3625_ANHU","Selasphorus",2009-02-24
"217","4/3/2015","Died","malibu","Yes","Selasphorus","Female-like ","adult-like",1,"Spring","unknown","Selasphorus spp.","6379_ALHU","Selasphorus",2015-04-03
"218","1/1/2016","Released","malibu","Yes","ANHU","Male","adult-like",0,"Winter","found on the ground","Non-selasphorus spp.","6614_ANHU","Non-Selasphorus",2016-01-01
"219","7/7/2015","Died","Lindsey","Yes","Non-selasphorus","unknown","Nestling",0,"Summer","nest-related","Non-selasphorus spp.","5412_ANHU","Selasphorus",2015-07-07
"220","4/7/1991","Died","Lindsey","No","Selasphorus","Female-like ","adult-like",0,"Spring","found on the ground","Selasphorus spp.","61_ALHU","Selasphorus",1991-04-07
"221","4/27/2014","Died","Lindsey","No","ANHU","Male","adult-like",1,"Spring","found on the ground","Non-selasphorus spp.","4973_ANHU","Non-Selasphorus",2014-04-27
"222","5/28/2016","Died","Lindsey","No","Non-selasphorus","unknown","Nestling",0,"Spring","found on the ground","Non-selasphorus spp.","5621_ANHU","Selasphorus",2016-05-28
"223","1/10/2006","Died","Lindsey","No","ANHU","Female-like ","adult-like",0,"Winter","window hit","Non-selasphorus spp.","2988_ANHU","Non-Selasphorus",2006-01-10
"224","6/21/2000","Died","Lindsey","Yes","ANHU","Female-like ","adult-like",0,"Summer","window hit","Non-selasphorus spp.","1862_ANHU","Non-Selasphorus",2000-06-21
"225","4/18/2009","Released","Lindsey","Yes","ANHU","Female-like ","adult-like",1,"Spring","found on the ground","Non-selasphorus spp.","3696_ANHU","Non-Selasphorus",2009-04-18
"226","4/28/2010","Released","Lindsey","No","Non-selasphorus","unknown","Nestling",0,"Spring","nest-related","Non-selasphorus spp.","3935_ANHU","Selasphorus",2010-04-28
"227","9/5/2016","Died","malibu","Yes","Selasphorus","Male","adult-like",1,"Fall","window hit","Selasphorus spp.","6802_ALHU","Selasphorus",2016-09-05
"228","6/29/2016","Released","Santa Barbara","No","ANHU","Female-like ","adult-like",0,"Summer","unknown","Non-selasphorus spp.","6897_ANHU","Non-Selasphorus",2016-06-29
"229","5/9/2014","Died","Lindsey","No","ANHU","Female-like ","adult-like",0,"Spring","unknown","Non-selasphorus spp.","4996_ANHU","Non-Selasphorus",2014-05-09
"230","3/2/1994","Died","Lindsey","Yes","ANHU","Female-like ","adult-like",0,"Spring","found on the ground","Non-selasphorus spp.","579_ANHU","Non-Selasphorus",1994-03-02
"231","6/10/2014","Died","malibu","No","Selasphorus","Female-like ","adult-like",0,"Summer","unknown","Selasphorus spp.","6288_ALHU","Selasphorus",2014-06-10
"232","2/23/2013","Died","Lindsey","No","Non-selasphorus","unknown","Nestling",0,"Winter","nest-related","Non-selasphorus spp.","4615_ANHU","Selasphorus",2013-02-23
"233","6/16/1996","Died","Lindsey","No","ANHU","Female-like ","adult-like",0,"Summer","caught by domestic animal","Non-selasphorus spp.","1080_ANHU","Non-Selasphorus",1996-06-16
"234","1/25/2015","Died","malibu","Yes","Selasphorus","Female-like ","adult-like",0,"Winter","found on the ground","Selasphorus spp.","6343_ALHU","Selasphorus",2015-01-25
"235","3/27/2015","Died","malibu","Yes","Selasphorus","unknown","Nestling",2,"Spring","nest-related","Selasphorus spp.","6375_ALHU","Selasphorus",2015-03-27
"236","12/19/2006","Died","Lindsey","No","ANHU","Female-like ","adult-like",1,"Winter","found on the ground","Non-selasphorus spp.","3182_ANHU","Non-Selasphorus",2006-12-19
"237","3/18/1993","Released","Lindsey","No","ANHU","Female-like ","adult-like",0,"Spring","window hit","Non-selasphorus spp.","401_ANHU","Non-Selasphorus",1993-03-18
"238","6/13/2014","Released","malibu","Yes","Selasphorus","Female-like ","adult-like",0,"Summer","found on the ground","Selasphorus spp.","6137_ALHU","Selasphorus",2014-06-13
"239","5/19/1995","Released","Lindsey","No","ANHU","Female-like ","adult-like",0,"Spring","found on the ground","Non-selasphorus spp.","846_ANHU","Non-Selasphorus",1995-05-19
"240","3/24/1991","Died","Lindsey","No","Non-selasphorus","unknown","Nestling",0,"Spring","nest-related","Non-selasphorus spp.","41_ANHU","Selasphorus",1991-03-24
"241","2/2/2013","Died","malibu","No","ANHU","Female-like ","adult-like",1,"Winter","unknown","Non-selasphorus spp.","5735_ANHU","Non-Selasphorus",2013-02-02
"242","6/1/1996","Released","Lindsey","No","Non-selasphorus","unknown","Nestling",0,"Summer","nest-related","Non-selasphorus spp.","1063_ANHU","Selasphorus",1996-06-01
"243","7/14/2012","Died","Lindsey","No","ANHU","Female-like ","adult-like",0,"Summer","caught by domestic animal","Non-selasphorus spp.","4527_ANHU","Non-Selasphorus",2012-07-14
"244","3/24/1999","Released","Lindsey","No","Non-selasphorus","unknown","Nestling",0,"Spring","nest-related","Non-selasphorus spp.","1563_ANHU","Selasphorus",1999-03-24
"245","7/29/2016","Died","malibu","Yes","Selasphorus","Female-like ","adult-like",0,"Summer","window hit","Selasphorus spp.","6767_ALHU","Selasphorus",2016-07-29
"246","5/26/2011","Released","Lindsey","No","Non-selasphorus","unknown","Nestling",0,"Spring","nest-related","Non-selasphorus spp.","4218_ANHU","Selasphorus",2011-05-26
"247","3/25/2006","Died","Lindsey","No","ANHU","Female-like ","adult-like",0,"Spring","found on the ground","Non-selasphorus spp.","3038_ANHU","Non-Selasphorus",2006-03-25
"248","4/30/1993","Died","Lindsey","No","ANHU","Female-like ","adult-like",0,"Spring","found on the ground","Non-selasphorus spp.","457_ANHU","Non-Selasphorus",1993-04-30
"249","4/1/2005","Released","Lindsey","Yes","ANHU","Female-like ","adult-like",0,"Spring","found on the ground","Non-selasphorus spp.","2838_ANHU","Non-Selasphorus",2005-04-01
"250","5/17/2014","Died","Lindsey","No","ANHU","Female-like ","adult-like",0,"Spring","unknown","Non-selasphorus spp.","5006_ANHU","Non-Selasphorus",2014-05-17
"251","10/18/2013","Died","Lindsey","No","ANHU","Male","adult-like",0,"Fall","caught by domestic animal","Non-selasphorus spp.","4818_ANHU","Non-Selasphorus",2013-10-18
"252","8/22/2007","Died","Lindsey","No","ANHU","Female-like ","adult-like",0,"Summer","caught by domestic animal","Non-selasphorus spp.","3364_ANHU","Non-Selasphorus",2007-08-22
"253","3/21/2010","Died","Lindsey","Yes","ANHU","Male","adult-like",0,"Spring","found on the ground","Non-selasphorus spp.","3890_ANHU","Non-Selasphorus",2010-03-21
"254","4/6/2003","Released","Lindsey","Yes","ANHU","Female-like ","adult-like",1,"Spring","found inside","Non-selasphorus spp.","2440_ANHU","Non-Selasphorus",2003-04-06
"255","7/2/2007","Died","Lindsey","No","ANHU","Female-like ","adult-like",0,"Summer","found on the ground","Non-selasphorus spp.","3342_ANHU","Non-Selasphorus",2007-07-02
"256","6/23/1995","Released","Lindsey","No","Non-selasphorus","unknown","Nestling",0,"Summer","nest-related","Non-selasphorus spp.","881_ANHU","Selasphorus",1995-06-23
"257","7/9/1997","Died","Lindsey","Yes","ANHU","Female-like ","adult-like",0,"Summer","unknown","Non-selasphorus spp.","1285_ANHU","Non-Selasphorus",1997-07-09
"258","5/9/2014","Died","Lindsey","Yes","ANHU","Male","adult-like",0,"Spring","found on the ground","Non-selasphorus spp.","4991_ANHU","Non-Selasphorus",2014-05-09
"259","6/26/2003","Died","Lindsey","Yes","Non-selasphorus","unknown","Nestling",0,"Summer","nest-related","Non-selasphorus spp.","2526_ANHU","Selasphorus",2003-06-26
"260","3/24/2011","Died","Lindsey","No","ANHU","Female-like ","adult-like",0,"Spring","suspect torpor-like state","Non-selasphorus spp.","4138_ANHU","Non-Selasphorus",2011-03-24
"261","5/23/2012","Released","Lindsey","No","ANHU","Female-like ","adult-like",0,"Spring","found on the ground","Non-selasphorus spp.","4477_ANHU","Non-Selasphorus",2012-05-23
"262","7/19/1996","Released","Lindsey","Yes","Selasphorus","unknown","Nestling",0,"Summer","unknown","Selasphorus spp.","1105_ALHU","Selasphorus",1996-07-19
"263","4/6/2016","Died","Lindsey","No","ANHU","Female-like ","adult-like",0,"Spring","found on the ground","Non-selasphorus spp.","5565_ANHU","Non-Selasphorus",2016-04-06
"264","7/1/2016","Released","Lindsey","Yes","ANHU","Female-like ","adult-like",0,"Summer","nest-related","Non-selasphorus spp.","5668_ANHU","Non-Selasphorus",2016-07-01
"265","6/26/2016","Released","Lindsey","No","ANHU","Female-like ","adult-like",0,"Summer","nest-related","Non-selasphorus spp.","5664_ANHU","Non-Selasphorus",2016-06-26
"266","6/6/2007","Released","Lindsey","No","Non-selasphorus","unknown","Nestling",0,"Summer","found on the ground","Non-selasphorus spp.","3310_ANHU","Selasphorus",2007-06-06
"267","3/30/1998","Released","Lindsey","No","Selasphorus","Female-like ","adult-like",0,"Spring","window hit","Selasphorus spp.","1363_ALHU","Selasphorus",1998-03-30
"268","6/7/1992","Died","Lindsey","No","Selasphorus","unknown","Nestling",1,"Summer","nest-related","Selasphorus spp.","307_ALHU","Selasphorus",1992-06-07
"269","3/21/2009","Released","Lindsey","No","ANHU","Female-like ","adult-like",0,"Spring","found on the ground","Non-selasphorus spp.","3655_ANHU","Non-Selasphorus",2009-03-21
"270","1/21/2016","Released","malibu","No","ANHU","Female-like ","adult-like",2,"Winter","caught by domestic animal","Non-selasphorus spp.","6621_ANHU","Non-Selasphorus",2016-01-21
"271","6/8/1997","Died","Lindsey","Yes","Selasphorus","Female-like ","adult-like",0,"Summer","found on the ground","Selasphorus spp.","1257_ALHU","Selasphorus",1997-06-08
"272","2/26/2009","Released","Lindsey","No","ANHU","Female-like ","adult-like",0,"Winter","window hit","Non-selasphorus spp.","3630_ANHU","Non-Selasphorus",2009-02-26
"273","5/29/2005","Released","Lindsey","No","ANHU","Female-like ","adult-like",0,"Spring","caught by domestic animal","Non-selasphorus spp.","2897_ANHU","Non-Selasphorus",2005-05-29
"274","6/1/1992","Died","Lindsey","No","ANHU","Female-like ","adult-like",0,"Summer","found on the ground","Non-selasphorus spp.","297_ANHU","Non-Selasphorus",1992-06-01
"275","1/14/2013","Released","Lindsey","Yes","ANHU","Female-like ","adult-like",1,"Winter","found on the ground","Non-selasphorus spp.","4593_ANHU","Non-Selasphorus",2013-01-14
"276","5/26/2006","Released","Lindsey","No","ANHU","Female-like ","adult-like",0,"Spring","found on the ground","Non-selasphorus spp.","3097_ANHU","Non-Selasphorus",2006-05-26
"277","5/26/2010","Died","Lindsey","Yes","ANHU","Female-like ","adult-like",1,"Spring","found on the ground","Non-selasphorus spp.","3966_ANHU","Non-Selasphorus",2010-05-26
"278","3/18/1992","Released","Lindsey","No","ANHU","Female-like ","adult-like",0,"Spring","found on the ground","Non-selasphorus spp.","221_ANHU","Non-Selasphorus",1992-03-18
"279","2/19/2004","Released","Lindsey","Yes","Non-selasphorus","unknown","Nestling",0,"Winter","found on the ground","Non-selasphorus spp.","2614_ANHU","Selasphorus",2004-02-19
"280","5/28/1994","Released","Lindsey","No","Non-selasphorus","unknown","Nestling",0,"Spring","found on the ground","Non-selasphorus spp.","654_ANHU","Selasphorus",1994-05-28
"281","7/26/2006","Died","Lindsey","Yes","ANHU","Female-like ","adult-like",0,"Summer","found on the ground","Non-selasphorus spp.","3145_ANHU","Non-Selasphorus",2006-07-26
"282","6/4/2015","Died","malibu","No","Selasphorus","unknown","Nestling",0,"Summer","nest-related","Selasphorus spp.","6447_ALHU","Selasphorus",2015-06-04
"283","4/30/2003","Died","Lindsey","No","Non-selasphorus","unknown","adult-like",1,"Spring","found on the ground","Non-selasphorus spp.","2467_COHU","Selasphorus",2003-04-30
"284","5/23/1995","Released","Lindsey","No","ANHU","Female-like ","adult-like",0,"Spring","found on the ground","Non-selasphorus spp.","847_ANHU","Non-Selasphorus",1995-05-23
"285","2/19/2013","Died","Lindsey","No","ANHU","Male","adult-like",1,"Winter","found on the ground","Non-selasphorus spp.","4609_ANHU","Non-Selasphorus",2013-02-19
"286","4/18/1991","Died","Lindsey","Yes","ANHU","Female-like ","adult-like",0,"Spring","caught by domestic animal","Non-selasphorus spp.","76_ANHU","Non-Selasphorus",1991-04-18
"287","5/21/1993","Died","Lindsey","No","Non-selasphorus","unknown","Nestling",0,"Spring","nest-related","Non-selasphorus spp.","474_ANHU","Selasphorus",1993-05-21
"288","4/19/2007","Died","Lindsey","No","ANHU","Female-like ","adult-like",0,"Spring","window hit","Non-selasphorus spp.","3260_ANHU","Non-Selasphorus",2007-04-19
"289","6/9/2015","Died","Lindsey","No","Non-selasphorus","unknown","Nestling",0,"Summer","found on the ground","Non-selasphorus spp.","5370_ANHU","Selasphorus",2015-06-09
"290","5/11/2004","Died","Lindsey","No","ANHU","Female-like ","adult-like",0,"Spring","found on the ground","Non-selasphorus spp.","2689_ANHU","Non-Selasphorus",2004-05-11
"291","3/24/2001","Died","Lindsey","No","ANHU","Female-like ","adult-like",0,"Spring","found on the ground","Non-selasphorus spp.","1999_ANHU","Non-Selasphorus",2001-03-24
"292","9/14/2003","Died","Lindsey","No","ANHU","Female-like ","adult-like",0,"Fall","found on the ground","Non-selasphorus spp.","2566_ANHU","Non-Selasphorus",2003-09-14
"293","6/14/1997","Died","Lindsey","Yes","ANHU","Female-like ","adult-like",1,"Summer","nest-related","Non-selasphorus spp.","1264_ANHU","Non-Selasphorus",1997-06-14
"294","9/13/2014","Died","Lindsey","No","Selasphorus","Female-like ","adult-like",0,"Fall","found on the ground","Selasphorus spp.","5106_RUHU","Selasphorus",2014-09-13
"295","6/22/2012","Released","malibu","No","Selasphorus","Female-like ","adult-like",-365,"Summer","unknown","Selasphorus spp.","6003_ALHU","Selasphorus",2012-06-22
"296","6/4/2014","Released","malibu","No","Selasphorus","Female-like ","adult-like",0,"Summer","unknown","Selasphorus spp.","6257_ALHU","Selasphorus",2014-06-04
"297","6/11/1997","Died","Lindsey","No","Non-selasphorus","unknown","Nestling",0,"Summer","nest-related","Non-selasphorus spp.","1260_ANHU","Selasphorus",1997-06-11
"298","4/21/1997","Died","Lindsey","No","ANHU","Female-like ","adult-like",0,"Spring","found on the ground","Non-selasphorus spp.","1214_ANHU","Non-Selasphorus",1997-04-21
"299","2/15/2014","Died","malibu","Yes","Selasphorus","Female-like ","adult-like",0,"Winter","found on the ground","Selasphorus spp.","6042_ALHU","Selasphorus",2014-02-15
"300","2/20/2014","Died","Lindsey","No","ANHU","Male","adult-like",0,"Winter","found on the ground","Non-selasphorus spp.","4879_ANHU","Non-Selasphorus",2014-02-20
"301","12/8/2013","Died","Lindsey","No","ANHU","Male","adult-like",0,"Winter","found on the ground","Non-selasphorus spp.","4841_ANHU","Non-Selasphorus",2013-12-08
"302","2/25/2016","Released","malibu","Yes","Selasphorus","Male","adult-like",0,"Winter","found on the ground","Selasphorus spp.","6629_ALHU","Selasphorus",2016-02-25
"303","3/19/2002","Released","Lindsey","Yes","ANHU","Female-like ","adult-like",0,"Spring","found on the ground","Non-selasphorus spp.","2178_ANHU","Non-Selasphorus",2002-03-19
"304","5/23/2001","Died","Lindsey","No","ANHU","Female-like ","adult-like",0,"Spring","found on the ground","Non-selasphorus spp.","2047_ANHU","Non-Selasphorus",2001-05-23
"305","5/14/1994","Died","Lindsey","No","Selasphorus","Female-like ","adult-like",0,"Spring","found on the ground","Selasphorus spp.","642_ALHU","Selasphorus",1994-05-14
"306","11/6/2011","Died","Lindsey","Yes","ANHU","Male","adult-like",0,"Fall","suspect torpor-like state","Non-selasphorus spp.","4320_ANHU","Non-Selasphorus",2011-11-06
"307","2/25/1995","Released","Lindsey","Yes","Non-selasphorus","unknown","Nestling",1,"Winter","nest-related","Non-selasphorus spp.","758_ANHU","Selasphorus",1995-02-25
"308","6/21/2005","Died","Lindsey","Yes","ANHU","Female-like ","adult-like",0,"Summer","nest-related","Non-selasphorus spp.","2927_ANHU","Non-Selasphorus",2005-06-21
"309","5/17/1992","Died","Lindsey","Yes","Non-selasphorus","unknown","Nestling",1,"Spring","nest-related","Non-selasphorus spp.","282_ANHU","Selasphorus",1992-05-17
"310","3/24/1996","Released","Lindsey","No","ANHU","Female-like ","adult-like",0,"Spring","caught by domestic animal","Non-selasphorus spp.","991_ANHU","Non-Selasphorus",1996-03-24
"311","3/21/1993","Released","Lindsey","No","Non-selasphorus","unknown","Nestling",0,"Spring","found on the ground","Non-selasphorus spp.","408_ANHU","Selasphorus",1993-03-21
"312","5/24/2002","Released","Lindsey","Yes","ANHU","Female-like ","adult-like",0,"Spring","found on the ground","Non-selasphorus spp.","2255_ANHU","Non-Selasphorus",2002-05-24
"313","4/29/2014","Released","malibu","Yes","Selasphorus","unknown","Nestling",0,"Spring","caught by domestic animal","Selasphorus spp.","6111_ALHU","Selasphorus",2014-04-29
"314","6/13/1995","Died","Lindsey","No","Non-selasphorus","unknown","Nestling",0,"Summer","found on the ground","Non-selasphorus spp.","866_ANHU","Selasphorus",1995-06-13
"315","3/29/2013","Died","Lindsey","No","Selasphorus","Male","adult-like",0,"Spring","found on the ground","Selasphorus spp.","4666_ALHU","Selasphorus",2013-03-29
"316","3/1/2006","Died","Lindsey","No","ANHU","Female-like ","adult-like",0,"Spring","found on the ground","Non-selasphorus spp.","3016_ANHU","Non-Selasphorus",2006-03-01
"317","5/17/2005","Released","Lindsey","No","Non-selasphorus","unknown","Nestling",0,"Spring","caught by domestic animal","Non-selasphorus spp.","2881_ANHU","Selasphorus",2005-05-17
"318","8/31/2015","Died","malibu","No","Selasphorus","Female-like ","adult-like",0,"Summer","unknown","Selasphorus spp.","6576_ALHU","Selasphorus",2015-08-31
"319","6/15/1998","Died","Lindsey","No","Non-selasphorus","unknown","Nestling",0,"Summer","nest-related","Non-selasphorus spp.","1440_ANHU","Selasphorus",1998-06-15
"320","3/3/2004","Died","Lindsey","No","ANHU","Female-like ","adult-like",0,"Spring","found on the ground","Non-selasphorus spp.","2626_ANHU","Non-Selasphorus",2004-03-03
"321","6/13/1994","Died","Lindsey","No","ANHU","Female-like ","adult-like",1,"Summer","caught by domestic animal","Non-selasphorus spp.","673_ANHU","Non-Selasphorus",1994-06-13
"322","6/23/2002","Released","Lindsey","No","Non-selasphorus","unknown","Nestling",0,"Summer","found on the ground","Non-selasphorus spp.","2283_ANHU","Selasphorus",2002-06-23
"323","3/13/2001","Released","Lindsey","No","ANHU","Female-like ","adult-like",0,"Spring","caught by domestic animal","Non-selasphorus spp.","1985_ANHU","Non-Selasphorus",2001-03-13
"324","6/10/2003","Released","Lindsey","Yes","Non-selasphorus","unknown","Nestling",0,"Summer","found on the ground","Non-selasphorus spp.","2507_ANHU","Selasphorus",2003-06-10
"325","1/21/1991","Died","Lindsey","No","ANHU","Female-like ","adult-like",0,"Winter","window hit","Non-selasphorus spp.","13_ANHU","Non-Selasphorus",1991-01-21
"326","4/17/2007","Released","Lindsey","Yes","ANHU","Female-like ","adult-like",0,"Spring","nest-related","Non-selasphorus spp.","3258_ANHU","Non-Selasphorus",2007-04-17
"327","6/3/2013","Released","malibu","No","ANHU","Female-like ","adult-like",0,"Summer","unknown","Non-selasphorus spp.","5830_ANHU","Non-Selasphorus",2013-06-03
"328","4/5/2014","Died","malibu","No","Selasphorus","unknown","Nestling",0,"Spring","nest-related","Selasphorus spp.","6082_ALHU","Selasphorus",2014-04-05
"329","6/18/1993","Released","Lindsey","No","ANHU","Female-like ","adult-like",0,"Summer","found on the ground","Non-selasphorus spp.","496_ANHU","Non-Selasphorus",1993-06-18
"330","8/5/2016","Released","Santa Barbara","No","ANHU","Female-like ","adult-like",0,"Summer","found on the ground","Non-selasphorus spp.","6913_ANHU","Non-Selasphorus",2016-08-05
"331","3/8/2010","Died","Lindsey","No","Non-selasphorus","unknown","Nestling",0,"Spring","found on the ground","Non-selasphorus spp.","3882_ANHU","Selasphorus",2010-03-08
"332","4/6/1999","Died","Lindsey","Yes","Non-selasphorus","unknown","Nestling",0,"Spring","unknown","Non-selasphorus spp.","1579_ANHU","Selasphorus",1999-04-06
"333","5/24/2014","Released","Lindsey","Yes","ANHU","Male","adult-like",0,"Spring","found on the ground","Non-selasphorus spp.","5012_ANHU","Non-Selasphorus",2014-05-24
"334","6/1/1994","Died","Lindsey","No","Non-selasphorus","unknown","Nestling",0,"Summer","nest-related","Non-selasphorus spp.","658_ANHU","Selasphorus",1994-06-01
"335","3/25/2016","Died","malibu","No","Selasphorus","Female-like ","adult-like",0,"Spring","unknown","Selasphorus spp.","6687_ALHU","Selasphorus",2016-03-25
"336","3/9/2005","Released","Lindsey","Yes","ANHU","Female-like ","adult-like",0,"Spring","found on the ground","Non-selasphorus spp.","2814_ANHU","Non-Selasphorus",2005-03-09
"337","2/14/1995","Died","Lindsey","No","Non-selasphorus","unknown","Nestling",0,"Winter","nest-related","Non-selasphorus spp.","752_ANHU","Selasphorus",1995-02-14
"338","5/5/2004","Died","Lindsey","Yes","Non-selasphorus","unknown","Nestling",0,"Spring","found on the ground","Non-selasphorus spp.","2685_ANHU","Selasphorus",2004-05-05
"339","6/15/2015","Died","Lindsey","No","ANHU","Male","adult-like",0,"Summer","found on the ground","Non-selasphorus spp.","5384_ANHU","Non-Selasphorus",2015-06-15
"340","10/9/2016","Died","Lindsey","No","ANHU","Male","adult-like",0,"Fall","found on the ground","Non-selasphorus spp.","5720_ANHU","Non-Selasphorus",2016-10-09
"341","4/11/2015","Released","Lindsey","Yes","Non-selasphorus","unknown","Nestling",0,"Spring","nest-related","Non-selasphorus spp.","5261_ANHU","Selasphorus",2015-04-11
"342","6/4/2016","Died","malibu","No","Selasphorus","Female-like ","adult-like",0,"Summer","found on the ground","Selasphorus spp.","6746_ALHU","Selasphorus",2016-06-04
"343","4/27/1992","Died","Lindsey","No","ANHU","Female-like ","adult-like",0,"Spring","window hit","Non-selasphorus spp.","267_ANHU","Non-Selasphorus",1992-04-27
"344","6/18/2010","Released","Lindsey","Yes","Non-selasphorus","unknown","Nestling",1,"Summer","found on the ground","Non-selasphorus spp.","3992_ANHU","Selasphorus",2010-06-18
"345","4/29/1991","Died","Lindsey","No","ANHU","Female-like ","adult-like",0,"Spring","unknown","Non-selasphorus spp.","161_ANHU","Non-Selasphorus",1991-04-29
"346","7/22/2010","Died","Lindsey","No","ANHU","Male","adult-like",0,"Summer","unknown","Non-selasphorus spp.","4032_ANHU","Non-Selasphorus",2010-07-22
"347","5/24/1991","Released","Lindsey","Yes","ANHU","Female-like ","adult-like",0,"Spring","suspect torpor-like state","Non-selasphorus spp.","162_ANHU","Non-Selasphorus",1991-05-24
"348","12/27/1993","Died","Lindsey","Yes","ANHU","Female-like ","adult-like",0,"Winter","unknown","Non-selasphorus spp.","562_ANHU","Non-Selasphorus",1993-12-27
"349","4/17/2004","Died","Lindsey","No","ANHU","Female-like ","adult-like",0,"Spring","found on the ground","Non-selasphorus spp.","2661_ANHU","Non-Selasphorus",2004-04-17
"350","6/21/2000","Released","Lindsey","Yes","ANHU","Female-like ","adult-like",0,"Summer","found on the ground","Non-selasphorus spp.","1864_ANHU","Non-Selasphorus",2000-06-21
"351","2/20/1998","Died","Lindsey","No","ANHU","Female-like ","adult-like",0,"Winter","caught by domestic animal","Non-selasphorus spp.","1338_ANHU","Non-Selasphorus",1998-02-20
"352","8/11/2010","Released","Lindsey","Yes","ANHU","Female-like ","adult-like",0,"Summer","caught by domestic animal","Non-selasphorus spp.","4050_ANHU","Non-Selasphorus",2010-08-11
"353","5/27/2013","Died","Lindsey","Yes","Selasphorus","unknown","Nestling",2,"Spring","nest-related","Selasphorus spp.","4735_ALHU","Selasphorus",2013-05-27
"354","10/10/1995","Died","Lindsey","No","ANHU","Female-like ","adult-like",0,"Fall","found inside","Non-selasphorus spp.","929_ANHU","Non-Selasphorus",1995-10-10
"355","4/2/2010","Died","Lindsey","No","ANHU","Female-like ","adult-like",1,"Spring","found on the ground","Non-selasphorus spp.","3903_ANHU","Non-Selasphorus",2010-04-02
"356","3/11/1997","Released","Lindsey","Yes","ANHU","Female-like ","adult-like",0,"Spring","nest-related","Non-selasphorus spp.","1171_ANHU","Non-Selasphorus",1997-03-11
"357","6/24/2010","Released","Lindsey","Yes","Non-selasphorus","unknown","Nestling",0,"Summer","nest-related","Non-selasphorus spp.","4001_ANHU","Selasphorus",2010-06-24
"358","9/7/2013","Released","Lindsey","No","ANHU","Male","adult-like",0,"Fall","found on the ground","Non-selasphorus spp.","4812_ANHU","Non-Selasphorus",2013-09-07
"359","10/20/2008","Died","Lindsey","No","ANHU","Female-like ","adult-like",0,"Fall","caught by domestic animal","Non-selasphorus spp.","3582_ANHU","Non-Selasphorus",2008-10-20
"360","10/25/2008","Released","Lindsey","No","ANHU","Male","adult-like",0,"Fall","found on the ground","Non-selasphorus spp.","3583_ANHU","Non-Selasphorus",2008-10-25
"361","4/18/2012","Died","Lindsey","No","Non-selasphorus","unknown","Nestling",0,"Spring","found on the ground","Non-selasphorus spp.","4438_ANHU","Selasphorus",2012-04-18
"362","3/28/2005","Died","Lindsey","Yes","ANHU","Female-like ","adult-like",0,"Spring","found on the ground","Non-selasphorus spp.","2830_ANHU","Non-Selasphorus",2005-03-28
"363","3/25/1995","Died","Lindsey","No","ANHU","Female-like ","adult-like",0,"Spring","window hit","Non-selasphorus spp.","795_ANHU","Non-Selasphorus",1995-03-25
"364","3/11/2006","Released","Lindsey","No","Non-selasphorus","unknown","Nestling",1,"Spring","unknown","Non-selasphorus spp.","3022_ANHU","Selasphorus",2006-03-11
"365","10/9/2010","Died","Lindsey","Yes","ANHU","Female-like ","adult-like",0,"Fall","found inside","Non-selasphorus spp.","4064_ANHU","Non-Selasphorus",2010-10-09
"366","5/1/2015","Died","Lindsey","No","ANHU","Female-like ","adult-like",1,"Spring","found on the ground","Non-selasphorus spp.","5303_ANHU","Non-Selasphorus",2015-05-01
"367","3/25/2006","Died","Lindsey","Yes","ANHU","Female-like ","adult-like",0,"Spring","caught by domestic animal","Non-selasphorus spp.","3036_ANHU","Non-Selasphorus",2006-03-25
"368","7/2/2002","Released","Lindsey","Yes","Non-selasphorus","unknown","Nestling",4,"Summer","nest-related","Non-selasphorus spp.","2298_ANHU","Selasphorus",2002-07-02
"369","4/20/2006","Released","Lindsey","No","Selasphorus","Female-like ","adult-like",0,"Spring","caught by domestic animal","Selasphorus spp.","3065_ALHU","Selasphorus",2006-04-20
"370","7/4/2013","Released","Lindsey","No","ANHU","Female-like ","adult-like",0,"Summer","found on the ground","Non-selasphorus spp.","4784_ANHU","Non-Selasphorus",2013-07-04
"371","4/7/2016","Died","Santa Barbara","No","ANHU","Female-like ","adult-like",0,"Spring","found on the ground","Non-selasphorus spp.","6862_ANHU","Non-Selasphorus",2016-04-07
"372","3/28/2009","Released","Lindsey","No","Non-selasphorus","unknown","Nestling",0,"Spring","nest-related","Non-selasphorus spp.","3664_ANHU","Selasphorus",2009-03-28
"373","3/2/1998","Released","Lindsey","Yes","ANHU","Female-like ","adult-like",0,"Spring","caught by domestic animal","Non-selasphorus spp.","1350_ANHU","Non-Selasphorus",1998-03-02
"374","5/21/1998","Died","Lindsey","No","ANHU","Female-like ","adult-like",0,"Spring","found on the ground","Non-selasphorus spp.","1423_ANHU","Non-Selasphorus",1998-05-21
"375","4/15/2002","Died","Lindsey","Yes","ANHU","Female-like ","adult-like",0,"Spring","found on the ground","Non-selasphorus spp.","2217_ANHU","Non-Selasphorus",2002-04-15
"376","11/1/2014","Died","malibu","No","ANHU","Female-like ","adult-like",0,"Fall","unknown","Non-selasphorus spp.","6325_ANHU","Non-Selasphorus",2014-11-01
"377","6/5/2013","Died","malibu","Yes","Selasphorus","Female-like ","adult-like",1,"Summer","caught by domestic animal","Selasphorus spp.","5836_ALHU","Selasphorus",2013-06-05
"378","5/15/2016","Died","Lindsey","No","ANHU","Female-like ","adult-like",0,"Spring","found on the ground","Non-selasphorus spp.","5607_ANHU","Non-Selasphorus",2016-05-15
"379","6/15/1995","Released","Lindsey","No","Selasphorus","unknown","Nestling",0,"Summer","found on the ground","Selasphorus spp.","869_ALHU","Selasphorus",1995-06-15
"380","8/29/1995","Released","Lindsey","No","ANHU","Female-like ","adult-like",0,"Summer","window hit","Non-selasphorus spp.","919_ANHU","Non-Selasphorus",1995-08-29
"381","6/17/2014","Died","malibu","No","Selasphorus","Female-like ","adult-like",1,"Summer","unknown","Selasphorus spp.","6307_ALHU","Selasphorus",2014-06-17
"382","1/31/1995","Released","Lindsey","No","ANHU","Female-like ","adult-like",0,"Winter","found inside","Non-selasphorus spp.","746_ANHU","Non-Selasphorus",1995-01-31
"383","4/24/1991","Died","Lindsey","No","Selasphorus","Female-like ","adult-like",0,"Spring","unknown","Selasphorus spp.","81_ALHU","Selasphorus",1991-04-24
"384","5/7/1994","Died","Lindsey","Yes","ANHU","Female-like ","adult-like",0,"Spring","caught by domestic animal","Non-selasphorus spp.","637_ANHU","Non-Selasphorus",1994-05-07
"385","2/12/2009","Died","Lindsey","No","ANHU","Female-like ","adult-like",0,"Winter","found on the ground","Non-selasphorus spp.","3616_ANHU","Non-Selasphorus",2009-02-12
"386","3/19/2014","Released","malibu","Yes","Selasphorus","unknown","Nestling",0,"Spring","found on the ground","Selasphorus spp.","6189_ALHU","Selasphorus",2014-03-19
"387","11/9/1999","Died","Lindsey","Yes","ANHU","Female-like ","adult-like",1,"Fall","window hit","Non-selasphorus spp.","1720_ANHU","Non-Selasphorus",1999-11-09
"388","4/3/1996","Died","Lindsey","No","ANHU","Female-like ","adult-like",0,"Spring","found on the ground","Non-selasphorus spp.","1008_ANHU","Non-Selasphorus",1996-04-03
"389","6/21/1996","Died","Lindsey","No","ANHU","Female-like ","adult-like",0,"Summer","found on the ground","Non-selasphorus spp.","1084_ANHU","Non-Selasphorus",1996-06-21
"390","4/5/2001","Released","Lindsey","No","ANHU","Female-like ","adult-like",0,"Spring","found on the ground","Non-selasphorus spp.","2012_ANHU","Non-Selasphorus",2001-04-05
"391","9/14/2006","Died","Lindsey","Yes","ANHU","Female-like ","adult-like",0,"Fall","caught by domestic animal","Non-selasphorus spp.","3155_ANHU","Non-Selasphorus",2006-09-14
"392","10/11/2009","Died","Lindsey","No","ANHU","Female-like ","adult-like",0,"Fall","caught by domestic animal","Non-selasphorus spp.","3821_ANHU","Non-Selasphorus",2009-10-11
"393","3/23/2013","Died","malibu","No","ANHU","Female-like ","adult-like",0,"Spring","unknown","Non-selasphorus spp.","5759_ANHU","Non-Selasphorus",2013-03-23
"394","8/24/2008","Died","Lindsey","Yes","Selasphorus","Female-like ","adult-like",1,"Summer","caught by domestic animal","Selasphorus spp.","3566_ALHU","Selasphorus",2008-08-24
"395","3/11/2014","Released","malibu","Yes","Selasphorus","unknown","Nestling",0,"Spring","nest-related","Selasphorus spp.","6058_ALHU","Selasphorus",2014-03-11
"396","7/9/2014","Released","malibu","No","Selasphorus","Female-like ","adult-like",0,"Summer","unknown","Selasphorus spp.","6328_ALHU","Selasphorus",2014-07-09
"397","3/20/1993","Released","Lindsey","Yes","ANHU","Female-like ","adult-like",1,"Spring","found on the ground","Non-selasphorus spp.","404_ANHU","Non-Selasphorus",1993-03-20
"398","4/11/2007","Died","Lindsey","No","ANHU","Female-like ","adult-like",0,"Spring","found on the ground","Non-selasphorus spp.","3249_ANHU","Non-Selasphorus",2007-04-11
"399","4/22/2005","Died","Lindsey","No","ANHU","Female-like ","adult-like",1,"Spring","caught by domestic animal","Non-selasphorus spp.","2860_ANHU","Non-Selasphorus",2005-04-22
"400","1/10/2014","Died","malibu","Yes","Selasphorus","Female-like ","adult-like",0,"Winter","found on the ground","Selasphorus spp.","6029_ALHU","Selasphorus",2014-01-10
"401","6/5/2013","Released","Lindsey","No","Non-selasphorus","unknown","Nestling",0,"Summer","unknown","Non-selasphorus spp.","4746_ANHU","Selasphorus",2013-06-05
"402","5/20/2009","Released","Lindsey","Yes","ANHU","Female-like ","adult-like",0,"Spring","unknown","Non-selasphorus spp.","3736_ANHU","Non-Selasphorus",2009-05-20
"403","4/14/1999","Released","Lindsey","Yes","Non-selasphorus","unknown","Nestling",1,"Spring","found on the ground","Non-selasphorus spp.","1592_ANHU","Selasphorus",1999-04-14
"404","1/15/1999","Died","Lindsey","No","ANHU","Female-like ","adult-like",0,"Winter","found on the ground","Non-selasphorus spp.","1530_ANHU","Non-Selasphorus",1999-01-15
"405","4/6/2003","Died","Lindsey","No","ANHU","Female-like ","adult-like",0,"Spring","found on the ground","Non-selasphorus spp.","2443_ANHU","Non-Selasphorus",2003-04-06
"406","3/5/2013","Died","Lindsey","Yes","ANHU","Male","adult-like",1,"Spring","found on the ground","Non-selasphorus spp.","4627_ANHU","Non-Selasphorus",2013-03-05
"407","2/10/2012","Died","Lindsey","No","ANHU","Male","adult-like",0,"Winter","window hit","Non-selasphorus spp.","4358_ANHU","Non-Selasphorus",2012-02-10
"408","4/29/2001","Released","Lindsey","Yes","ANHU","Female-like ","adult-like",2,"Spring","found on the ground","Non-selasphorus spp.","2030_ANHU","Non-Selasphorus",2001-04-29
"409","8/4/2011","Released","Lindsey","Yes","ANHU","Male","adult-like",0,"Summer","found on the ground","Non-selasphorus spp.","4288_ANHU","Non-Selasphorus",2011-08-04
"410","6/18/1998","Released","Lindsey","Yes","ANHU","Female-like ","adult-like",0,"Summer","nest-related","Non-selasphorus spp.","1441_ANHU","Non-Selasphorus",1998-06-18
"411","5/17/2006","Died","Lindsey","No","Non-selasphorus","unknown","Nestling",0,"Spring","nest-related","Non-selasphorus spp.","3092_ANHU","Selasphorus",2006-05-17
"412","6/5/2014","Died","malibu","Yes","Selasphorus","unknown","Nestling",0,"Summer","found on the ground","Selasphorus spp.","6129_ALHU","Selasphorus",2014-06-05
"413","1/4/2014","Died","Lindsey","Yes","ANHU","Male","adult-like",0,"Winter","found on the ground","Non-selasphorus spp.","4854_ANHU","Non-Selasphorus",2014-01-04
"414","5/28/2015","Died","malibu","No","Selasphorus","Female-like ","adult-like",0,"Spring","unknown","Selasphorus spp.","6439_ALHU","Selasphorus",2015-05-28
"415","3/29/2016","Died","Lindsey","Yes","ANHU","Male","adult-like",1,"Spring","found on the ground","Non-selasphorus spp.","5553_ANHU","Non-Selasphorus",2016-03-29
"416","12/8/2014","Died","Lindsey","No","ANHU","Male","adult-like",0,"Winter","found on the ground","Non-selasphorus spp.","5136_ANHU","Non-Selasphorus",2014-12-08
"417","1/30/2010","Died","Lindsey","No","ANHU","Male","adult-like",0,"Winter","unknown","Non-selasphorus spp.","3851_ANHU","Non-Selasphorus",2010-01-30
"418","3/8/2007","Released","Lindsey","Yes","ANHU","Female-like ","adult-like",1,"Spring","found on the ground","Non-selasphorus spp.","3215_ANHU","Non-Selasphorus",2007-03-08
"419","8/20/2002","Released","Lindsey","Yes","ANHU","Female-like ","adult-like",0,"Summer","caught by domestic animal","Non-selasphorus spp.","2327_ANHU","Non-Selasphorus",2002-08-20
"420","11/7/2007","Died","Lindsey","No","ANHU","Female-like ","adult-like",0,"Fall","found on the ground","Non-selasphorus spp.","3382_ANHU","Non-Selasphorus",2007-11-07
"421","6/24/2007","Died","Lindsey","No","Non-selasphorus","unknown","Nestling",0,"Summer","found on the ground","Non-selasphorus spp.","3337_ANHU","Selasphorus",2007-06-24
"422","6/11/1993","Released","Lindsey","No","ANHU","Female-like ","adult-like",0,"Summer","unknown","Non-selasphorus spp.","492_ANHU","Non-Selasphorus",1993-06-11
"423","7/12/2013","Released","malibu","No","ANHU","Female-like ","adult-like",1,"Summer","unknown","Non-selasphorus spp.","6018_ANHU","Non-Selasphorus",2013-07-12
"424","6/15/2015","Died","Lindsey","No","ANHU","Female-like ","adult-like",0,"Summer","window hit","Non-selasphorus spp.","5385_ANHU","Non-Selasphorus",2015-06-15
"425","7/30/2016","Died","malibu","Yes","Selasphorus","Female-like ","adult-like",1,"Summer","found on the ground","Selasphorus spp.","6768_RUHU","Selasphorus",2016-07-30
"426","8/1/2000","Died","Lindsey","Yes","ANHU","Female-like ","adult-like",1,"Summer","unknown","Non-selasphorus spp.","1898_ANHU","Non-Selasphorus",2000-08-01
"427","5/1/2015","Died","malibu","Yes","Selasphorus","Female-like ","adult-like",2,"Spring","unknown","Selasphorus spp.","6404_ALHU","Selasphorus",2015-05-01
"428","10/26/1991","Died","Lindsey","No","ANHU","Female-like ","adult-like",0,"Fall","caught by domestic animal","Non-selasphorus spp.","184_ANHU","Non-Selasphorus",1991-10-26
"429","6/18/2004","Released","Lindsey","No","ANHU","Female-like ","adult-like",0,"Summer","found on the ground","Non-selasphorus spp.","2724_ANHU","Non-Selasphorus",2004-06-18
"430","1/21/2016","Died","Santa Barbara","No","ANHU","Female-like ","adult-like",0,"Winter","unknown","Non-selasphorus spp.","6841_ANHU","Non-Selasphorus",2016-01-21
"431","11/5/2013","Released","malibu","Yes","Selasphorus","Female-like ","adult-like",4,"Fall","unknown","Selasphorus spp.","5907_ALHU","Selasphorus",2013-11-05
"432","7/2/2006","Died","Lindsey","Yes","ANHU","Female-like ","adult-like",0,"Summer","found on the ground","Non-selasphorus spp.","3132_ANHU","Non-Selasphorus",2006-07-02
"433","9/19/1994","Died","Lindsey","No","Selasphorus","Female-like ","adult-like",0,"Fall","found on the ground","Selasphorus spp.","727_ALHU","Selasphorus",1994-09-19
"434","6/26/1995","Died","Lindsey","No","ANHU","Female-like ","adult-like",0,"Summer","caught by domestic animal","Non-selasphorus spp.","885_ANHU","Non-Selasphorus",1995-06-26
"435","3/20/2016","Released","Lindsey","Yes","ANHU","Female-like ","adult-like",1,"Spring","found on the ground","Non-selasphorus spp.","5538_ANHU","Non-Selasphorus",2016-03-20
"436","4/29/2000","Died","Lindsey","No","ANHU","Female-like ","adult-like",0,"Spring","found on the ground","Non-selasphorus spp.","1813_ANHU","Non-Selasphorus",2000-04-29
"437","8/8/2011","Died","Lindsey","Yes","ANHU","Female-like ","adult-like",0,"Summer","caught by domestic animal","Non-selasphorus spp.","4291_ANHU","Non-Selasphorus",2011-08-08
"438","8/24/1997","Died","Lindsey","Yes","ANHU","Female-like ","adult-like",0,"Summer","found inside","Non-selasphorus spp.","1302_ANHU","Non-Selasphorus",1997-08-24
"439","6/10/2000","Died","Lindsey","No","ANHU","Female-like ","adult-like",0,"Summer","found on the ground","Non-selasphorus spp.","1851_ANHU","Non-Selasphorus",2000-06-10
"440","5/7/2016","Released","Lindsey","No","ANHU","Female-like ","adult-like",14,"Spring","found on the ground","Non-selasphorus spp.","5597_ANHU","Non-Selasphorus",2016-05-07
"441","1/26/2003","Died","Lindsey","No","ANHU","Female-like ","adult-like",0,"Winter","found on the ground","Non-selasphorus spp.","2370_ANHU","Non-Selasphorus",2003-01-26
"442","9/26/2016","Died","Santa Barbara","No","ANHU","Male","adult-like",0,"Fall","window hit","Non-selasphorus spp.","6927_ANHU","Non-Selasphorus",2016-09-26
"443","6/26/2005","Released","Lindsey","No","Non-selasphorus","unknown","Nestling",0,"Summer","found on the ground","Non-selasphorus spp.","2938_ANHU","Selasphorus",2005-06-26
"444","1/31/2012","Died","Lindsey","Yes","ANHU","Female-like ","adult-like",1,"Winter","window hit","Non-selasphorus spp.","4354_ANHU","Non-Selasphorus",2012-01-31
"445","6/9/1999","Died","Lindsey","No","Non-selasphorus","unknown","Nestling",1,"Summer","found on the ground","Non-selasphorus spp.","1649_ANHU","Selasphorus",1999-06-09
"446","7/2/2001","Died","Lindsey","No","ANHU","Female-like ","adult-like",0,"Summer","caught by domestic animal","Non-selasphorus spp.","2084_ANHU","Non-Selasphorus",2001-07-02
"447","2/21/2014","Released","malibu","Yes","Non-selasphorus","unknown","Nestling",1,"Winter","found on the ground","Non-selasphorus spp.","6045_ANHU","Selasphorus",2014-02-21
"448","3/24/2014","Died","Lindsey","Yes","ANHU","Male","adult-like",3,"Spring","nest-related","Non-selasphorus spp.","4918_ANHU","Non-Selasphorus",2014-03-24
"449","3/21/2014","Released","Lindsey","No","Non-selasphorus","unknown","Nestling",0,"Spring","nest-related","Non-selasphorus spp.","4914_ANHU","Selasphorus",2014-03-21
"450","7/18/2010","Died","Lindsey","Yes","ANHU","Female-like ","adult-like",0,"Summer","nest-related","Non-selasphorus spp.","4024_ANHU","Non-Selasphorus",2010-07-18
"451","3/8/2003","Died","Lindsey","No","ANHU","Female-like ","adult-like",0,"Spring","found on the ground","Non-selasphorus spp.","2404_ANHU","Non-Selasphorus",2003-03-08
"452","2/4/1999","Died","Lindsey","No","ANHU","Female-like ","adult-like",0,"Winter","caught by domestic animal","Non-selasphorus spp.","1537_ANHU","Non-Selasphorus",1999-02-04
"453","5/1/2006","Released","Lindsey","No","ANHU","Female-like ","adult-like",0,"Spring","found on the ground","Non-selasphorus spp.","3081_ANHU","Non-Selasphorus",2006-05-01
"454","2/3/1992","Released","Lindsey","Yes","Non-selasphorus","unknown","Nestling",1,"Winter","found on the ground","Non-selasphorus spp.","203_ANHU","Selasphorus",1992-02-03
"455","7/31/2003","Died","Lindsey","No","Selasphorus","Female-like ","adult-like",0,"Summer","unknown","Selasphorus spp.","2555_ALHU","Selasphorus",2003-07-31
"456","12/2/2014","Died","malibu","Yes","Selasphorus","Male","adult-like",1,"Winter","found on the ground","Selasphorus spp.","6266_ALHU","Selasphorus",2014-12-02
"457","4/2/2010","Died","Lindsey","Yes","ANHU","Female-like ","adult-like",0,"Spring","found on the ground","Non-selasphorus spp.","3902_ANHU","Non-Selasphorus",2010-04-02
"458","4/15/1998","Died","Lindsey","No","Non-selasphorus","unknown","adult-like",0,"Spring","found on the ground","Non-selasphorus spp.","1385_COHU","Selasphorus",1998-04-15
"459","5/31/2015","Died","malibu","No","Selasphorus","Female-like ","adult-like",0,"Spring","caught by domestic animal","Selasphorus spp.","6443_ALHU","Selasphorus",2015-05-31
"460","1/5/1997","Died","Lindsey","No","ANHU","Female-like ","adult-like",0,"Winter","found on the ground","Non-selasphorus spp.","1144_ANHU","Non-Selasphorus",1997-01-05
"461","4/9/2006","Died","Lindsey","No","ANHU","Female-like ","adult-like",0,"Spring","caught by domestic animal","Non-selasphorus spp.","3054_ANHU","Non-Selasphorus",2006-04-09
"462","9/14/2001","Died","Lindsey","No","Selasphorus","Female-like ","adult-like",0,"Fall","window hit","Selasphorus spp.","2122_ALHU","Selasphorus",2001-09-14
"463","3/9/2000","Died","Lindsey","Yes","ANHU","Female-like ","adult-like",0,"Spring","found on the ground","Non-selasphorus spp.","1760_ANHU","Non-Selasphorus",2000-03-09
"464","12/7/2013","Died","Lindsey","No","ANHU","Male","adult-like",0,"Winter","window hit","Non-selasphorus spp.","4839_ANHU","Non-Selasphorus",2013-12-07
"465","6/14/2014","Released","Lindsey","No","ANHU","Female-like ","adult-like",0,"Summer","found on the ground","Non-selasphorus spp.","5048_ANHU","Non-Selasphorus",2014-06-14
"466","7/25/1992","Died","Lindsey","Yes","ANHU","Female-like ","adult-like",0,"Summer","found inside","Non-selasphorus spp.","349_ANHU","Non-Selasphorus",1992-07-25
"467","6/5/1992","Died","Lindsey","No","ANHU","Female-like ","adult-like",0,"Summer","found inside","Non-selasphorus spp.","303_ANHU","Non-Selasphorus",1992-06-05
"468","4/8/2013","Released","Lindsey","Yes","Non-selasphorus","unknown","Nestling",0,"Spring","found on the ground","Non-selasphorus spp.","4676_ANHU","Selasphorus",2013-04-08
"469","6/25/1991","Died","Lindsey","No","ANHU","Female-like ","adult-like",0,"Summer","found on the ground","Non-selasphorus spp.","134_ANHU","Non-Selasphorus",1991-06-25
"470","5/17/2014","Released","Lindsey","No","Non-selasphorus","unknown","Nestling",0,"Spring","nest-related","Non-selasphorus spp.","5007_ANHU","Selasphorus",2014-05-17
"471","6/24/1995","Died","Lindsey","No","ANHU","Female-like ","adult-like",0,"Summer","nest-related","Non-selasphorus spp.","884_ANHU","Non-Selasphorus",1995-06-24
"472","4/11/1999","Died","Lindsey","Yes","ANHU","Female-like ","adult-like",0,"Spring","caught by domestic animal","Non-selasphorus spp.","1589_ANHU","Non-Selasphorus",1999-04-11
"473","3/22/2014","Released","Lindsey","No","ANHU","Male","adult-like",0,"Spring","nest-related","Non-selasphorus spp.","4915_ANHU","Non-Selasphorus",2014-03-22
"474","7/5/2013","Died","Lindsey","No","ANHU","Male","adult-like",0,"Summer","caught by domestic animal","Non-selasphorus spp.","4786_ANHU","Non-Selasphorus",2013-07-05
"475","6/24/2014","Died","Lindsey","Yes","ANHU","Female-like ","adult-like",1,"Summer","found on the ground","Non-selasphorus spp.","5063_ANHU","Non-Selasphorus",2014-06-24
"476","6/1/1994","Released","Lindsey","No","Non-selasphorus","unknown","Nestling",0,"Summer","nest-related","Non-selasphorus spp.","659_ANHU","Selasphorus",1994-06-01
"477","3/10/2014","Died","Lindsey","No","ANHU","Female-like ","adult-like",0,"Spring","found inside","Non-selasphorus spp.","4892_ANHU","Non-Selasphorus",2014-03-10
"478","8/5/1999","Died","Lindsey","No","ANHU","Female-like ","adult-like",0,"Summer","unknown","Non-selasphorus spp.","1700_ANHU","Non-Selasphorus",1999-08-05
"479","6/15/1995","Released","Lindsey","No","Selasphorus","unknown","Nestling",0,"Summer","found on the ground","Selasphorus spp.","870_ALHU","Selasphorus",1995-06-15
"480","5/19/1998","Released","Lindsey","Yes","Non-selasphorus","unknown","Nestling",0,"Spring","nest-related","Non-selasphorus spp.","1418_ANHU","Selasphorus",1998-05-19
"481","6/5/2016","Released","malibu","No","Selasphorus","Female-like ","adult-like",0,"Summer","unknown","Selasphorus spp.","6776_ALHU","Selasphorus",2016-06-05
"482","8/4/1999","Released","Lindsey","No","ANHU","Female-like ","adult-like",0,"Summer","caught by domestic animal","Non-selasphorus spp.","1699_ANHU","Non-Selasphorus",1999-08-04
"483","3/4/2004","Released","Lindsey","Yes","ANHU","Female-like ","adult-like",2,"Spring","caught by domestic animal","Non-selasphorus spp.","2627_ANHU","Non-Selasphorus",2004-03-04
"484","5/4/1996","Released","Lindsey","No","ANHU","Female-like ","adult-like",0,"Spring","nest-related","Non-selasphorus spp.","1043_ANHU","Non-Selasphorus",1996-05-04
"485","11/3/2015","Released","malibu","No","Selasphorus","Male","adult-like",-79,"Fall","unknown","Selasphorus spp.","6571_ALHU","Selasphorus",2015-11-03
"486","5/19/2013","Released","Lindsey","Yes","Non-selasphorus","unknown","Nestling",0,"Spring","nest-related","Non-selasphorus spp.","4730_ANHU","Selasphorus",2013-05-19
"487","4/3/1999","Died","Lindsey","No","Selasphorus","Female-like ","adult-like",0,"Spring","suspect torpor-like state","Selasphorus spp.","1574_RUHU","Selasphorus",1999-04-03
"488","3/9/1997","Released","Lindsey","Yes","Non-selasphorus","unknown","Nestling",1,"Spring","nest-related","Non-selasphorus spp.","1169_ANHU","Selasphorus",1997-03-09
"489","4/7/2016","Released","Lindsey","No","ANHU","Male","adult-like",0,"Spring","nest-related","Non-selasphorus spp.","5567_ANHU","Non-Selasphorus",2016-04-07
"490","6/6/2014","Released","malibu","Yes","ANHU","Female-like ","adult-like",0,"Summer","nest-related","Non-selasphorus spp.","6259_ANHU","Non-Selasphorus",2014-06-06
"491","3/21/1991","Died","Lindsey","No","Selasphorus","Female-like ","adult-like",0,"Spring","found on the ground","Selasphorus spp.","39_ALHU","Selasphorus",1991-03-21
"492","12/13/1996","Released","Lindsey","Yes","ANHU","Female-like ","adult-like",0,"Winter","found on the ground","Non-selasphorus spp.","1140_ANHU","Non-Selasphorus",1996-12-13
"493","3/8/1995","Released","Lindsey","Yes","Non-selasphorus","unknown","Nestling",0,"Spring","found on the ground","Non-selasphorus spp.","767_ANHU","Selasphorus",1995-03-08
"494","6/11/1991","Released","Lindsey","No","ANHU","Female-like ","adult-like",0,"Summer","found on the ground","Non-selasphorus spp.","121_ANHU","Non-Selasphorus",1991-06-11
"495","3/10/2005","Released","Lindsey","Yes","ANHU","Female-like ","adult-like",1,"Spring","found on the ground","Non-selasphorus spp.","2815_ANHU","Non-Selasphorus",2005-03-10
"496","8/11/2015","Died","malibu","No","ANHU","Female-like ","adult-like",0,"Summer","unknown","Non-selasphorus spp.","6490_ANHU","Non-Selasphorus",2015-08-11
"497","4/27/2015","Died","Lindsey","No","Non-selasphorus","unknown","Nestling",0,"Spring","caught by domestic animal","Non-selasphorus spp.","5293_ANHU","Selasphorus",2015-04-27
"498","4/29/1994","Released","Lindsey","No","ANHU","Female-like ","adult-like",0,"Spring","found on the ground","Non-selasphorus spp.","631_ANHU","Non-Selasphorus",1994-04-29
"499","4/29/1997","Died","Lindsey","No","ANHU","Female-like ","adult-like",0,"Spring","caught by domestic animal","Non-selasphorus spp.","1223_ANHU","Non-Selasphorus",1997-04-29
"500","8/2/1992","Died","Lindsey","No","ANHU","Female-like ","adult-like",0,"Summer","suspect torpor-like state","Non-selasphorus spp.","352_ANHU","Non-Selasphorus",1992-08-02
"501","5/12/2016","Died","malibu","No","ANHU","Female-like ","adult-like",0,"Spring","nest-related","Non-selasphorus spp.","6707_ANHU","Non-Selasphorus",2016-05-12
"502","7/20/2012","Released","Lindsey","Yes","ANHU","Male","adult-like",0,"Summer","unknown","Non-selasphorus spp.","4537_ANHU","Non-Selasphorus",2012-07-20
"503","9/8/1997","Released","Lindsey","No","BCHU","Female-like ","adult-like",0,"Fall","found inside","Non-selasphorus spp.","1304_BCHU","Non-Selasphorus",1997-09-08
"504","2/27/2013","Released","Lindsey","No","ANHU","Male","adult-like",0,"Winter","found on the ground","Non-selasphorus spp.","4620_ANHU","Non-Selasphorus",2013-02-27
"505","3/31/2012","Died","Lindsey","No","Non-selasphorus","unknown","Nestling",0,"Spring","nest-related","Non-selasphorus spp.","4408_ANHU","Selasphorus",2012-03-31
"506","5/10/2006","Died","Lindsey","Yes","ANHU","Female-like ","adult-like",0,"Spring","nest-related","Non-selasphorus spp.","3090_ANHU","Non-Selasphorus",2006-05-10
"507","2/22/2013","Died","Lindsey","Yes","Non-selasphorus","unknown","Nestling",0,"Winter","nest-related","Non-selasphorus spp.","4613_ANHU","Selasphorus",2013-02-22
"508","7/8/2009","Released","Lindsey","No","ANHU","Male","adult-like",0,"Summer","found on the ground","Non-selasphorus spp.","3781_ANHU","Non-Selasphorus",2009-07-08
"509","8/12/1995","Died","Lindsey","No","ANHU","Female-like ","adult-like",0,"Summer","found on the ground","Non-selasphorus spp.","910_ANHU","Non-Selasphorus",1995-08-12
"510","1/7/2000","Died","Lindsey","No","ANHU","Female-like ","adult-like",0,"Winter","found on the ground","Non-selasphorus spp.","1727_ANHU","Non-Selasphorus",2000-01-07
"511","6/30/1994","Died","Lindsey","No","ANHU","Female-like ","adult-like",0,"Summer","found on the ground","Non-selasphorus spp.","687_ANHU","Non-Selasphorus",1994-06-30
"512","6/3/1998","Released","Lindsey","No","Non-selasphorus","unknown","Nestling",0,"Summer","nest-related","Non-selasphorus spp.","1433_ANHU","Selasphorus",1998-06-03
"513","9/8/1996","Died","Lindsey","No","ANHU","Female-like ","adult-like",0,"Fall","caught by domestic animal","Non-selasphorus spp.","1119_ANHU","Non-Selasphorus",1996-09-08
"514","6/16/2015","Died","Lindsey","No","ANHU","Female-like ","adult-like",0,"Summer","window hit","Non-selasphorus spp.","5386_ANHU","Non-Selasphorus",2015-06-16
"515","9/29/2016","Died","malibu","Yes","Selasphorus","Female-like ","adult-like",0,"Fall","found on the ground","Selasphorus spp.","6804_ALHU","Selasphorus",2016-09-29
"516","8/23/2016","Died","Santa Barbara","No","ANHU","Female-like ","adult-like",0,"Summer","found inside","Non-selasphorus spp.","6919_ANHU","Non-Selasphorus",2016-08-23
"517","6/15/2008","Died","Lindsey","No","Non-selasphorus","unknown","Nestling",0,"Summer","nest-related","Non-selasphorus spp.","3525_ANHU","Selasphorus",2008-06-15
"518","6/14/2009","Died","Lindsey","No","ANHU","Female-like ","adult-like",0,"Summer","caught by domestic animal","Non-selasphorus spp.","3757_ANHU","Non-Selasphorus",2009-06-14
"519","7/5/2001","Died","Lindsey","No","ANHU","Female-like ","adult-like",0,"Summer","found on the ground","Non-selasphorus spp.","2085_ANHU","Non-Selasphorus",2001-07-05
"520","6/22/2010","Released","Lindsey","No","Non-selasphorus","unknown","Nestling",1,"Summer","nest-related","Non-selasphorus spp.","3997_ANHU","Selasphorus",2010-06-22
"521","8/20/2016","Died","Lindsey","Yes","ANHU","Male","adult-like",0,"Summer","found on the ground","Non-selasphorus spp.","5697_ANHU","Non-Selasphorus",2016-08-20
"522","6/4/2016","Released","malibu","No","Selasphorus","Female-like ","adult-like",0,"Summer","unknown","Selasphorus spp.","6792_ALHU","Selasphorus",2016-06-04
"523","6/20/2016","Released","Santa Barbara","Yes","ANHU","Female-like ","adult-like",1,"Summer","found on the ground","Non-selasphorus spp.","6885_ANHU","Non-Selasphorus",2016-06-20
"524","1/28/2002","Died","Lindsey","No","ANHU","Female-like ","adult-like",0,"Winter","unknown","Non-selasphorus spp.","2148_ANHU","Non-Selasphorus",2002-01-28
"525","4/10/2007","Died","Lindsey","No","ANHU","Female-like ","adult-like",0,"Spring","found on the ground","Non-selasphorus spp.","3248_ANHU","Non-Selasphorus",2007-04-10
"526","8/19/2002","Died","Lindsey","Yes","Selasphorus","Female-like ","adult-like",0,"Summer","suspect torpor-like state","Selasphorus spp.","2326_ALHU","Selasphorus",2002-08-19
"527","2/15/2001","Died","Lindsey","No","ANHU","Female-like ","adult-like",0,"Winter","window hit","Non-selasphorus spp.","1959_ANHU","Non-Selasphorus",2001-02-15
"528","4/1/2016","Died","Lindsey","No","ANHU","Male","adult-like",0,"Spring","found on the ground","Non-selasphorus spp.","5556_ANHU","Non-Selasphorus",2016-04-01
"529","12/12/2011","Died","Lindsey","No","ANHU","Male","adult-like",0,"Winter","found on the ground","Non-selasphorus spp.","4333_ANHU","Non-Selasphorus",2011-12-12
"530","7/28/1991","Died","Lindsey","No","ANHU","Female-like ","adult-like",0,"Summer","found on the ground","Non-selasphorus spp.","157_ANHU","Non-Selasphorus",1991-07-28
"531","1/10/2015","Died","malibu","No","ANHU","Female-like ","adult-like",0,"Winter","nest-related","Non-selasphorus spp.","6339_ANHU","Non-Selasphorus",2015-01-10
"532","8/14/2012","Died","Lindsey","Yes","Selasphorus","Male","adult-like",3,"Summer","window hit","Selasphorus spp.","4555_ALHU","Selasphorus",2012-08-14
"533","5/19/2011","Died","Lindsey","No","ANHU","Female-like ","adult-like",0,"Spring","caught by domestic animal","Non-selasphorus spp.","4212_ANHU","Non-Selasphorus",2011-05-19
"534","4/9/2007","Released","Lindsey","No","Non-selasphorus","unknown","Nestling",0,"Spring","found on the ground","Non-selasphorus spp.","3246_ANHU","Selasphorus",2007-04-09
"535","6/14/2011","Died","Lindsey","No","ANHU","Female-like ","adult-like",0,"Summer","found on the ground","Non-selasphorus spp.","4248_ANHU","Non-Selasphorus",2011-06-14
"536","6/3/2005","Died","Lindsey","No","Non-selasphorus","unknown","Nestling",0,"Summer","found on the ground","Non-selasphorus spp.","2903_ANHU","Selasphorus",2005-06-03
"537","12/28/2016","Died","malibu","Yes","ANHU","Female-like ","adult-like",0,"Winter","unknown","Non-selasphorus spp.","6835_ANHU","Non-Selasphorus",2016-12-28
"538","4/28/2015","Died","Lindsey","No","Selasphorus","Male","adult-like",0,"Spring","unknown","Selasphorus spp.","5298_RUHU","Selasphorus",2015-04-28
"539","3/20/2002","Released","Lindsey","Yes","ANHU","Female-like ","adult-like",0,"Spring","found on the ground","Non-selasphorus spp.","2179_ANHU","Non-Selasphorus",2002-03-20
"540","3/18/1997","Died","Lindsey","Yes","ANHU","Female-like ","adult-like",3,"Spring","unknown","Non-selasphorus spp.","1182_ANHU","Non-Selasphorus",1997-03-18
"541","2/15/1998","Released","Lindsey","No","ANHU","Female-like ","adult-like",0,"Winter","found on the ground","Non-selasphorus spp.","1334_ANHU","Non-Selasphorus",1998-02-15
"542","2/8/2001","Died","Lindsey","Yes","ANHU","Female-like ","adult-like",0,"Winter","window hit","Non-selasphorus spp.","1955_ANHU","Non-Selasphorus",2001-02-08
"543","6/6/2011","Released","Lindsey","Yes","Selasphorus","unknown","Nestling",0,"Summer","nest-related","Selasphorus spp.","4239_ALHU","Selasphorus",2011-06-06
"544","2/10/1996","Died","Lindsey","No","ANHU","Female-like ","adult-like",0,"Winter","found on the ground","Non-selasphorus spp.","947_ANHU","Non-Selasphorus",1996-02-10
"545","4/2/2014","Released","Lindsey","No","ANHU","Female-like ","adult-like",0,"Spring","nest-related","Non-selasphorus spp.","4932_ANHU","Non-Selasphorus",2014-04-02
"546","7/8/1998","Died","Lindsey","Yes","Non-selasphorus","unknown","Nestling",1,"Summer","found on the ground","Non-selasphorus spp.","1460_ANHU","Selasphorus",1998-07-08
"547","4/26/2008","Died","Lindsey","No","ANHU","Male","adult-like",0,"Spring","found on the ground","Non-selasphorus spp.","3483_ANHU","Non-Selasphorus",2008-04-26
"548","10/30/2006","Died","Lindsey","No","ANHU","Female-like ","adult-like",0,"Fall","caught by domestic animal","Non-selasphorus spp.","3164_ANHU","Non-Selasphorus",2006-10-30
"549","8/24/2009","Died","Lindsey","No","Selasphorus","Female-like ","adult-like",0,"Summer","caught by domestic animal","Selasphorus spp.","3812_ALHU","Selasphorus",2009-08-24
"550","2/17/2001","Died","Lindsey","No","ANHU","Female-like ","adult-like",0,"Winter","window hit","Non-selasphorus spp.","1960_ANHU","Non-Selasphorus",2001-02-17
"551","4/5/1991","Died","Lindsey","Yes","ANHU","Female-like ","adult-like",0,"Spring","found on the ground","Non-selasphorus spp.","55_ANHU","Non-Selasphorus",1991-04-05
"552","4/27/2015","Released","Lindsey","Yes","ANHU","Female-like ","adult-like",0,"Spring","found on the ground","Non-selasphorus spp.","5296_ANHU","Non-Selasphorus",2015-04-27
"553","5/27/2001","Died","Lindsey","Yes","ANHU","Female-like ","adult-like",1,"Spring","found on the ground","Non-selasphorus spp.","2052_ANHU","Non-Selasphorus",2001-05-27
"554","6/10/2011","Released","Lindsey","No","Non-selasphorus","unknown","Nestling",0,"Summer","unknown","Non-selasphorus spp.","4247_ANHU","Selasphorus",2011-06-10
"555","3/10/2012","Died","Lindsey","Yes","Non-selasphorus","unknown","Nestling",0,"Spring","nest-related","Non-selasphorus spp.","4379_ANHU","Selasphorus",2012-03-10
"556","11/29/2014","Released","Lindsey","No","ANHU","Male","adult-like",0,"Fall","caught by domestic animal","Non-selasphorus spp.","5130_ANHU","Non-Selasphorus",2014-11-29
"557","3/14/2014","Died","malibu","No","Selasphorus","Female-like ","adult-like",0,"Spring","unknown","Selasphorus spp.","6062_ALHU","Selasphorus",2014-03-14
"558","2/20/2016","Died","Lindsey","No","ANHU","Male","adult-like",0,"Winter","found on the ground","Non-selasphorus spp.","5498_ANHU","Non-Selasphorus",2016-02-20
"559","11/20/2002","Died","Lindsey","No","ANHU","Female-like ","adult-like",0,"Fall","caught by domestic animal","Non-selasphorus spp.","2352_ANHU","Non-Selasphorus",2002-11-20
"560","7/24/2002","Died","Lindsey","Yes","ANHU","Female-like ","adult-like",0,"Summer","unknown","Non-selasphorus spp.","2315_ANHU","Non-Selasphorus",2002-07-24
"561","5/25/2015","Died","Lindsey","No","ANHU","Male","adult-like",0,"Spring","found on the ground","Non-selasphorus spp.","5335_ANHU","Non-Selasphorus",2015-05-25
"562","11/27/2001","Died","Lindsey","No","ANHU","Female-like ","adult-like",0,"Fall","found on the ground","Non-selasphorus spp.","2135_ANHU","Non-Selasphorus",2001-11-27
"563","6/12/1992","Died","Lindsey","Yes","ANHU","Female-like ","adult-like",2,"Summer","unknown","Non-selasphorus spp.","325_ANHU","Non-Selasphorus",1992-06-12
"564","3/25/2014","Released","Lindsey","No","ANHU","Female-like ","adult-like",0,"Spring","found on the ground","Non-selasphorus spp.","4920_ANHU","Non-Selasphorus",2014-03-25
"565","3/5/2005","Died","Lindsey","Yes","ANHU","Female-like ","adult-like",1,"Spring","found on the ground","Non-selasphorus spp.","2808_ANHU","Non-Selasphorus",2005-03-05
"566","3/9/2004","Died","Lindsey","Yes","Non-selasphorus","unknown","Nestling",2,"Spring","unknown","Non-selasphorus spp.","2632_ANHU","Selasphorus",2004-03-09
"567","3/14/2016","Released","Lindsey","No","ANHU","Male","adult-like",0,"Spring","window hit","Non-selasphorus spp.","5531_ANHU","Non-Selasphorus",2016-03-14
"568","4/10/1998","Died","Lindsey","Yes","ANHU","Female-like ","adult-like",0,"Spring","found on the ground","Non-selasphorus spp.","1374_ANHU","Non-Selasphorus",1998-04-10
"569","4/25/2008","Died","Lindsey","No","ANHU","Male","adult-like",1,"Spring","caught by domestic animal","Non-selasphorus spp.","3481_ANHU","Non-Selasphorus",2008-04-25
"570","5/4/2009","Died","Lindsey","No","ANHU","Female-like ","adult-like",0,"Spring","caught by domestic animal","Non-selasphorus spp.","3715_ANHU","Non-Selasphorus",2009-05-04
"571","5/15/2000","Died","Lindsey","Yes","ANHU","Female-like ","adult-like",0,"Spring","found inside","Non-selasphorus spp.","1824_ANHU","Non-Selasphorus",2000-05-15
"572","5/4/2011","Released","Lindsey","No","Non-selasphorus","unknown","Nestling",0,"Spring","found on the ground","Non-selasphorus spp.","4194_ANHU","Selasphorus",2011-05-04
"573","3/26/1995","Died","Lindsey","Yes","ANHU","Female-like ","adult-like",2,"Spring","found on the ground","Non-selasphorus spp.","796_ANHU","Non-Selasphorus",1995-03-26
"574","3/16/2011","Died","Lindsey","Yes","ANHU","Female-like ","adult-like",1,"Spring","found on the ground","Non-selasphorus spp.","4126_ANHU","Non-Selasphorus",2011-03-16
"575","4/11/2010","Died","Lindsey","Yes","ANHU","Male","adult-like",1,"Spring","window hit","Non-selasphorus spp.","3913_ANHU","Non-Selasphorus",2010-04-11
"576","8/17/2011","Died","Lindsey","Yes","Selasphorus","Female-like ","adult-like",1,"Summer","found on the ground","Selasphorus spp.","4299_ALHU","Selasphorus",2011-08-17
"577","3/25/2003","Died","Lindsey","No","ANHU","Female-like ","adult-like",0,"Spring","window hit","Non-selasphorus spp.","2424_ANHU","Non-Selasphorus",2003-03-25
"578","6/22/2013","Died","malibu","No","Selasphorus","Female-like ","adult-like",0,"Summer","unknown","Selasphorus spp.","6002_ALHU","Selasphorus",2013-06-22
"579","10/24/2000","Died","Lindsey","No","ANHU","Female-like ","adult-like",0,"Fall","found on the ground","Non-selasphorus spp.","1917_ANHU","Non-Selasphorus",2000-10-24
"580","4/14/1994","Released","Lindsey","No","Non-selasphorus","unknown","Nestling",0,"Spring","nest-related","Non-selasphorus spp.","612_ANHU","Selasphorus",1994-04-14
"581","3/16/2009","Released","Lindsey","Yes","Non-selasphorus","unknown","Nestling",3,"Spring","nest-related","Non-selasphorus spp.","3649_ANHU","Selasphorus",2009-03-16
"582","5/21/2004","Released","Lindsey","Yes","Non-selasphorus","unknown","Nestling",1,"Spring","found on the ground","Non-selasphorus spp.","2696_ANHU","Selasphorus",2004-05-21
"583","5/5/1998","Released","Lindsey","Yes","Non-selasphorus","unknown","Nestling",4,"Spring","nest-related","Non-selasphorus spp.","1406_ANHU","Selasphorus",1998-05-05
"584","4/12/2013","Died","Lindsey","No","ANHU","Female-like ","adult-like",0,"Spring","found inside","Non-selasphorus spp.","4687_ANHU","Non-Selasphorus",2013-04-12
"585","6/12/2013","Died","malibu","No","ANHU","Female-like ","adult-like",1,"Summer","unknown","Non-selasphorus spp.","5848_ANHU","Non-Selasphorus",2013-06-12
"586","7/7/2014","Died","malibu","Yes","Selasphorus","Female-like ","adult-like",0,"Summer","found on the ground","Selasphorus spp.","6162_ALHU","Selasphorus",2014-07-07
"587","7/23/2008","Released","Lindsey","Yes","ANHU","Female-like ","adult-like",0,"Summer","caught by domestic animal","Non-selasphorus spp.","3557_ANHU","Non-Selasphorus",2008-07-23
"588","5/8/2016","Died","Lindsey","No","ANHU","Male","adult-like",0,"Spring","found inside","Non-selasphorus spp.","5602_ANHU","Non-Selasphorus",2016-05-08
"589","6/10/2016","Died","malibu","Yes","Selasphorus","Female-like ","adult-like",0,"Summer","found on the ground","Selasphorus spp.","6758_ALHU","Selasphorus",2016-06-10
"590","7/3/2008","Died","Lindsey","No","ANHU","Female-like ","adult-like",3,"Summer","window hit","Non-selasphorus spp.","3548_ANHU","Non-Selasphorus",2008-07-03
"591","4/7/2014","Died","Lindsey","Yes","Non-selasphorus","unknown","Nestling",0,"Spring","found on the ground","Non-selasphorus spp.","4944_ANHU","Selasphorus",2014-04-07
"592","5/28/2013","Died","malibu","No","Selasphorus","Female-like ","adult-like",0,"Spring","unknown","Selasphorus spp.","5953_ALHU","Selasphorus",2013-05-28
"593","6/5/2005","Died","Lindsey","No","Non-selasphorus","unknown","Nestling",0,"Summer","found on the ground","Non-selasphorus spp.","2908_ANHU","Selasphorus",2005-06-05
"594","7/10/1995","Died","Lindsey","Yes","ANHU","Female-like ","adult-like",1,"Summer","caught by domestic animal","Non-selasphorus spp.","894_ANHU","Non-Selasphorus",1995-07-10
"595","2/25/2009","Died","Lindsey","Yes","ANHU","Male","adult-like",1,"Winter","unknown","Non-selasphorus spp.","3628_ANHU","Non-Selasphorus",2009-02-25
"596","11/29/2014","Died","Lindsey","No","ANHU","Female-like ","adult-like",0,"Fall","caught by domestic animal","Non-selasphorus spp.","5131_ANHU","Non-Selasphorus",2014-11-29
"597","5/19/2001","Died","Lindsey","No","Selasphorus","Female-like ","adult-like",0,"Spring","caught by domestic animal","Selasphorus spp.","2046_RUHU","Selasphorus",2001-05-19
"598","3/18/2015","Died","Lindsey","No","Non-selasphorus","unknown","Nestling",0,"Spring","found on the ground","Non-selasphorus spp.","5218_ANHU","Selasphorus",2015-03-18
"599","3/5/2016","Died","Lindsey","No","Selasphorus","Female-like ","adult-like",1,"Spring","found on the ground","Selasphorus spp.","5515_ALHU","Selasphorus",2016-03-05
"600","5/28/1991","Died","Lindsey","Yes","ANHU","Female-like ","adult-like",0,"Spring","unknown","Non-selasphorus spp.","109_ANHU","Non-Selasphorus",1991-05-28
"601","6/12/2008","Released","Lindsey","No","ANHU","Female-like ","adult-like",0,"Summer","nest-related","Non-selasphorus spp.","3520_ANHU","Non-Selasphorus",2008-06-12
"602","6/9/2014","Died","malibu","No","Selasphorus","unknown","Nestling",0,"Summer","unknown","Selasphorus spp.","6262_ALHU","Selasphorus",2014-06-09
"603","5/12/2015","Died","malibu","Yes","Selasphorus","Female-like ","adult-like",0,"Spring","found on the ground","Selasphorus spp.","6419_ALHU","Selasphorus",2015-05-12
"604","4/7/1991","Died","Lindsey","No","ANHU","Female-like ","adult-like",0,"Spring","found on the ground","Non-selasphorus spp.","62_ANHU","Non-Selasphorus",1991-04-07
"605","7/1/2002","Released","Lindsey","No","Non-selasphorus","unknown","Nestling",0,"Summer","nest-related","Non-selasphorus spp.","2297_ANHU","Selasphorus",2002-07-01
"606","4/26/2016","Died","malibu","Yes","Selasphorus","Female-like ","adult-like",0,"Spring","unknown","Selasphorus spp.","6699_RUHU","Selasphorus",2016-04-26
"607","2/4/2001","Released","Lindsey","Yes","Non-selasphorus","unknown","Nestling",1,"Winter","nest-related","Non-selasphorus spp.","1950_ANHU","Selasphorus",2001-02-04
"608","12/31/2007","Died","Lindsey","Yes","ANHU","Female-like ","adult-like",0,"Winter","found on the ground","Non-selasphorus spp.","3399_ANHU","Non-Selasphorus",2007-12-31
"609","2/25/2009","Died","Lindsey","No","ANHU","Female-like ","adult-like",0,"Winter","found on the ground","Non-selasphorus spp.","3627_ANHU","Non-Selasphorus",2009-02-25
"610","3/5/1999","Released","Lindsey","Yes","ANHU","Female-like ","adult-like",0,"Spring","found on the ground","Non-selasphorus spp.","1547_ANHU","Non-Selasphorus",1999-03-05
"611","6/2/2004","Died","Lindsey","No","ANHU","Female-like ","adult-like",1,"Summer","unknown","Non-selasphorus spp.","2708_ANHU","Non-Selasphorus",2004-06-02
"612","7/25/2014","Released","malibu","Yes","Selasphorus","Female-like ","adult-like",1,"Summer","caught by domestic animal","Selasphorus spp.","6170_ALHU","Selasphorus",2014-07-25
"613","2/2/2013","Released","malibu","No","ANHU","Female-like ","adult-like",0,"Winter","unknown","Non-selasphorus spp.","5737_ANHU","Non-Selasphorus",2013-02-02
"614","9/6/2003","Died","Lindsey","No","ANHU","Female-like ","adult-like",0,"Fall","caught by domestic animal","Non-selasphorus spp.","2564_ANHU","Non-Selasphorus",2003-09-06
"615","8/23/1995","Died","Lindsey","No","ANHU","Female-like ","adult-like",0,"Summer","caught by domestic animal","Non-selasphorus spp.","914_ANHU","Non-Selasphorus",1995-08-23
"616","4/19/1994","Died","Lindsey","No","Selasphorus","Female-like ","adult-like",0,"Spring","window hit","Selasphorus spp.","623_RUHU","Selasphorus",1994-04-19
"617","5/5/2009","Died","Lindsey","No","ANHU","Female-like ","adult-like",0,"Spring","found on the ground","Non-selasphorus spp.","3716_ANHU","Non-Selasphorus",2009-05-05
"618","5/7/2015","Released","malibu","Yes","Selasphorus","unknown","Nestling",4,"Spring","found on the ground","Selasphorus spp.","6412_ALHU","Selasphorus",2015-05-07
"619","5/9/2004","Died","Lindsey","No","ANHU","Female-like ","adult-like",0,"Spring","found on the ground","Non-selasphorus spp.","2687_ANHU","Non-Selasphorus",2004-05-09
"620","7/15/2013","Died","malibu","No","ANHU","Female-like ","adult-like",0,"Summer","caught by domestic animal","Non-selasphorus spp.","5878_ANHU","Non-Selasphorus",2013-07-15
"621","8/14/2009","Died","Lindsey","Yes","ANHU","Male","adult-like",1,"Summer","found on the ground","Non-selasphorus spp.","3809_ANHU","Non-Selasphorus",2009-08-14
"622","6/15/1994","Released","Lindsey","Yes","Non-selasphorus","unknown","Nestling",1,"Summer","found on the ground","Non-selasphorus spp.","676_ANHU","Selasphorus",1994-06-15
"623","7/18/2005","Died","Lindsey","Yes","ANHU","Female-like ","adult-like",1,"Summer","found on the ground","Non-selasphorus spp.","2962_ANHU","Non-Selasphorus",2005-07-18
"624","5/30/1996","Died","Lindsey","No","ANHU","Female-like ","adult-like",0,"Spring","found on the ground","Non-selasphorus spp.","1059_ANHU","Non-Selasphorus",1996-05-30
"625","2/20/2011","Died","Lindsey","Yes","Non-selasphorus","unknown","Nestling",0,"Winter","nest-related","Non-selasphorus spp.","4105_ANHU","Selasphorus",2011-02-20
"626","2/29/2000","Released","Lindsey","No","ANHU","Female-like ","adult-like",0,"Winter","found on the ground","Non-selasphorus spp.","1753_ANHU","Non-Selasphorus",2000-02-29
"627","11/6/2009","Died","Lindsey","No","ANHU","Male","adult-like",0,"Fall","window hit","Non-selasphorus spp.","3833_ANHU","Non-Selasphorus",2009-11-06
"628","6/16/2013","Died","malibu","No","Selasphorus","Female-like ","adult-like",1,"Summer","unknown","Selasphorus spp.","5986_ALHU","Selasphorus",2013-06-16
"629","4/23/2004","Released","Lindsey","No","Selasphorus","Female-like ","adult-like",0,"Spring","found on the ground","Selasphorus spp.","2669_RUHU","Selasphorus",2004-04-23
"630","3/27/1999","Died","Lindsey","Yes","ANHU","Female-like ","adult-like",0,"Spring","found on the ground","Non-selasphorus spp.","1569_ANHU","Non-Selasphorus",1999-03-27
"631","6/19/2007","Released","Lindsey","No","Non-selasphorus","unknown","Nestling",0,"Summer","nest-related","Non-selasphorus spp.","3333_ANHU","Selasphorus",2007-06-19
"632","3/20/1992","Died","Lindsey","No","ANHU","Female-like ","adult-like",3,"Spring","unknown","Non-selasphorus spp.","223_ANHU","Non-Selasphorus",1992-03-20
"633","3/15/2014","Released","Lindsey","Yes","ANHU","Male","adult-like",3,"Spring","nest-related","Non-selasphorus spp.","4903_ANHU","Non-Selasphorus",2014-03-15
"634","5/5/2012","Died","Lindsey","Yes","ANHU","Male","adult-like",1,"Spring","suspect torpor-like state","Non-selasphorus spp.","4457_ANHU","Non-Selasphorus",2012-05-05
"635","5/7/2015","Died","Lindsey","Yes","Selasphorus","Female-like ","adult-like",0,"Spring","window hit","Selasphorus spp.","5309_ALHU","Selasphorus",2015-05-07
"636","11/15/1994","Died","Lindsey","No","ANHU","Female-like ","adult-like",2,"Fall","suspect torpor-like state","Non-selasphorus spp.","733_ANHU","Non-Selasphorus",1994-11-15
"637","6/4/2012","Released","Lindsey","Yes","Non-selasphorus","unknown","Nestling",1,"Summer","nest-related","Non-selasphorus spp.","4486_ANHU","Selasphorus",2012-06-04
"638","7/12/2016","Died","malibu","Yes","Selasphorus","Female-like ","adult-like",0,"Summer","found on the ground","Selasphorus spp.","6764_ALHU","Selasphorus",2016-07-12
"639","7/7/2014","Died","Lindsey","No","ANHU","Male","adult-like",0,"Summer","caught by domestic animal","Non-selasphorus spp.","5077_ANHU","Non-Selasphorus",2014-07-07
"640","2/4/2009","Died","Lindsey","Yes","ANHU","Female-like ","adult-like",1,"Winter","found on the ground","Non-selasphorus spp.","3612_ANHU","Non-Selasphorus",2009-02-04
"641","2/4/2001","Released","Lindsey","No","Non-selasphorus","unknown","Nestling",0,"Winter","found on the ground","Non-selasphorus spp.","1951_ANHU","Selasphorus",2001-02-04
"642","3/18/1995","Died","Lindsey","Yes","ANHU","Female-like ","adult-like",1,"Spring","found on the ground","Non-selasphorus spp.","781_ANHU","Non-Selasphorus",1995-03-18
"643","11/10/2015","Died","Lindsey","Yes","ANHU","Male","adult-like",0,"Fall","found on the ground","Non-selasphorus spp.","5447_ANHU","Non-Selasphorus",2015-11-10
"644","3/11/2001","Died","Lindsey","No","Non-selasphorus","unknown","Nestling",0,"Spring","found on the ground","Non-selasphorus spp.","1980_ANHU","Selasphorus",2001-03-11
"645","3/25/1993","Died","Lindsey","No","ANHU","Female-like ","adult-like",2,"Spring","caught by domestic animal","Non-selasphorus spp.","410_ANHU","Non-Selasphorus",1993-03-25
"646","6/14/2014","Released","Lindsey","Yes","Non-selasphorus","unknown","Nestling",1,"Summer","found on the ground","Non-selasphorus spp.","5046_ANHU","Selasphorus",2014-06-14
"647","2/23/2016","Released","Lindsey","Yes","Non-selasphorus","unknown","Nestling",0,"Winter","unknown","Non-selasphorus spp.","5504_ANHU","Selasphorus",2016-02-23
"648","2/26/2015","Released","Lindsey","Yes","ANHU","Female-like ","adult-like",1,"Winter","found on the ground","Non-selasphorus spp.","5192_ANHU","Non-Selasphorus",2015-02-26
"649","7/28/2010","Died","Lindsey","No","ANHU","Male","adult-like",0,"Summer","found on the ground","Non-selasphorus spp.","4038_ANHU","Non-Selasphorus",2010-07-28
"650","5/25/2011","Died","Lindsey","Yes","Non-selasphorus","unknown","Nestling",0,"Spring","found on the ground","Non-selasphorus spp.","4217_ANHU","Selasphorus",2011-05-25
"651","2/8/2014","Died","malibu","No","Selasphorus","Female-like ","adult-like",0,"Winter","unknown","Selasphorus spp.","6037_ALHU","Selasphorus",2014-02-08
"652","2/5/2001","Died","Lindsey","No","ANHU","Female-like ","adult-like",0,"Winter","caught by domestic animal","Non-selasphorus spp.","1952_ANHU","Non-Selasphorus",2001-02-05
"653","9/11/2015","Died","malibu","Yes","ANHU","Female-like ","adult-like",0,"Fall","found on the ground","Non-selasphorus spp.","6496_ANHU","Non-Selasphorus",2015-09-11
"654","2/16/2000","Released","Lindsey","No","Non-selasphorus","unknown","Nestling",0,"Winter","nest-related","Non-selasphorus spp.","1740_ANHU","Selasphorus",2000-02-16
"655","4/7/2016","Died","Santa Barbara","No","ANHU","Female-like ","adult-like",0,"Spring","unknown","Non-selasphorus spp.","6861_ANHU","Non-Selasphorus",2016-04-07
"656","5/4/2011","Died","Lindsey","Yes","Non-selasphorus","unknown","Nestling",0,"Spring","found on the ground","Non-selasphorus spp.","4195_ANHU","Selasphorus",2011-05-04
"657","4/13/2003","Released","Lindsey","No","ANHU","Female-like ","adult-like",0,"Spring","caught by domestic animal","Non-selasphorus spp.","2448_ANHU","Non-Selasphorus",2003-04-13
"658","5/29/1997","Died","Lindsey","No","ANHU","Female-like ","adult-like",0,"Spring","suspect torpor-like state","Non-selasphorus spp.","1250_ANHU","Non-Selasphorus",1997-05-29
"659","4/13/1998","Died","Lindsey","No","ANHU","Female-like ","adult-like",0,"Spring","nest-related","Non-selasphorus spp.","1382_ANHU","Non-Selasphorus",1998-04-13
"660","9/13/2016","Died","Lindsey","No","ANHU","Female-like ","adult-like",0,"Fall","found inside","Non-selasphorus spp.","5708_ANHU","Non-Selasphorus",2016-09-13
"661","3/27/2006","Died","Lindsey","No","ANHU","Female-like ","adult-like",1,"Spring","window hit","Non-selasphorus spp.","3041_ANHU","Non-Selasphorus",2006-03-27
"662","7/3/2003","Released","Lindsey","Yes","ANHU","Female-like ","adult-like",0,"Summer","caught by domestic animal","Non-selasphorus spp.","2534_ANHU","Non-Selasphorus",2003-07-03
"663","3/20/2009","Released","Lindsey","No","ANHU","Female-like ","adult-like",0,"Spring","found on the ground","Non-selasphorus spp.","3654_ANHU","Non-Selasphorus",2009-03-20
"664","5/24/2016","Released","malibu","Yes","Selasphorus","Female-like ","adult-like",0,"Spring","found on the ground","Selasphorus spp.","6736_ALHU","Selasphorus",2016-05-24
"665","6/1/2013","Died","Lindsey","Yes","ANHU","Female-like ","adult-like",1,"Summer","unknown","Non-selasphorus spp.","4740_ANHU","Non-Selasphorus",2013-06-01
"666","12/7/2015","Died","malibu","No","ANHU","Female-like ","adult-like",0,"Winter","found on the ground","Non-selasphorus spp.","6546_ANHU","Non-Selasphorus",2015-12-07
"667","3/8/2005","Died","Lindsey","No","ANHU","Female-like ","adult-like",0,"Spring","found on the ground","Non-selasphorus spp.","2809_ANHU","Non-Selasphorus",2005-03-08
"668","5/15/2015","Released","malibu","Yes","ANHU","Female-like ","adult-like",0,"Spring","found on the ground","Non-selasphorus spp.","6424_ANHU","Non-Selasphorus",2015-05-15
"669","3/17/2012","Released","Lindsey","Yes","ANHU","Male","adult-like",0,"Spring","found on the ground","Non-selasphorus spp.","4392_ANHU","Non-Selasphorus",2012-03-17
"670","10/17/2003","Died","Lindsey","No","ANHU","Female-like ","adult-like",1,"Fall","caught by domestic animal","Non-selasphorus spp.","2572_ANHU","Non-Selasphorus",2003-10-17
"671","8/11/2013","Released","Lindsey","No","Selasphorus","Female-like ","adult-like",0,"Summer","found on the ground","Selasphorus spp.","4804_ALHU","Selasphorus",2013-08-11
"672","5/25/1994","Died","Lindsey","No","ANHU","Female-like ","adult-like",0,"Spring","found on the ground","Non-selasphorus spp.","648_ANHU","Non-Selasphorus",1994-05-25
"673","3/30/1995","Died","Lindsey","No","ANHU","Female-like ","adult-like",0,"Spring","found on the ground","Non-selasphorus spp.","800_ANHU","Non-Selasphorus",1995-03-30
"674","10/9/2016","Died","Lindsey","No","ANHU","Male","adult-like",0,"Fall","found on the ground","Non-selasphorus spp.","5719_ANHU","Non-Selasphorus",2016-10-09
"675","4/24/2010","Died","Lindsey","No","ANHU","Male","adult-like",0,"Spring","found on the ground","Non-selasphorus spp.","3930_ANHU","Non-Selasphorus",2010-04-24
"676","3/11/2005","Released","Lindsey","Yes","Non-selasphorus","unknown","Nestling",1,"Spring","found on the ground","Non-selasphorus spp.","2816_ANHU","Selasphorus",2005-03-11
"677","4/15/2010","Released","Lindsey","Yes","ANHU","Male","adult-like",1,"Spring","found on the ground","Non-selasphorus spp.","3918_ANHU","Non-Selasphorus",2010-04-15
"678","7/2/2009","Died","Lindsey","No","ANHU","Female-like ","adult-like",1,"Summer","found on the ground","Non-selasphorus spp.","3773_ANHU","Non-Selasphorus",2009-07-02
"679","2/28/2004","Died","Lindsey","No","ANHU","Female-like ","adult-like",0,"Winter","found on the ground","Non-selasphorus spp.","2621_ANHU","Non-Selasphorus",2004-02-28
"680","4/9/2011","Released","Lindsey","Yes","ANHU","Male","adult-like",1,"Spring","found inside","Non-selasphorus spp.","4162_ANHU","Non-Selasphorus",2011-04-09
"681","10/17/2011","Released","Lindsey","No","ANHU","Male","adult-like",0,"Fall","window hit","Non-selasphorus spp.","4313_ANHU","Non-Selasphorus",2011-10-17
"682","5/4/2015","Died","Lindsey","Yes","BCHU","Male","adult-like",1,"Spring","found on the ground","Non-selasphorus spp.","5306_BCHU","Non-Selasphorus",2015-05-04
"683","6/4/2016","Released","malibu","No","Selasphorus","Female-like ","adult-like",0,"Summer","unknown","Selasphorus spp.","6781_ALHU","Selasphorus",2016-06-04
"684","6/26/1995","Released","Lindsey","No","ANHU","Female-like ","adult-like",0,"Summer","found on the ground","Non-selasphorus spp.","887_ANHU","Non-Selasphorus",1995-06-26
"685","6/23/1993","Died","Lindsey","Yes","ANHU","Female-like ","adult-like",2,"Summer","unknown","Non-selasphorus spp.","500_ANHU","Non-Selasphorus",1993-06-23
"686","3/7/2009","Released","Lindsey","Yes","Non-selasphorus","unknown","Nestling",0,"Spring","found on the ground","Non-selasphorus spp.","3637_ANHU","Selasphorus",2009-03-07
"687","4/17/1998","Died","Lindsey","No","Selasphorus","Female-like ","adult-like",0,"Spring","found inside","Selasphorus spp.","1387_ALHU","Selasphorus",1998-04-17
"688","5/5/2009","Released","Lindsey","No","Non-selasphorus","unknown","Nestling",0,"Spring","nest-related","Non-selasphorus spp.","3720_ANHU","Selasphorus",2009-05-05
"689","7/14/1995","Died","Lindsey","Yes","Selasphorus","unknown","Nestling",1,"Summer","found on the ground","Selasphorus spp.","897_ALHU","Selasphorus",1995-07-14
"690","3/18/2011","Died","Lindsey","No","Selasphorus","Female-like ","adult-like",0,"Spring","suspect torpor-like state","Selasphorus spp.","4128_ALHU","Selasphorus",2011-03-18
"691","6/18/2007","Died","Lindsey","Yes","ANHU","Female-like ","adult-like",0,"Summer","found on the ground","Non-selasphorus spp.","3329_ANHU","Non-Selasphorus",2007-06-18
"692","6/23/2010","Died","Lindsey","No","ANHU","Male","adult-like",0,"Summer","found on the ground","Non-selasphorus spp.","3999_ANHU","Non-Selasphorus",2010-06-23
"693","3/2/2012","Released","Lindsey","No","Non-selasphorus","unknown","Nestling",0,"Spring","unknown","Non-selasphorus spp.","4370_ANHU","Selasphorus",2012-03-02
"694","3/31/2014","Released","malibu","No","Selasphorus","Female-like ","adult-like",0,"Spring","caught by domestic animal","Selasphorus spp.","6200_ALHU","Selasphorus",2014-03-31
"695","1/16/2016","Released","malibu","No","ANHU","Female-like ","adult-like",0,"Winter","found on the ground","Non-selasphorus spp.","6649_ANHU","Non-Selasphorus",2016-01-16
"696","10/11/2003","Died","Lindsey","No","ANHU","Female-like ","adult-like",0,"Fall","found on the ground","Non-selasphorus spp.","2571_ANHU","Non-Selasphorus",2003-10-11
"697","4/21/2013","Died","malibu","No","Non-selasphorus","unknown","Nestling",0,"Spring","found on the ground","Non-selasphorus spp.","5783_ANHU","Selasphorus",2013-04-21
"698","1/15/1993","Died","Lindsey","No","ANHU","Female-like ","adult-like",0,"Winter","found on the ground","Non-selasphorus spp.","374_ANHU","Non-Selasphorus",1993-01-15
"699","11/12/2005","Died","Lindsey","No","ANHU","Female-like ","adult-like",0,"Fall","found on the ground","Non-selasphorus spp.","2982_ANHU","Non-Selasphorus",2005-11-12
"700","7/4/1994","Died","Lindsey","No","ANHU","Female-like ","adult-like",0,"Summer","caught by domestic animal","Non-selasphorus spp.","692_ANHU","Non-Selasphorus",1994-07-04
"701","8/15/2011","Died","Lindsey","No","ANHU","Female-like ","adult-like",0,"Summer","window hit","Non-selasphorus spp.","4298_ANHU","Non-Selasphorus",2011-08-15
"702","2/28/1995","Died","Lindsey","No","ANHU","Female-like ","adult-like",0,"Winter","window hit","Non-selasphorus spp.","760_ANHU","Non-Selasphorus",1995-02-28
"703","11/10/2013","Died","Lindsey","No","ANHU","Male","adult-like",0,"Fall","found on the ground","Non-selasphorus spp.","4824_ANHU","Non-Selasphorus",2013-11-10
"704","11/13/2010","Released","Lindsey","No","ANHU","Female-like ","adult-like",0,"Fall","caught by domestic animal","Non-selasphorus spp.","4072_ANHU","Non-Selasphorus",2010-11-13
"705","7/1/2005","Released","Lindsey","No","ANHU","Female-like ","adult-like",0,"Summer","unknown","Non-selasphorus spp.","2944_ANHU","Non-Selasphorus",2005-07-01
"706","5/30/2010","Died","Lindsey","Yes","Non-selasphorus","unknown","Nestling",0,"Spring","found on the ground","Non-selasphorus spp.","3970_ANHU","Selasphorus",2010-05-30
"707","5/22/2016","Released","malibu","No","Selasphorus","Female-like ","adult-like",1,"Spring","unknown","Selasphorus spp.","6789_ALHU","Selasphorus",2016-05-22
"708","7/9/2013","Died","malibu","No","Selasphorus","Female-like ","adult-like",0,"Summer","unknown","Selasphorus spp.","5874_ALHU","Selasphorus",2013-07-09
"709","2/17/2003","Died","Lindsey","No","Non-selasphorus","unknown","Nestling",0,"Winter","nest-related","Non-selasphorus spp.","2385_ANHU","Selasphorus",2003-02-17
"710","2/14/1998","Died","Lindsey","No","ANHU","Female-like ","adult-like",0,"Winter","window hit","Non-selasphorus spp.","1331_ANHU","Non-Selasphorus",1998-02-14
"711","6/12/2016","Died","Lindsey","Yes","ANHU","Female-like ","adult-like",1,"Summer","found on the ground","Non-selasphorus spp.","5639_ANHU","Non-Selasphorus",2016-06-12
"712","4/21/2009","Died","Lindsey","No","ANHU","Male","adult-like",0,"Spring","found on the ground","Non-selasphorus spp.","3701_ANHU","Non-Selasphorus",2009-04-21
"713","7/24/2008","Died","Lindsey","Yes","Selasphorus","Female-like ","adult-like",0,"Summer","found on the ground","Selasphorus spp.","3558_ALHU","Selasphorus",2008-07-24
"714","1/22/2008","Died","Lindsey","No","ANHU","Male","adult-like",0,"Winter","window hit","Non-selasphorus spp.","3406_ANHU","Non-Selasphorus",2008-01-22
"715","4/18/1991","Died","Lindsey","No","Selasphorus","Female-like ","adult-like",1,"Spring","window hit","Selasphorus spp.","73_ALHU","Selasphorus",1991-04-18
"716","6/29/2008","Died","Lindsey","Yes","Non-selasphorus","unknown","Nestling",5,"Summer","caught by domestic animal","Non-selasphorus spp.","3543_BCHU","Selasphorus",2008-06-29
"717","6/17/2014","Released","malibu","Yes","ANHU","Female-like ","adult-like",0,"Summer","found on the ground","Non-selasphorus spp.","6140_ANHU","Non-Selasphorus",2014-06-17
"718","11/19/2015","Died","malibu","No","ANHU","Female-like ","adult-like",0,"Fall","unknown","Non-selasphorus spp.","6541_ANHU","Non-Selasphorus",2015-11-19
"719","12/18/1997","Died","Lindsey","No","ANHU","Female-like ","adult-like",1,"Winter","found on the ground","Non-selasphorus spp.","1323_ANHU","Non-Selasphorus",1997-12-18
"720","2/24/2013","Released","Lindsey","No","Non-selasphorus","unknown","Nestling",0,"Winter","nest-related","Non-selasphorus spp.","4617_ANHU","Selasphorus",2013-02-24
"721","4/1/1992","Died","Lindsey","No","ANHU","Female-like ","adult-like",0,"Spring","window hit","Non-selasphorus spp.","234_ANHU","Non-Selasphorus",1992-04-01
"722","11/10/2015","Died","malibu","No","ANHU","Male","adult-like",0,"Fall","window hit","Non-selasphorus spp.","6566_ANHU","Non-Selasphorus",2015-11-10
"723","3/27/2016","Died","malibu","Yes","Selasphorus","Female-like ","adult-like",-1,"Spring","found on the ground","Selasphorus spp.","6663_ALHU","Selasphorus",2016-03-27
"724","5/11/2002","Died","Lindsey","No","ANHU","Female-like ","adult-like",0,"Spring","found on the ground","Non-selasphorus spp.","2241_ANHU","Non-Selasphorus",2002-05-11
"725","4/4/2016","Died","malibu","Yes","Selasphorus","Male","adult-like",1,"Spring","found on the ground","Selasphorus spp.","6666_ALHU","Selasphorus",2016-04-04
"726","7/10/2013","Released","Lindsey","No","Selasphorus","unknown","Nestling",0,"Summer","unknown","Selasphorus spp.","4788_ALHU","Selasphorus",2013-07-10
"727","6/13/2003","Released","Lindsey","Yes","ANHU","Female-like ","adult-like",0,"Summer","window hit","Non-selasphorus spp.","2511_ANHU","Non-Selasphorus",2003-06-13
"728","6/4/1992","Died","Lindsey","Yes","ANHU","Female-like ","adult-like",0,"Summer","found on the ground","Non-selasphorus spp.","302_ANHU","Non-Selasphorus",1992-06-04
"729","4/27/1998","Died","Lindsey","No","Non-selasphorus","unknown","Nestling",1,"Spring","nest-related","Non-selasphorus spp.","1404_ANHU","Selasphorus",1998-04-27
"730","5/19/2008","Died","Lindsey","No","Non-selasphorus","unknown","Nestling",0,"Spring","nest-related","Non-selasphorus spp.","3500_ANHU","Selasphorus",2008-05-19
"731","2/24/1994","Released","Lindsey","No","ANHU","Female-like ","adult-like",0,"Winter","found on the ground","Non-selasphorus spp.","573_ANHU","Non-Selasphorus",1994-02-24
"732","7/5/2014","Died","Lindsey","No","ANHU","Female-like ","adult-like",1,"Summer","found inside","Non-selasphorus spp.","5074_ANHU","Non-Selasphorus",2014-07-05
"733","3/11/1991","Died","Lindsey","Yes","Non-selasphorus","unknown","Nestling",1,"Spring","nest-related","Non-selasphorus spp.","29_ANHU","Selasphorus",1991-03-11
"734","12/27/2002","Died","Lindsey","No","ANHU","Female-like ","adult-like",0,"Winter","found inside","Non-selasphorus spp.","2362_ANHU","Non-Selasphorus",2002-12-27
"735","4/25/2014","Died","malibu","No","Selasphorus","unknown","Nestling",0,"Spring","unknown","Selasphorus spp.","6206_ALHU","Selasphorus",2014-04-25
"736","7/15/1993","Released","Lindsey","No","ANHU","Female-like ","adult-like",1,"Summer","found on the ground","Non-selasphorus spp.","525_ANHU","Non-Selasphorus",1993-07-15
"737","11/19/2015","Died","malibu","Yes","Selasphorus","Female-like ","adult-like",0,"Fall","unknown","Selasphorus spp.","6540_ALHU","Selasphorus",2015-11-19
"738","6/20/2003","Died","Lindsey","No","ANHU","Female-like ","adult-like",0,"Summer","unknown","Non-selasphorus spp.","2519_ANHU","Non-Selasphorus",2003-06-20
"739","3/24/2007","Died","Lindsey","Yes","ANHU","Female-like ","adult-like",1,"Spring","found on the ground","Non-selasphorus spp.","3232_ANHU","Non-Selasphorus",2007-03-24
"740","6/18/2007","Released","Lindsey","Yes","ANHU","Female-like ","adult-like",1,"Summer","found on the ground","Non-selasphorus spp.","3327_ANHU","Non-Selasphorus",2007-06-18
"741","3/28/2013","Died","Lindsey","Yes","Non-selasphorus","unknown","Nestling",1,"Spring","caught by domestic animal","Non-selasphorus spp.","4660_ANHU","Selasphorus",2013-03-28
"742","3/20/1997","Died","Lindsey","Yes","ANHU","Female-like ","adult-like",1,"Spring","found on the ground","Non-selasphorus spp.","1185_ANHU","Non-Selasphorus",1997-03-20
"743","5/19/2008","Released","Lindsey","No","Non-selasphorus","unknown","Nestling",0,"Spring","nest-related","Non-selasphorus spp.","3501_ANHU","Selasphorus",2008-05-19
"744","6/21/2014","Died","malibu","No","Selasphorus","Female-like ","adult-like",0,"Summer","unknown","Selasphorus spp.","6311_ALHU","Selasphorus",2014-06-21
"745","8/16/2014","Died","malibu","Yes","ANHU","Female-like ","adult-like",2,"Summer","unknown","Non-selasphorus spp.","6182_ANHU","Non-Selasphorus",2014-08-16
"746","6/26/2011","Died","Lindsey","No","Non-selasphorus","unknown","Nestling",0,"Summer","unknown","Non-selasphorus spp.","4262_ANHU","Selasphorus",2011-06-26
"747","6/28/2004","Died","Lindsey","No","ANHU","Female-like ","adult-like",0,"Summer","found on the ground","Non-selasphorus spp.","2735_ANHU","Non-Selasphorus",2004-06-28
"748","12/30/2006","Died","Lindsey","No","ANHU","Female-like ","adult-like",0,"Winter","window hit","Non-selasphorus spp.","3186_ANHU","Non-Selasphorus",2006-12-30
"749","3/5/2007","Released","Lindsey","Yes","Non-selasphorus","unknown","Nestling",1,"Spring","found on the ground","Non-selasphorus spp.","3212_ANHU","Selasphorus",2007-03-05
"750","2/2/2015","Died","Lindsey","No","ANHU","Male","adult-like",0,"Winter","found on the ground","Non-selasphorus spp.","5163_ANHU","Non-Selasphorus",2015-02-02
"751","4/16/2015","Died","malibu","No","ANHU","Female-like ","adult-like",1,"Spring","unknown","Non-selasphorus spp.","6393_ANHU","Non-Selasphorus",2015-04-16
"752","2/26/2016","Died","Lindsey","No","ANHU","Male","adult-like",0,"Winter","found on the ground","Non-selasphorus spp.","5509_ANHU","Non-Selasphorus",2016-02-26
"753","4/5/2016","Released","Santa Barbara","No","ANHU","Female-like ","adult-like",0,"Spring","found on the ground","Non-selasphorus spp.","6859_ANHU","Non-Selasphorus",2016-04-05
"754","6/10/2013","Died","malibu","No","Selasphorus","Female-like ","adult-like",0,"Summer","unknown","Selasphorus spp.","5844_ALHU","Selasphorus",2013-06-10
"755","8/3/2015","Died","Lindsey","No","ANHU","Female-like ","adult-like",0,"Summer","window hit","Non-selasphorus spp.","5426_ANHU","Non-Selasphorus",2015-08-03
"756","5/21/1993","Died","Lindsey","No","Non-selasphorus","unknown","Nestling",0,"Spring","nest-related","Non-selasphorus spp.","473_ANHU","Selasphorus",1993-05-21
"757","6/25/2000","Released","Lindsey","Yes","Non-selasphorus","unknown","Nestling",1,"Summer","nest-related","Non-selasphorus spp.","1873_ANHU","Selasphorus",2000-06-25
"758","4/5/2002","Died","Lindsey","No","ANHU","Female-like ","adult-like",0,"Spring","caught by domestic animal","Non-selasphorus spp.","2200_ANHU","Non-Selasphorus",2002-04-05
"759","8/25/2011","Died","Lindsey","No","ANHU","Male","adult-like",0,"Summer","window hit","Non-selasphorus spp.","4302_ANHU","Non-Selasphorus",2011-08-25
"760","4/24/1998","Died","Lindsey","Yes","ANHU","Female-like ","adult-like",15,"Spring","nest-related","Non-selasphorus spp.","1399_ANHU","Non-Selasphorus",1998-04-24
"761","4/1/2016","Died","Lindsey","No","ANHU","Female-like ","adult-like",0,"Spring","found on the ground","Non-selasphorus spp.","5555_ANHU","Non-Selasphorus",2016-04-01
"762","3/15/1996","Released","Lindsey","No","Non-selasphorus","unknown","Nestling",0,"Spring","nest-related","Non-selasphorus spp.","980_ANHU","Selasphorus",1996-03-15
"763","5/21/2004","Died","Lindsey","Yes","ANHU","Female-like ","adult-like",0,"Spring","window hit","Non-selasphorus spp.","2697_ANHU","Non-Selasphorus",2004-05-21
"764","7/27/1993","Died","Lindsey","No","ANHU","Female-like ","adult-like",0,"Summer","found on the ground","Non-selasphorus spp.","531_ANHU","Non-Selasphorus",1993-07-27
"765","2/1/2011","Died","Lindsey","No","ANHU","Female-like ","adult-like",1,"Winter","found on the ground","Non-selasphorus spp.","4094_ANHU","Non-Selasphorus",2011-02-01
"766","7/4/2011","Released","Lindsey","Yes","Non-selasphorus","unknown","Nestling",0,"Summer","found on the ground","Non-selasphorus spp.","4271_ANHU","Selasphorus",2011-07-04
"767","3/13/1996","Died","Lindsey","No","Non-selasphorus","unknown","Nestling",0,"Spring","nest-related","Non-selasphorus spp.","977_ANHU","Selasphorus",1996-03-13
"768","3/7/2013","Died","Lindsey","No","ANHU","Female-like ","adult-like",1,"Spring","window hit","Non-selasphorus spp.","4633_ANHU","Non-Selasphorus",2013-03-07
"769","5/31/1993","Released","Lindsey","No","Non-selasphorus","unknown","Nestling",0,"Spring","unknown","Non-selasphorus spp.","481_ANHU","Selasphorus",1993-05-31
"770","5/12/2010","Released","Lindsey","Yes","ANHU","Female-like ","adult-like",1,"Spring","found on the ground","Non-selasphorus spp.","3952_ANHU","Non-Selasphorus",2010-05-12
"771","5/10/2010","Released","Lindsey","No","ANHU","Male","adult-like",0,"Spring","window hit","Non-selasphorus spp.","3949_ANHU","Non-Selasphorus",2010-05-10
"772","6/28/2011","Died","Lindsey","No","ANHU","Female-like ","adult-like",0,"Summer","found on the ground","Non-selasphorus spp.","4264_ANHU","Non-Selasphorus",2011-06-28
"773","3/1/1993","Died","Lindsey","Yes","ANHU","Female-like ","adult-like",1,"Spring","found on the ground","Non-selasphorus spp.","385_ANHU","Non-Selasphorus",1993-03-01
"774","4/25/2006","Died","Lindsey","Yes","ANHU","Female-like ","adult-like",0,"Spring","found on the ground","Non-selasphorus spp.","3074_ANHU","Non-Selasphorus",2006-04-25
"775","6/24/1995","Died","Lindsey","No","ANHU","Female-like ","adult-like",0,"Summer","nest-related","Non-selasphorus spp.","883_ANHU","Non-Selasphorus",1995-06-24
"776","5/8/2007","Released","Lindsey","Yes","ANHU","Female-like ","adult-like",1,"Spring","nest-related","Non-selasphorus spp.","3282_ANHU","Non-Selasphorus",2007-05-08
"777","2/9/2010","Died","Lindsey","Yes","ANHU","Female-like ","adult-like",2,"Winter","found on the ground","Non-selasphorus spp.","3858_ANHU","Non-Selasphorus",2010-02-09
"778","3/20/2001","Died","Lindsey","No","ANHU","Female-like ","adult-like",0,"Spring","found on the ground","Non-selasphorus spp.","1993_ANHU","Non-Selasphorus",2001-03-20
"779","5/13/1999","Released","Lindsey","No","Non-selasphorus","unknown","Nestling",0,"Spring","found on the ground","Non-selasphorus spp.","1628_ANHU","Selasphorus",1999-05-13
"780","4/22/2013","Died","malibu","Yes","Selasphorus","Female-like ","adult-like",1,"Spring","unknown","Selasphorus spp.","5785_ALHU","Selasphorus",2013-04-22
"781","7/16/2012","Died","Lindsey","Yes","ANHU","Male","adult-like",0,"Summer","window hit","Non-selasphorus spp.","4531_ANHU","Non-Selasphorus",2012-07-16
"782","3/23/2011","Released","Lindsey","Yes","ANHU","Female-like ","adult-like",0,"Spring","found on the ground","Non-selasphorus spp.","4137_ANHU","Non-Selasphorus",2011-03-23
"783","5/24/2016","Released","Lindsey","Yes","Non-selasphorus","unknown","Nestling",0,"Spring","found on the ground","Non-selasphorus spp.","5615_ANHU","Selasphorus",2016-05-24
"784","3/25/2015","Released","malibu","No","Selasphorus","unknown","Nestling",1,"Spring","found on the ground","Selasphorus spp.","6510_ALHU","Selasphorus",2015-03-25
"785","11/24/2008","Died","Lindsey","No","ANHU","Female-like ","adult-like",0,"Fall","found on the ground","Non-selasphorus spp.","3588_ANHU","Non-Selasphorus",2008-11-24
"786","7/26/2006","Died","Lindsey","Yes","ANHU","Female-like ","adult-like",1,"Summer","caught by domestic animal","Non-selasphorus spp.","3146_ANHU","Non-Selasphorus",2006-07-26
"787","4/11/2013","Released","malibu","No","Selasphorus","unknown","Nestling",0,"Spring","unknown","Selasphorus spp.","5773_ALHU","Selasphorus",2013-04-11
"788","1/13/1991","Died","Lindsey","No","ANHU","Female-like ","adult-like",0,"Winter","found on the ground","Non-selasphorus spp.","11_ANHU","Non-Selasphorus",1991-01-13
"789","3/10/1991","Died","Lindsey","No","ANHU","Female-like ","adult-like",0,"Spring","unknown","Non-selasphorus spp.","25_ANHU","Non-Selasphorus",1991-03-10
"790","3/25/2000","Died","Lindsey","No","Selasphorus","Female-like ","adult-like",0,"Spring","window hit","Selasphorus spp.","1772_RUHU","Selasphorus",2000-03-25
"791","4/19/2010","Died","Lindsey","Yes","ANHU","Female-like ","adult-like",0,"Spring","found on the ground","Non-selasphorus spp.","3920_ANHU","Non-Selasphorus",2010-04-19
"792","6/7/2014","Died","Lindsey","Yes","ANHU","Female-like ","adult-like",20,"Summer","found on the ground","Non-selasphorus spp.","5035_ANHU","Non-Selasphorus",2014-06-07
"793","4/12/2013","Released","Lindsey","No","ANHU","Female-like ","adult-like",0,"Spring","window hit","Non-selasphorus spp.","4684_ANHU","Non-Selasphorus",2013-04-12
"794","6/7/2013","Died","malibu","No","Selasphorus","Female-like ","adult-like",0,"Summer","unknown","Selasphorus spp.","5963_ALHU","Selasphorus",2013-06-07
"795","3/18/2006","Died","Lindsey","Yes","ANHU","Female-like ","adult-like",3,"Spring","found on the ground","Non-selasphorus spp.","3030_ANHU","Non-Selasphorus",2006-03-18
"796","4/25/2002","Died","Lindsey","No","ANHU","Female-like ","adult-like",0,"Spring","found on the ground","Non-selasphorus spp.","2223_ANHU","Non-Selasphorus",2002-04-25
"797","4/5/2008","Died","Lindsey","No","ANHU","Female-like ","adult-like",0,"Spring","caught by domestic animal","Non-selasphorus spp.","3457_ANHU","Non-Selasphorus",2008-04-05
"798","6/25/2011","Died","Lindsey","No","Non-selasphorus","unknown","Nestling",0,"Summer","found on the ground","Non-selasphorus spp.","4259_ANHU","Selasphorus",2011-06-25
"799","6/2/2005","Released","Lindsey","Yes","ANHU","Female-like ","adult-like",0,"Summer","found on the ground","Non-selasphorus spp.","2901_ANHU","Non-Selasphorus",2005-06-02
"800","2/9/2015","Died","malibu","No","Selasphorus","Female-like ","adult-like",0,"Winter","unknown","Selasphorus spp.","6354_ALHU","Selasphorus",2015-02-09
"801","4/5/2004","Released","Lindsey","No","ANHU","Female-like ","adult-like",0,"Spring","window hit","Non-selasphorus spp.","2651_ANHU","Non-Selasphorus",2004-04-05
"802","4/28/1999","Released","Lindsey","No","Non-selasphorus","unknown","Nestling",0,"Spring","nest-related","Non-selasphorus spp.","1611_ANHU","Selasphorus",1999-04-28
"803","4/13/2015","Released","Lindsey","No","ANHU","Female-like ","adult-like",0,"Spring","caught by domestic animal","Non-selasphorus spp.","5265_ANHU","Non-Selasphorus",2015-04-13
"804","3/17/1997","Released","Lindsey","No","Non-selasphorus","unknown","Nestling",0,"Spring","nest-related","Non-selasphorus spp.","1180_ANHU","Selasphorus",1997-03-17
"805","4/8/2008","Died","Lindsey","Yes","ANHU","Male","adult-like",0,"Spring","found on the ground","Non-selasphorus spp.","3464_ANHU","Non-Selasphorus",2008-04-08
"806","6/5/2013","Released","malibu","No","Selasphorus","Female-like ","adult-like",0,"Summer","unknown","Selasphorus spp.","5833_ALHU","Selasphorus",2013-06-05
"807","1/22/2001","Died","Lindsey","No","ANHU","Female-like ","adult-like",0,"Winter","window hit","Non-selasphorus spp.","1943_ANHU","Non-Selasphorus",2001-01-22
"808","2/17/2013","Died","malibu","No","Selasphorus","Female-like ","adult-like",0,"Winter","unknown","Selasphorus spp.","5740_ALHU","Selasphorus",2013-02-17
"809","8/20/1991","Died","Lindsey","No","ANHU","Female-like ","adult-like",0,"Summer","window hit","Non-selasphorus spp.","170_ANHU","Non-Selasphorus",1991-08-20
"810","7/8/2000","Released","Lindsey","No","Selasphorus","Female-like ","adult-like",0,"Summer","found on the ground","Selasphorus spp.","1885_ALHU","Selasphorus",2000-07-08
"811","2/14/2001","Released","Lindsey","No","ANHU","Female-like ","adult-like",0,"Winter","window hit","Non-selasphorus spp.","1958_ANHU","Non-Selasphorus",2001-02-14
"812","12/20/2014","Died","malibu","No","Selasphorus","Male","adult-like",0,"Winter","found on the ground","Selasphorus spp.","6330_ALHU","Selasphorus",2014-12-20
"813","3/14/2015","Died","Lindsey","No","ANHU","Female-like ","adult-like",0,"Spring","found on the ground","Non-selasphorus spp.","5209_ANHU","Non-Selasphorus",2015-03-14
"814","5/7/2015","Released","malibu","Yes","Selasphorus","unknown","Nestling",4,"Spring","found on the ground","Selasphorus spp.","6411_ALHU","Selasphorus",2015-05-07
"815","7/17/2001","Released","Lindsey","No","ANHU","Female-like ","adult-like",0,"Summer","found on the ground","Non-selasphorus spp.","2097_ANHU","Non-Selasphorus",2001-07-17
"816","7/3/2002","Released","Lindsey","No","Non-selasphorus","unknown","Nestling",0,"Summer","found on the ground","Non-selasphorus spp.","2301_ANHU","Selasphorus",2002-07-03
"817","8/9/2015","Released","Lindsey","No","Selasphorus","unknown","Nestling",0,"Summer","found on the ground","Selasphorus spp.","5431_ALHU","Selasphorus",2015-08-09
"818","6/25/2012","Died","Lindsey","No","Non-selasphorus","unknown","Nestling",0,"Summer","found on the ground","Non-selasphorus spp.","4509_ANHU","Selasphorus",2012-06-25
"819","4/22/2014","Released","malibu","Yes","ANHU","Female-like ","adult-like",21,"Spring","found on the ground","Non-selasphorus spp.","6102_ANHU","Non-Selasphorus",2014-04-22
"820","4/29/2008","Released","Lindsey","No","ANHU","Female-like ","adult-like",0,"Spring","window hit","Non-selasphorus spp.","3487_ANHU","Non-Selasphorus",2008-04-29
"821","2/24/1996","Released","Lindsey","Yes","Non-selasphorus","unknown","Nestling",1,"Winter","nest-related","Non-selasphorus spp.","958_ANHU","Selasphorus",1996-02-24
"822","6/12/2005","Died","Lindsey","Yes","Non-selasphorus","unknown","Nestling",0,"Summer","nest-related","Non-selasphorus spp.","2913_ANHU","Selasphorus",2005-06-12
"823","4/4/2002","Released","Lindsey","Yes","ANHU","Female-like ","adult-like",0,"Spring","unknown","Non-selasphorus spp.","2198_ANHU","Non-Selasphorus",2002-04-04
"824","6/3/2008","Released","Lindsey","No","Non-selasphorus","unknown","Nestling",0,"Summer","found on the ground","Non-selasphorus spp.","3509_ANHU","Selasphorus",2008-06-03
"825","3/18/1995","Died","Lindsey","No","Non-selasphorus","unknown","Nestling",0,"Spring","nest-related","Non-selasphorus spp.","782_ANHU","Selasphorus",1995-03-18
"826","8/26/1991","Released","Lindsey","No","ANHU","Female-like ","adult-like",0,"Summer","found on the ground","Non-selasphorus spp.","173_ANHU","Non-Selasphorus",1991-08-26
"827","7/1/2016","Died","Santa Barbara","No","Selasphorus","Female-like ","adult-like",1,"Summer","caught by domestic animal","Selasphorus spp.","6899_RUHU","Selasphorus",2016-07-01
"828","3/24/2015","Died","Lindsey","Yes","ANHU","Female-like ","adult-like",0,"Spring","found on the ground","Non-selasphorus spp.","5227_ANHU","Non-Selasphorus",2015-03-24
"829","6/17/2014","Died","malibu","No","Selasphorus","Female-like ","adult-like",0,"Summer","unknown","Selasphorus spp.","6308_ALHU","Selasphorus",2014-06-17
"830","4/13/1998","Died","Lindsey","Yes","ANHU","Female-like ","adult-like",0,"Spring","found on the ground","Non-selasphorus spp.","1379_ANHU","Non-Selasphorus",1998-04-13
"831","7/22/2004","Released","Lindsey","No","ANHU","Female-like ","adult-like",0,"Summer","found on the ground","Non-selasphorus spp.","2750_ANHU","Non-Selasphorus",2004-07-22
"832","5/4/1991","Died","Lindsey","No","ANHU","Female-like ","adult-like",0,"Spring","unknown","Non-selasphorus spp.","88_ANHU","Non-Selasphorus",1991-05-04
"833","5/22/2015","Released","Lindsey","No","Non-selasphorus","unknown","Nestling",0,"Spring","found on the ground","Non-selasphorus spp.","5331_ANHU","Selasphorus",2015-05-22
"834","3/24/1992","Released","Lindsey","Yes","ANHU","Female-like ","adult-like",0,"Spring","caught by domestic animal","Non-selasphorus spp.","226_ANHU","Non-Selasphorus",1992-03-24
"835","11/30/1999","Died","Lindsey","No","ANHU","Female-like ","adult-like",0,"Fall","found inside","Non-selasphorus spp.","1722_ANHU","Non-Selasphorus",1999-11-30
"836","7/19/2015","Released","malibu","No","Selasphorus","unknown","Nestling",0,"Summer","unknown","Selasphorus spp.","6579_ALHU","Selasphorus",2015-07-19
"837","3/20/2012","Died","Lindsey","Yes","ANHU","Male","adult-like",0,"Spring","found on the ground","Non-selasphorus spp.","4396_ANHU","Non-Selasphorus",2012-03-20
"838","7/9/1994","Died","Lindsey","Yes","Selasphorus","unknown","Nestling",0,"Summer","nest-related","Selasphorus spp.","698_ALHU","Selasphorus",1994-07-09
"839","10/8/2000","Died","Lindsey","Yes","ANHU","Female-like ","adult-like",0,"Fall","found on the ground","Non-selasphorus spp.","1911_ANHU","Non-Selasphorus",2000-10-08
"840","8/18/1995","Died","Lindsey","No","ANHU","Female-like ","adult-like",0,"Summer","window hit","Non-selasphorus spp.","911_ANHU","Non-Selasphorus",1995-08-18
"841","5/13/2014","Released","malibu","No","Selasphorus","Female-like ","adult-like",0,"Spring","unknown","Selasphorus spp.","6225_ALHU","Selasphorus",2014-05-13
"842","4/13/2014","Died","malibu","No","Selasphorus","Female-like ","adult-like",0,"Spring","found on the ground","Selasphorus spp.","6092_ALHU","Selasphorus",2014-04-13
"843","6/14/2000","Died","Lindsey","No","ANHU","Female-like ","adult-like",0,"Summer","found on the ground","Non-selasphorus spp.","1853_ANHU","Non-Selasphorus",2000-06-14
"844","6/19/2001","Released","Lindsey","Yes","ANHU","Female-like ","adult-like",2,"Summer","found on the ground","Non-selasphorus spp.","2073_ANHU","Non-Selasphorus",2001-06-19
"845","3/8/2009","Released","Lindsey","No","Non-selasphorus","unknown","Nestling",0,"Spring","nest-related","Non-selasphorus spp.","3641_ANHU","Selasphorus",2009-03-08
"846","5/16/2001","Died","Lindsey","Yes","ANHU","Female-like ","adult-like",0,"Spring","caught by domestic animal","Non-selasphorus spp.","2045_ANHU","Non-Selasphorus",2001-05-16
"847","6/25/2013","Died","malibu","Yes","Selasphorus","Female-like ","adult-like",1,"Summer","unknown","Selasphorus spp.","5863_ALHU","Selasphorus",2013-06-25
"848","1/26/1999","Died","Lindsey","Yes","ANHU","Female-like ","adult-like",0,"Winter","nest-related","Non-selasphorus spp.","1535_ANHU","Non-Selasphorus",1999-01-26
"849","3/21/2015","Released","malibu","Yes","Selasphorus","Female-like ","adult-like",0,"Spring","unknown","Selasphorus spp.","6513_ALHU","Selasphorus",2015-03-21
"850","6/14/2016","Released","malibu","No","Selasphorus","Female-like ","adult-like",-70,"Summer","unknown","Selasphorus spp.","6777_ALHU","Selasphorus",2016-06-14
"851","2/8/2009","Died","Lindsey","Yes","ANHU","Female-like ","adult-like",0,"Winter","caught by domestic animal","Non-selasphorus spp.","3613_ANHU","Non-Selasphorus",2009-02-08
"852","3/7/2009","Released","Lindsey","No","Non-selasphorus","unknown","Nestling",0,"Spring","caught by domestic animal","Non-selasphorus spp.","3638_ANHU","Selasphorus",2009-03-07
"853","3/16/2009","Released","Lindsey","No","ANHU","Female-like ","adult-like",0,"Spring","found on the ground","Non-selasphorus spp.","3650_ANHU","Non-Selasphorus",2009-03-16
"854","4/18/2000","Died","Lindsey","No","ANHU","Female-like ","adult-like",24,"Spring","window hit","Non-selasphorus spp.","1799_ANHU","Non-Selasphorus",2000-04-18
"855","2/26/2011","Died","Lindsey","No","ANHU","Male","adult-like",0,"Winter","window hit","Non-selasphorus spp.","4107_ANHU","Non-Selasphorus",2011-02-26
"856","7/9/2015","Released","Lindsey","Yes","ANHU","Female-like ","adult-like",8,"Summer","unknown","Non-selasphorus spp.","5416_ANHU","Non-Selasphorus",2015-07-09
"857","5/5/2014","Released","Lindsey","No","Non-selasphorus","unknown","Nestling",0,"Spring","found on the ground","Non-selasphorus spp.","4989_ANHU","Selasphorus",2014-05-05
"858","4/7/2007","Died","Lindsey","Yes","ANHU","Female-like ","adult-like",0,"Spring","found on the ground","Non-selasphorus spp.","3244_ANHU","Non-Selasphorus",2007-04-07
"859","12/10/2013","Died","Lindsey","Yes","ANHU","Male","adult-like",1,"Winter","found on the ground","Non-selasphorus spp.","4843_ANHU","Non-Selasphorus",2013-12-10
"860","12/30/1998","Died","Lindsey","No","ANHU","Female-like ","adult-like",0,"Winter","caught by domestic animal","Non-selasphorus spp.","1522_ANHU","Non-Selasphorus",1998-12-30
"861","3/25/1998","Died","Lindsey","No","ANHU","Female-like ","adult-like",0,"Spring","found on the ground","Non-selasphorus spp.","1359_ANHU","Non-Selasphorus",1998-03-25
"862","11/29/2010","Died","Lindsey","Yes","ANHU","Female-like ","adult-like",0,"Fall","found on the ground","Non-selasphorus spp.","4078_ANHU","Non-Selasphorus",2010-11-29
"863","6/10/1995","Released","Lindsey","No","Non-selasphorus","unknown","Nestling",0,"Summer","nest-related","Non-selasphorus spp.","863_ANHU","Selasphorus",1995-06-10
"864","3/20/2001","Released","Lindsey","Yes","Non-selasphorus","unknown","Nestling",0,"Spring","found on the ground","Non-selasphorus spp.","1991_ANHU","Selasphorus",2001-03-20
"865","9/8/2013","Died","malibu","Yes","ANHU","Male","adult-like",1,"Fall","unknown","Non-selasphorus spp.","5891_ANHU","Non-Selasphorus",2013-09-08
"866","7/12/2000","Died","Lindsey","Yes","ANHU","Female-like ","adult-like",1,"Summer","found on the ground","Non-selasphorus spp.","1889_ANHU","Non-Selasphorus",2000-07-12
"867","5/20/2015","Released","Lindsey","No","Non-selasphorus","unknown","Nestling",0,"Spring","found on the ground","Non-selasphorus spp.","5328_ANHU","Selasphorus",2015-05-20
"868","7/9/2009","Died","Lindsey","No","Selasphorus","Female-like ","adult-like",0,"Summer","found on the ground","Selasphorus spp.","3784_ALHU","Selasphorus",2009-07-09
"869","8/25/2000","Died","Lindsey","No","Selasphorus","Female-like ","adult-like",0,"Summer","caught by domestic animal","Selasphorus spp.","1901_ALHU","Selasphorus",2000-08-25
"870","2/1/2005","Died","Lindsey","No","Non-selasphorus","unknown","Nestling",0,"Winter","caught by domestic animal","Non-selasphorus spp.","2792_ANHU","Selasphorus",2005-02-01
"871","4/21/2006","Died","Lindsey","Yes","ANHU","Female-like ","adult-like",0,"Spring","found on the ground","Non-selasphorus spp.","3068_ANHU","Non-Selasphorus",2006-04-21
"872","1/28/2013","Released","Lindsey","No","ANHU","Male","adult-like",0,"Winter","window hit","Non-selasphorus spp.","4597_ANHU","Non-Selasphorus",2013-01-28
"873","5/12/2014","Released","malibu","No","Selasphorus","Female-like ","adult-like",2,"Spring","found on the ground","Selasphorus spp.","6221_ALHU","Selasphorus",2014-05-12
"874","5/22/2004","Released","Lindsey","No","ANHU","Female-like ","adult-like",0,"Spring","unknown","Non-selasphorus spp.","2698_ANHU","Non-Selasphorus",2004-05-22
"875","8/27/2014","Died","Lindsey","No","ANHU","Male","adult-like",0,"Summer","caught by domestic animal","Non-selasphorus spp.","5104_ANHU","Non-Selasphorus",2014-08-27
"876","7/23/1991","Died","Lindsey","No","ANHU","Female-like ","adult-like",0,"Summer","window hit","Non-selasphorus spp.","153_ANHU","Non-Selasphorus",1991-07-23
"877","7/11/2013","Released","Lindsey","No","ANHU","Female-like ","adult-like",0,"Summer","caught by domestic animal","Non-selasphorus spp.","4790_ANHU","Non-Selasphorus",2013-07-11
"878","5/17/2010","Died","Lindsey","No","Non-selasphorus","unknown","Nestling",1,"Spring","nest-related","Non-selasphorus spp.","3957_ANHU","Selasphorus",2010-05-17
"879","8/25/2016","Died","Santa Barbara","No","ANHU","Female-like ","adult-like",0,"Summer","found on the ground","Non-selasphorus spp.","6920_ANHU","Non-Selasphorus",2016-08-25
"880","10/4/2015","Died","Lindsey","Yes","ANHU","Female-like ","adult-like",1,"Fall","unknown","Non-selasphorus spp.","5442_ANHU","Non-Selasphorus",2015-10-04
"881","5/9/2014","Released","Lindsey","No","Non-selasphorus","unknown","Nestling",0,"Spring","nest-related","Non-selasphorus spp.","4992_ANHU","Selasphorus",2014-05-09
"882","4/21/1998","Died","Lindsey","Yes","Non-selasphorus","unknown","Nestling",0,"Spring","nest-related","Non-selasphorus spp.","1393_ANHU","Selasphorus",1998-04-21
"883","12/28/2004","Died","Lindsey","No","ANHU","Female-like ","adult-like",0,"Winter","window hit","Non-selasphorus spp.","2779_ANHU","Non-Selasphorus",2004-12-28
"884","10/8/2016","Died","malibu","No","Selasphorus","Female-like ","adult-like",0,"Fall","unknown","Selasphorus spp.","6807_ALHU","Selasphorus",2016-10-08
"885","5/1/2005","Died","Lindsey","Yes","ANHU","Female-like ","adult-like",0,"Spring","found on the ground","Non-selasphorus spp.","2868_ANHU","Non-Selasphorus",2005-05-01
"886","3/29/2001","Died","Lindsey","No","Non-selasphorus","unknown","Nestling",0,"Spring","found on the ground","Non-selasphorus spp.","2004_ANHU","Selasphorus",2001-03-29
"887","5/26/2011","Released","Lindsey","No","Non-selasphorus","unknown","Nestling",0,"Spring","nest-related","Non-selasphorus spp.","4219_ANHU","Selasphorus",2011-05-26
"888","7/8/2000","Died","Lindsey","Yes","ANHU","Female-like ","adult-like",1,"Summer","suspect torpor-like state","Non-selasphorus spp.","1884_ANHU","Non-Selasphorus",2000-07-08
"889","5/2/2015","Died","malibu","No","ANHU","Female-like ","adult-like",0,"Spring","found on the ground","Non-selasphorus spp.","6405_ANHU","Non-Selasphorus",2015-05-02
"890","6/14/2011","Died","Lindsey","No","Non-selasphorus","unknown","Nestling",0,"Summer","nest-related","Non-selasphorus spp.","4249_ANHU","Selasphorus",2011-06-14
"891","4/4/2005","Died","Lindsey","No","Selasphorus","unknown","Nestling",0,"Spring","nest-related","Selasphorus spp.","2843_ALHU","Selasphorus",2005-04-04
"892","3/9/2012","Released","Lindsey","Yes","ANHU","Female-like ","adult-like",1,"Spring","caught by domestic animal","Non-selasphorus spp.","4376_ANHU","Non-Selasphorus",2012-03-09
"893","5/10/2005","Died","Lindsey","Yes","Selasphorus","Female-like ","adult-like",0,"Spring","caught by domestic animal","Selasphorus spp.","2875_ALHU","Selasphorus",2005-05-10
"894","6/14/2012","Released","Lindsey","Yes","Non-selasphorus","unknown","Nestling",0,"Summer","nest-related","Non-selasphorus spp.","4496_ANHU","Selasphorus",2012-06-14
"895","7/10/2016","Died","Lindsey","Yes","ANHU","Female-like ","adult-like",1,"Summer","found on the ground","Non-selasphorus spp.","5678_ANHU","Non-Selasphorus",2016-07-10
"896","10/21/1997","Died","Lindsey","Yes","ANHU","Female-like ","adult-like",0,"Fall","unknown","Non-selasphorus spp.","1314_ANHU","Non-Selasphorus",1997-10-21
"897","6/13/1997","Released","Lindsey","No","ANHU","Female-like ","adult-like",0,"Summer","found on the ground","Non-selasphorus spp.","1261_ANHU","Non-Selasphorus",1997-06-13
"898","4/21/2013","Died","malibu","No","BCHU","Male","adult-like",0,"Spring","unknown","Non-selasphorus spp.","5784_BCHU","Non-Selasphorus",2013-04-21
"899","7/23/2012","Died","Lindsey","Yes","ANHU","Male","adult-like",1,"Summer","found on the ground","Non-selasphorus spp.","4541_ANHU","Non-Selasphorus",2012-07-23
"900","6/28/2013","Released","Lindsey","Yes","Non-selasphorus","unknown","Nestling",0,"Summer","caught by domestic animal","Non-selasphorus spp.","4782_ANHU","Selasphorus",2013-06-28
"901","5/10/2014","Died","malibu","Yes","Selasphorus","Female-like ","adult-like",1,"Spring","found on the ground","Selasphorus spp.","6113_ALHU","Selasphorus",2014-05-10
"902","3/15/1998","Died","Lindsey","No","ANHU","Female-like ","adult-like",0,"Spring","window hit","Non-selasphorus spp.","1357_ANHU","Non-Selasphorus",1998-03-15
"903","3/23/2007","Released","Lindsey","No","ANHU","Female-like ","adult-like",0,"Spring","caught by domestic animal","Non-selasphorus spp.","3230_ANHU","Non-Selasphorus",2007-03-23
"904","5/4/2013","Released","Lindsey","No","ANHU","Female-like ","adult-like",0,"Spring","caught by domestic animal","Non-selasphorus spp.","4715_ANHU","Non-Selasphorus",2013-05-04
"905","4/16/2005","Died","Lindsey","No","Non-selasphorus","unknown","Nestling",0,"Spring","nest-related","Non-selasphorus spp.","2856_ANHU","Selasphorus",2005-04-16
"906","7/10/2007","Died","Lindsey","No","ANHU","Female-like ","adult-like",0,"Summer","found on the ground","Non-selasphorus spp.","3343_ANHU","Non-Selasphorus",2007-07-10
"907","3/2/2013","Died","malibu","No","Selasphorus","Male","adult-like",0,"Spring","unknown","Selasphorus spp.","5750_ALHU","Selasphorus",2013-03-02
"908","8/11/2016","Died","Lindsey","No","ANHU","Female-like ","adult-like",0,"Summer","caught by domestic animal","Non-selasphorus spp.","5694_ANHU","Non-Selasphorus",2016-08-11
"909","4/8/2006","Died","Lindsey","No","Selasphorus","unknown","Nestling",1,"Spring","nest-related","Selasphorus spp.","3052_RUHU","Selasphorus",2006-04-08
"910","6/26/2014","Died","malibu","Yes","ANHU","Male","adult-like",1,"Summer","found on the ground","Non-selasphorus spp.","6152_ANHU","Non-Selasphorus",2014-06-26
"911","4/9/2015","Died","Lindsey","Yes","ANHU","Female-like ","adult-like",1,"Spring","caught by domestic animal","Non-selasphorus spp.","5257_ANHU","Non-Selasphorus",2015-04-09
"912","3/18/2014","Died","Lindsey","Yes","ANHU","Male","adult-like",0,"Spring","found on the ground","Non-selasphorus spp.","4910_ANHU","Non-Selasphorus",2014-03-18
"913","6/23/1995","Released","Lindsey","No","Non-selasphorus","unknown","Nestling",1,"Summer","found on the ground","Non-selasphorus spp.","880_ANHU","Selasphorus",1995-06-23
"914","3/23/2016","Released","Santa Barbara","No","ANHU","Female-like ","adult-like",0,"Spring","found on the ground","Non-selasphorus spp.","6855_ANHU","Non-Selasphorus",2016-03-23
"915","2/14/2010","Died","Lindsey","No","ANHU","Male","adult-like",0,"Winter","unknown","Non-selasphorus spp.","3863_ANHU","Non-Selasphorus",2010-02-14
"916","6/13/2013","Died","malibu","No","Selasphorus","Female-like ","adult-like",0,"Summer","unknown","Selasphorus spp.","5975_ALHU","Selasphorus",2013-06-13
"917","1/23/2006","Released","Lindsey","Yes","ANHU","Female-like ","adult-like",1,"Winter","unknown","Non-selasphorus spp.","2991_ANHU","Non-Selasphorus",2006-01-23
"918","6/7/2014","Released","malibu","No","Selasphorus","unknown","Nestling",0,"Summer","unknown","Selasphorus spp.","6132_ALHU","Selasphorus",2014-06-07
"919","3/28/2007","Died","Lindsey","Yes","Non-selasphorus","unknown","Nestling",3,"Spring","nest-related","Non-selasphorus spp.","3235_ANHU","Selasphorus",2007-03-28
"920","6/13/1992","Released","Lindsey","Yes","ANHU","Female-like ","adult-like",0,"Summer","found on the ground","Non-selasphorus spp.","316_ANHU","Non-Selasphorus",1992-06-13
"921","3/25/2012","Released","Lindsey","Yes","ANHU","Female-like ","adult-like",0,"Spring","found on the ground","Non-selasphorus spp.","4402_ANHU","Non-Selasphorus",2012-03-25
"922","8/30/2012","Released","Lindsey","Yes","ANHU","Female-like ","adult-like",0,"Summer","found on the ground","Non-selasphorus spp.","4559_ANHU","Non-Selasphorus",2012-08-30
"923","6/9/2013","Released","Lindsey","No","Non-selasphorus","unknown","Nestling",0,"Summer","nest-related","Non-selasphorus spp.","4753_ANHU","Selasphorus",2013-06-09
"924","6/2/2012","Died","Lindsey","No","Non-selasphorus","unknown","Nestling",0,"Summer","unknown","Non-selasphorus spp.","4485_ANHU","Selasphorus",2012-06-02
"925","11/12/2010","Died","Lindsey","No","ANHU","Male","adult-like",0,"Fall","window hit","Non-selasphorus spp.","4071_ANHU","Non-Selasphorus",2010-11-12
"926","6/10/1996","Released","Lindsey","No","ANHU","Female-like ","adult-like",0,"Summer","unknown","Non-selasphorus spp.","1073_ANHU","Non-Selasphorus",1996-06-10
"927","6/12/2003","Released","Lindsey","No","ANHU","Female-like ","adult-like",0,"Summer","found on the ground","Non-selasphorus spp.","2509_ANHU","Non-Selasphorus",2003-06-12
"928","8/17/2016","Died","Lindsey","No","ANHU","Male","adult-like",0,"Summer","found on the ground","Non-selasphorus spp.","5696_ANHU","Non-Selasphorus",2016-08-17
"929","4/27/2009","Released","Lindsey","No","Non-selasphorus","unknown","Nestling",0,"Spring","found on the ground","Non-selasphorus spp.","3710_ANHU","Selasphorus",2009-04-27
"930","6/21/1991","Died","Lindsey","Yes","ANHU","Female-like ","adult-like",1,"Summer","window hit","Non-selasphorus spp.","131_ANHU","Non-Selasphorus",1991-06-21
"931","8/9/2001","Died","Lindsey","Yes","Selasphorus","Female-like ","adult-like",1,"Summer","found on the ground","Selasphorus spp.","2109_ALHU","Selasphorus",2001-08-09
"932","3/29/2009","Released","Lindsey","No","Non-selasphorus","unknown","Nestling",0,"Spring","found on the ground","Non-selasphorus spp.","3666_ANHU","Selasphorus",2009-03-29
"933","7/14/2005","Died","Lindsey","No","Non-selasphorus","unknown","Nestling",0,"Summer","found on the ground","Non-selasphorus spp.","2958_ANHU","Selasphorus",2005-07-14
"934","6/11/2013","Died","Lindsey","No","Selasphorus","Female-like ","adult-like",0,"Summer","found on the ground","Selasphorus spp.","4756_ALHU","Selasphorus",2013-06-11
"935","8/23/1992","Died","Lindsey","No","ANHU","Female-like ","adult-like",0,"Summer","unknown","Non-selasphorus spp.","358_ANHU","Non-Selasphorus",1992-08-23
"936","4/19/1995","Released","Lindsey","No","Selasphorus","Female-like ","adult-like",0,"Spring","window hit","Selasphorus spp.","819_ALHU","Selasphorus",1995-04-19
"937","9/11/2012","Died","Lindsey","Yes","Selasphorus","Female-like ","adult-like",1,"Fall","found on the ground","Selasphorus spp.","4564_ALHU","Selasphorus",2012-09-11
"938","7/6/2015","Died","Lindsey","No","ANHU","Female-like ","adult-like",0,"Summer","found on the ground","Non-selasphorus spp.","5411_ANHU","Non-Selasphorus",2015-07-06
"939","11/16/2011","Released","Lindsey","Yes","ANHU","Male","adult-like",0,"Fall","unknown","Non-selasphorus spp.","4324_ANHU","Non-Selasphorus",2011-11-16
"940","6/14/2008","Released","Lindsey","No","Non-selasphorus","unknown","Nestling",1,"Summer","nest-related","Non-selasphorus spp.","3521_ANHU","Selasphorus",2008-06-14
"941","5/4/2005","Released","Lindsey","No","ANHU","Female-like ","adult-like",0,"Spring","caught by domestic animal","Non-selasphorus spp.","2871_ANHU","Non-Selasphorus",2005-05-04
"942","4/11/1997","Died","Lindsey","Yes","ANHU","Female-like ","adult-like",0,"Spring","found inside","Non-selasphorus spp.","1207_ANHU","Non-Selasphorus",1997-04-11
"943","2/25/2000","Died","Lindsey","No","ANHU","Female-like ","adult-like",0,"Winter","found on the ground","Non-selasphorus spp.","1742_ANHU","Non-Selasphorus",2000-02-25
"944","9/28/1993","Died","Lindsey","No","ANHU","Female-like ","adult-like",0,"Fall","unknown","Non-selasphorus spp.","545_ANHU","Non-Selasphorus",1993-09-28
"945","11/6/2016","Died","malibu","No","ANHU","Female-like ","adult-like",0,"Fall","found on the ground","Non-selasphorus spp.","6818_ANHU","Non-Selasphorus",2016-11-06
"946","2/26/2016","Released","Lindsey","No","ANHU","Female-like ","adult-like",0,"Winter","unknown","Non-selasphorus spp.","5510_ANHU","Non-Selasphorus",2016-02-26
"947","3/5/2008","Died","Lindsey","No","ANHU","Female-like ","adult-like",0,"Spring","found on the ground","Non-selasphorus spp.","3426_ANHU","Non-Selasphorus",2008-03-05
"948","1/21/2001","Died","Lindsey","Yes","ANHU","Female-like ","adult-like",0,"Winter","found on the ground","Non-selasphorus spp.","1942_ANHU","Non-Selasphorus",2001-01-21
"949","4/22/1998","Died","Lindsey","No","Selasphorus","Female-like ","adult-like",0,"Spring","window hit","Selasphorus spp.","1398_ALHU","Selasphorus",1998-04-22
"950","10/28/2006","Released","Lindsey","No","ANHU","Female-like ","adult-like",7,"Fall","caught by domestic animal","Non-selasphorus spp.","3163_ANHU","Non-Selasphorus",2006-10-28
"951","4/19/2013","Released","malibu","Yes","Selasphorus","unknown","Nestling",1,"Spring","caught by domestic animal","Selasphorus spp.","5782_ALHU","Selasphorus",2013-04-19
"952","11/29/2001","Died","Lindsey","No","ANHU","Female-like ","adult-like",0,"Fall","found on the ground","Non-selasphorus spp.","2136_ANHU","Non-Selasphorus",2001-11-29
"953","3/8/2004","Died","Lindsey","Yes","ANHU","Female-like ","adult-like",0,"Spring","window hit","Non-selasphorus spp.","2630_ANHU","Non-Selasphorus",2004-03-08
"954","3/7/2015","Released","malibu","No","Selasphorus","Female-like ","adult-like",1,"Spring","found on the ground","Selasphorus spp.","6525_ALHU","Selasphorus",2015-03-07
"955","8/12/2012","Died","Lindsey","Yes","ANHU","Female-like ","adult-like",0,"Summer","found on the ground","Non-selasphorus spp.","4553_ANHU","Non-Selasphorus",2012-08-12
"956","9/21/2004","Died","Lindsey","Yes","ANHU","Female-like ","adult-like",1,"Fall","caught by domestic animal","Non-selasphorus spp.","2768_ANHU","Non-Selasphorus",2004-09-21
"957","4/26/2004","Died","Lindsey","No","ANHU","Female-like ","adult-like",0,"Spring","window hit","Non-selasphorus spp.","2675_ANHU","Non-Selasphorus",2004-04-26
"958","1/25/1998","Died","Lindsey","No","ANHU","Female-like ","adult-like",0,"Winter","found on the ground","Non-selasphorus spp.","1330_ANHU","Non-Selasphorus",1998-01-25
"959","2/3/2009","Released","Lindsey","No","Non-selasphorus","unknown","Nestling",0,"Winter","unknown","Non-selasphorus spp.","3610_ANHU","Selasphorus",2009-02-03
"960","4/8/2014","Released","Lindsey","Yes","ANHU","Male","adult-like",0,"Spring","found on the ground","Non-selasphorus spp.","4947_ANHU","Non-Selasphorus",2014-04-08
"961","3/29/1996","Released","Lindsey","Yes","Non-selasphorus","unknown","Nestling",0,"Spring","nest-related","Non-selasphorus spp.","998_ANHU","Selasphorus",1996-03-29
"962","6/20/2013","Died","malibu","No","Selasphorus","Female-like ","adult-like",2,"Summer","unknown","Selasphorus spp.","5996_ALHU","Selasphorus",2013-06-20
"963","2/24/2016","Died","malibu","Yes","Selasphorus","Male","adult-like",0,"Winter","found on the ground","Selasphorus spp.","6628_ALHU","Selasphorus",2016-02-24
"964","6/7/2016","Released","Lindsey","Yes","Non-selasphorus","unknown","Nestling",0,"Summer","found on the ground","Non-selasphorus spp.","5632_ANHU","Selasphorus",2016-06-07
"965","6/9/2000","Released","Lindsey","No","Non-selasphorus","unknown","Nestling",0,"Summer","unknown","Non-selasphorus spp.","1848_ANHU","Selasphorus",2000-06-09
"966","6/21/2014","Died","Lindsey","No","Selasphorus","unknown","Nestling",0,"Summer","found on the ground","Selasphorus spp.","5060_ALHU","Selasphorus",2014-06-21
"967","2/26/2016","Died","Lindsey","Yes","Selasphorus","Female-like ","adult-like",2,"Winter","found on the ground","Selasphorus spp.","5508_RUHU","Selasphorus",2016-02-26
"968","10/4/2004","Died","Lindsey","No","ANHU","Female-like ","adult-like",0,"Fall","found on the ground","Non-selasphorus spp.","2770_ANHU","Non-Selasphorus",2004-10-04
"969","4/23/2009","Died","Lindsey","No","Non-selasphorus","unknown","Nestling",0,"Spring","nest-related","Non-selasphorus spp.","3703_ANHU","Selasphorus",2009-04-23
"970","3/19/1995","Died","Lindsey","No","ANHU","Female-like ","adult-like",1,"Spring","nest-related","Non-selasphorus spp.","784_ANHU","Non-Selasphorus",1995-03-19
"971","7/10/2006","Released","Lindsey","Yes","ANHU","Female-like ","adult-like",1,"Summer","found on the ground","Non-selasphorus spp.","3138_ANHU","Non-Selasphorus",2006-07-10
"972","7/15/2001","Died","Lindsey","No","ANHU","Female-like ","adult-like",0,"Summer","found on the ground","Non-selasphorus spp.","2096_ANHU","Non-Selasphorus",2001-07-15
"973","4/30/2005","Died","Lindsey","No","ANHU","Female-like ","adult-like",0,"Spring","found on the ground","Non-selasphorus spp.","2865_ANHU","Non-Selasphorus",2005-04-30
"974","9/20/1991","Died","Lindsey","No","ANHU","Female-like ","adult-like",0,"Fall","unknown","Non-selasphorus spp.","181_ANHU","Non-Selasphorus",1991-09-20
"975","5/1/2008","Died","Lindsey","Yes","Selasphorus","Male","adult-like",0,"Spring","window hit","Selasphorus spp.","3491_RUHU","Selasphorus",2008-05-01
"976","7/9/2016","Died","Lindsey","Yes","ANHU","Female-like ","adult-like",0,"Summer","window hit","Non-selasphorus spp.","5675_ANHU","Non-Selasphorus",2016-07-09
"977","7/7/2014","Died","Lindsey","No","Non-selasphorus","unknown","Nestling",0,"Summer","found on the ground","Non-selasphorus spp.","5080_ANHU","Selasphorus",2014-07-07
"978","4/12/2011","Died","Lindsey","Yes","ANHU","Female-like ","adult-like",0,"Spring","found on the ground","Non-selasphorus spp.","4167_ANHU","Non-Selasphorus",2011-04-12
"979","5/26/2015","Released","malibu","No","ANHU","Female-like ","adult-like",1,"Spring","found on the ground","Non-selasphorus spp.","6434_ANHU","Non-Selasphorus",2015-05-26
"980","8/13/2013","Released","Lindsey","No","ANHU","Male","adult-like",0,"Summer","caught by domestic animal","Non-selasphorus spp.","4805_ANHU","Non-Selasphorus",2013-08-13
"981","3/11/1991","Died","Lindsey","No","Selasphorus","Female-like ","adult-like",0,"Spring","found on the ground","Selasphorus spp.","27_ALHU","Selasphorus",1991-03-11
"982","6/8/2007","Released","Lindsey","Yes","Non-selasphorus","unknown","Nestling",0,"Summer","nest-related","Non-selasphorus spp.","3312_ANHU","Selasphorus",2007-06-08
"983","4/20/2014","Released","Lindsey","No","ANHU","Female-like ","adult-like",0,"Spring","unknown","Non-selasphorus spp.","4963_ANHU","Non-Selasphorus",2014-04-20
"984","3/21/2002","Died","Lindsey","No","Non-selasphorus","unknown","Nestling",3,"Spring","unknown","Non-selasphorus spp.","2182_ANHU","Selasphorus",2002-03-21
"985","3/26/1991","Died","Lindsey","Yes","ANHU","Female-like ","adult-like",0,"Spring","found on the ground","Non-selasphorus spp.","45_ANHU","Non-Selasphorus",1991-03-26
"986","10/22/2005","Died","Lindsey","No","ANHU","Female-like ","adult-like",0,"Fall","caught by domestic animal","Non-selasphorus spp.","2976_ANHU","Non-Selasphorus",2005-10-22
"987","5/22/2008","Released","Lindsey","No","Non-selasphorus","unknown","Nestling",0,"Spring","nest-related","Non-selasphorus spp.","3503_ANHU","Selasphorus",2008-05-22
"988","8/23/2008","Died","Lindsey","Yes","Selasphorus","Female-like ","adult-like",0,"Summer","caught by domestic animal","Selasphorus spp.","3565_ALHU","Selasphorus",2008-08-23
"989","4/1/2000","Released","Lindsey","Yes","ANHU","Female-like ","adult-like",1,"Spring","nest-related","Non-selasphorus spp.","1777_ANHU","Non-Selasphorus",2000-04-01
"990","6/2/2015","Died","malibu","Yes","Selasphorus","unknown","Nestling",16588,"Summer","found on the ground","Selasphorus spp.","6445_ALHU","Selasphorus",2015-06-02
"991","1/21/2013","Died","Lindsey","Yes","ANHU","Male","adult-like",1,"Winter","found on the ground","Non-selasphorus spp.","4595_ANHU","Non-Selasphorus",2013-01-21
"992","7/30/2014","Died","Lindsey","No","Selasphorus","Female-like ","adult-like",0,"Summer","caught by domestic animal","Selasphorus spp.","5095_RUHU","Selasphorus",2014-07-30
"993","4/15/2016","Died","malibu","Yes","ANHU","Female-like ","adult-like",0,"Spring","unknown","Non-selasphorus spp.","6695_ANHU","Non-Selasphorus",2016-04-15
"994","5/2/1991","Died","Lindsey","Yes","ANHU","Female-like ","adult-like",1,"Spring","found on the ground","Non-selasphorus spp.","87_ANHU","Non-Selasphorus",1991-05-02
"995","7/24/2011","Died","Lindsey","No","ANHU","Male","adult-like",1,"Summer","unknown","Non-selasphorus spp.","4283_ANHU","Non-Selasphorus",2011-07-24
"996","5/13/1998","Released","Lindsey","No","Non-selasphorus","unknown","Nestling",0,"Spring","nest-related","Non-selasphorus spp.","1414_ANHU","Selasphorus",1998-05-13
"997","3/26/1997","Died","Lindsey","No","Selasphorus","Female-like ","adult-like",0,"Spring","found on the ground","Selasphorus spp.","1193_ALHU","Selasphorus",1997-03-26
"998","5/16/2014","Died","malibu","Yes","Selasphorus","unknown","Nestling",0,"Spring","unknown","Selasphorus spp.","6115_ALHU","Selasphorus",2014-05-16
"999","3/29/1996","Released","Lindsey","No","ANHU","Female-like ","adult-like",0,"Spring","found on the ground","Non-selasphorus spp.","999_ANHU","Non-Selasphorus",1996-03-29
"1000","6/22/2016","Died","Santa Barbara","No","ANHU","Female-like ","adult-like",1,"Summer","found on the ground","Non-selasphorus spp.","6888_ANHU","Non-Selasphorus",2016-06-22
"1001","2/6/2006","Died","Lindsey","Yes","ANHU","Female-like ","adult-like",0,"Winter","suspect torpor-like state","Non-selasphorus spp.","3000_ANHU","Non-Selasphorus",2006-02-06
"1002","4/13/2005","Died","Lindsey","No","ANHU","Female-like ","adult-like",0,"Spring","found on the ground","Non-selasphorus spp.","2854_ANHU","Non-Selasphorus",2005-04-13
"1003","6/1/1996","Released","Lindsey","Yes","ANHU","Female-like ","adult-like",1,"Summer","caught by domestic animal","Non-selasphorus spp.","1061_ANHU","Non-Selasphorus",1996-06-01
"1004","5/5/2009","Died","Lindsey","No","Non-selasphorus","unknown","Nestling",0,"Spring","nest-related","Non-selasphorus spp.","3719_ANHU","Selasphorus",2009-05-05
"1005","3/15/2011","Died","Lindsey","Yes","ANHU","Male","adult-like",0,"Spring","unknown","Non-selasphorus spp.","4124_ANHU","Non-Selasphorus",2011-03-15
"1006","8/11/2014","Died","malibu","Yes","ANHU","Female-like ","adult-like",0,"Summer","window hit","Non-selasphorus spp.","6181_ANHU","Non-Selasphorus",2014-08-11
"1007","2/17/1996","Died","Lindsey","Yes","ANHU","Female-like ","adult-like",9,"Winter","unknown","Non-selasphorus spp.","952_ANHU","Non-Selasphorus",1996-02-17
"1008","1/26/1991","Died","Lindsey","No","ANHU","Female-like ","adult-like",0,"Winter","window hit","Non-selasphorus spp.","15_ANHU","Non-Selasphorus",1991-01-26
"1009","7/12/1993","Died","Lindsey","No","ANHU","Female-like ","adult-like",0,"Summer","found on the ground","Non-selasphorus spp.","520_ANHU","Non-Selasphorus",1993-07-12
"1010","4/27/2011","Died","Lindsey","Yes","ANHU","Female-like ","adult-like",0,"Spring","found on the ground","Non-selasphorus spp.","4187_ANHU","Non-Selasphorus",2011-04-27
"1011","5/29/2011","Released","Lindsey","No","Non-selasphorus","unknown","Nestling",0,"Spring","nest-related","Non-selasphorus spp.","4227_ANHU","Selasphorus",2011-05-29
"1012","12/11/2014","Died","malibu","Yes","Selasphorus","Female-like ","adult-like",0,"Winter","found on the ground","Selasphorus spp.","6267_ALHU","Selasphorus",2014-12-11
"1013","1/11/1997","Died","Lindsey","No","ANHU","Female-like ","adult-like",0,"Winter","caught by domestic animal","Non-selasphorus spp.","1146_ANHU","Non-Selasphorus",1997-01-11
"1014","7/21/2010","Died","Lindsey","Yes","Non-selasphorus","unknown","Nestling",2,"Summer","found on the ground","Non-selasphorus spp.","4029_ANHU","Selasphorus",2010-07-21
"1015","7/2/2003","Released","Lindsey","No","Selasphorus","unknown","Nestling",0,"Summer","found on the ground","Selasphorus spp.","2531_ALHU","Selasphorus",2003-07-02
"1016","12/27/2007","Died","Lindsey","No","ANHU","Female-like ","adult-like",1,"Winter","found on the ground","Non-selasphorus spp.","3397_ANHU","Non-Selasphorus",2007-12-27
"1017","5/19/2012","Died","Lindsey","No","ANHU","Female-like ","adult-like",0,"Spring","found on the ground","Non-selasphorus spp.","4475_ANHU","Non-Selasphorus",2012-05-19
"1018","4/12/2004","Died","Lindsey","Yes","ANHU","Female-like ","adult-like",1,"Spring","caught by domestic animal","Non-selasphorus spp.","2656_ANHU","Non-Selasphorus",2004-04-12
"1019","7/1/2015","Died","malibu","No","Selasphorus","unknown","Nestling",2,"Summer","nest-related","Selasphorus spp.","6467_ALHU","Selasphorus",2015-07-01
"1020","3/16/1991","Died","Lindsey","No","Non-selasphorus","unknown","Nestling",0,"Spring","nest-related","Non-selasphorus spp.","33_ANHU","Selasphorus",1991-03-16
"1021","5/8/1991","Died","Lindsey","No","ANHU","Female-like ","adult-like",0,"Spring","unknown","Non-selasphorus spp.","94_ANHU","Non-Selasphorus",1991-05-08
"1022","1/9/2007","Died","Lindsey","No","ANHU","Female-like ","adult-like",0,"Winter","found inside","Non-selasphorus spp.","3190_ANHU","Non-Selasphorus",2007-01-09
"1023","7/10/1996","Died","Lindsey","No","ANHU","Female-like ","adult-like",0,"Summer","found on the ground","Non-selasphorus spp.","1099_ANHU","Non-Selasphorus",1996-07-10
"1024","3/26/2012","Released","Lindsey","No","ANHU","Female-like ","adult-like",0,"Spring","caught by domestic animal","Non-selasphorus spp.","4405_ANHU","Non-Selasphorus",2012-03-26
"1025","4/9/2001","Released","Lindsey","Yes","Selasphorus","Female-like ","adult-like",0,"Spring","found on the ground","Selasphorus spp.","2016_ALHU","Selasphorus",2001-04-09
"1026","4/12/1992","Died","Lindsey","No","ANHU","Female-like ","adult-like",0,"Spring","unknown","Non-selasphorus spp.","248_ANHU","Non-Selasphorus",1992-04-12
"1027","6/25/2016","Released","Santa Barbara","No","ANHU","Female-like ","adult-like",0,"Summer","nest-related","Non-selasphorus spp.","6891_ANHU","Non-Selasphorus",2016-06-25
"1028","8/21/1991","Died","Lindsey","Yes","Selasphorus","Female-like ","adult-like",10,"Summer","unknown","Selasphorus spp.","171_ALHU","Selasphorus",1991-08-21
"1029","8/20/2014","Released","malibu","No","Selasphorus","Female-like ","adult-like",1,"Summer","unknown","Selasphorus spp.","6183_ALHU","Selasphorus",2014-08-20
"1030","10/4/2014","Died","Lindsey","No","ANHU","Female-like ","adult-like",4,"Fall","found on the ground","Non-selasphorus spp.","5113_ANHU","Non-Selasphorus",2014-10-04
"1031","4/3/1995","Released","Lindsey","No","Selasphorus","Female-like ","adult-like",0,"Spring","found on the ground","Selasphorus spp.","805_ALHU","Selasphorus",1995-04-03
"1032","4/14/2010","Died","Lindsey","Yes","ANHU","Male","adult-like",0,"Spring","found on the ground","Non-selasphorus spp.","3915_ANHU","Non-Selasphorus",2010-04-14
"1033","10/28/2010","Died","Lindsey","No","ANHU","Male","adult-like",0,"Fall","found on the ground","Non-selasphorus spp.","4068_ANHU","Non-Selasphorus",2010-10-28
"1034","5/14/2012","Released","Lindsey","No","ANHU","Female-like ","adult-like",0,"Spring","caught by domestic animal","Non-selasphorus spp.","4469_ANHU","Non-Selasphorus",2012-05-14
"1035","6/28/1992","Released","Lindsey","No","ANHU","Female-like ","adult-like",0,"Summer","found on the ground","Non-selasphorus spp.","332_ANHU","Non-Selasphorus",1992-06-28
"1036","5/25/2003","Died","Lindsey","No","ANHU","Female-like ","adult-like",0,"Spring","caught by domestic animal","Non-selasphorus spp.","2493_ANHU","Non-Selasphorus",2003-05-25
"1037","7/7/2016","Died","Lindsey","No","ANHU","Female-like ","adult-like",0,"Summer","caught by domestic animal","Non-selasphorus spp.","5672_ANHU","Non-Selasphorus",2016-07-07
"1038","10/13/2008","Died","Lindsey","No","ANHU","Female-like ","adult-like",0,"Fall","found on the ground","Non-selasphorus spp.","3581_ANHU","Non-Selasphorus",2008-10-13
"1039","6/7/2004","Died","Lindsey","No","ANHU","Female-like ","adult-like",0,"Summer","found on the ground","Non-selasphorus spp.","2715_ANHU","Non-Selasphorus",2004-06-07
"1040","10/21/1996","Died","Lindsey","Yes","ANHU","Female-like ","adult-like",1,"Fall","found on the ground","Non-selasphorus spp.","1128_ANHU","Non-Selasphorus",1996-10-21
"1041","6/5/2004","Died","Lindsey","No","ANHU","Female-like ","adult-like",0,"Summer","window hit","Non-selasphorus spp.","2711_ANHU","Non-Selasphorus",2004-06-05
"1042","4/9/2013","Released","Lindsey","No","ANHU","Female-like ","adult-like",0,"Spring","caught by domestic animal","Non-selasphorus spp.","4678_ANHU","Non-Selasphorus",2013-04-09
"1043","7/9/1998","Died","Lindsey","Yes","Non-selasphorus","unknown","Nestling",1,"Summer","nest-related","Non-selasphorus spp.","1462_BCHU","Selasphorus",1998-07-09
"1044","1/30/2016","Died","Lindsey","Yes","ANHU","Female-like ","adult-like",0,"Winter","suspect torpor-like state","Non-selasphorus spp.","5480_ANHU","Non-Selasphorus",2016-01-30
"1045","4/22/2003","Died","Lindsey","No","ANHU","Female-like ","adult-like",0,"Spring","unknown","Non-selasphorus spp.","2458_ANHU","Non-Selasphorus",2003-04-22
"1046","4/22/1995","Released","Lindsey","No","Non-selasphorus","unknown","Nestling",0,"Spring","found on the ground","Non-selasphorus spp.","822_ANHU","Selasphorus",1995-04-22
"1047","6/23/2014","Died","malibu","Yes","ANHU","Female-like ","adult-like",3,"Summer","found on the ground","Non-selasphorus spp.","6150_ANHU","Non-Selasphorus",2014-06-23
"1048","7/11/2006","Released","Lindsey","No","Non-selasphorus","unknown","Nestling",0,"Summer","found on the ground","Non-selasphorus spp.","3141_ANHU","Selasphorus",2006-07-11
"1049","6/25/1992","Released","Lindsey","No","ANHU","Female-like ","adult-like",0,"Summer","found on the ground","Non-selasphorus spp.","329_ANHU","Non-Selasphorus",1992-06-25
"1050","3/13/2008","Released","Lindsey","No","Non-selasphorus","unknown","Nestling",0,"Spring","nest-related","Non-selasphorus spp.","3429_ANHU","Selasphorus",2008-03-13
"1051","6/4/2015","Died","malibu","No","Selasphorus","Female-like ","adult-like",0,"Summer","caught by domestic animal","Selasphorus spp.","6446_ALHU","Selasphorus",2015-06-04
"1052","4/15/2001","Died","Lindsey","No","ANHU","Female-like ","adult-like",0,"Spring","unknown","Non-selasphorus spp.","2018_ANHU","Non-Selasphorus",2001-04-15
"1053","3/16/2016","Released","malibu","No","Selasphorus","unknown","Nestling",10,"Spring","nest-related","Selasphorus spp.","6690_ALHU","Selasphorus",2016-03-16
"1054","6/3/2003","Died","Lindsey","No","ANHU","Female-like ","adult-like",0,"Summer","found on the ground","Non-selasphorus spp.","2500_ANHU","Non-Selasphorus",2003-06-03
"1055","12/24/1991","Died","Lindsey","No","ANHU","Female-like ","adult-like",0,"Winter","found inside","Non-selasphorus spp.","190_ANHU","Non-Selasphorus",1991-12-24
"1056","6/14/2006","Released","Lindsey","No","Non-selasphorus","unknown","Nestling",0,"Summer","found on the ground","Non-selasphorus spp.","3109_ANHU","Selasphorus",2006-06-14
"1057","3/23/1994","Released","Lindsey","No","Non-selasphorus","unknown","Nestling",0,"Spring","caught by domestic animal","Non-selasphorus spp.","592_ANHU","Selasphorus",1994-03-23
"1058","7/10/2016","Died","Lindsey","Yes","ANHU","Female-like ","adult-like",0,"Summer","found on the ground","Non-selasphorus spp.","5679_ANHU","Non-Selasphorus",2016-07-10
"1059","7/13/2015","Died","malibu","No","Selasphorus","unknown","Nestling",1,"Summer","nest-related","Selasphorus spp.","6480_ALHU","Selasphorus",2015-07-13
"1060","4/22/2012","Released","Lindsey","Yes","ANHU","Female-like ","adult-like",0,"Spring","found on the ground","Non-selasphorus spp.","4440_ANHU","Non-Selasphorus",2012-04-22
"1061","4/9/2008","Died","Lindsey","No","Selasphorus","Female-like ","adult-like",0,"Spring","unknown","Selasphorus spp.","3465_ALHU","Selasphorus",2008-04-09
"1062","4/27/1991","Released","Lindsey","No","Non-selasphorus","unknown","Nestling",0,"Spring","found on the ground","Non-selasphorus spp.","83_ANHU","Selasphorus",1991-04-27
"1063","5/3/2015","Released","Lindsey","No","Non-selasphorus","unknown","Nestling",1,"Spring","found on the ground","Non-selasphorus spp.","5304_ANHU","Selasphorus",2015-05-03
"1064","1/19/2013","Released","malibu","No","Selasphorus","unknown","Nestling",0,"Winter","unknown","Selasphorus spp.","5731_ALHU","Selasphorus",2013-01-19
"1065","4/12/2015","Died","malibu","No","Selasphorus","Female-like ","adult-like",0,"Spring","found on the ground","Selasphorus spp.","6389_ALHU","Selasphorus",2015-04-12
"1066","4/7/2008","Died","Lindsey","No","ANHU","Female-like ","adult-like",0,"Spring","found on the ground","Non-selasphorus spp.","3458_ANHU","Non-Selasphorus",2008-04-07
"1067","3/19/2000","Died","Lindsey","No","ANHU","Female-like ","adult-like",1,"Spring","caught by domestic animal","Non-selasphorus spp.","1767_ANHU","Non-Selasphorus",2000-03-19
"1068","3/6/2001","Died","Lindsey","No","ANHU","Female-like ","adult-like",0,"Spring","window hit","Non-selasphorus spp.","1974_ANHU","Non-Selasphorus",2001-03-06
"1069","2/13/2002","Released","Lindsey","No","Non-selasphorus","unknown","Nestling",13,"Winter","found on the ground","Non-selasphorus spp.","2153_ANHU","Selasphorus",2002-02-13
"1070","10/18/2016","Died","Lindsey","No","ANHU","Male","adult-like",0,"Fall","found on the ground","Non-selasphorus spp.","5721_ANHU","Non-Selasphorus",2016-10-18
"1071","6/19/2008","Died","Lindsey","No","Non-selasphorus","unknown","Nestling",0,"Summer","found on the ground","Non-selasphorus spp.","3531_ANHU","Selasphorus",2008-06-19
"1072","2/26/2001","Died","Lindsey","No","Non-selasphorus","unknown","Nestling",0,"Winter","nest-related","Non-selasphorus spp.","1967_ANHU","Selasphorus",2001-02-26
"1073","3/15/2015","Died","Lindsey","Yes","ANHU","Female-like ","adult-like",1,"Spring","window hit","Non-selasphorus spp.","5210_ANHU","Non-Selasphorus",2015-03-15
"1074","6/5/1997","Released","Lindsey","No","Selasphorus","Female-like ","adult-like",0,"Summer","found on the ground","Selasphorus spp.","1255_ALHU","Selasphorus",1997-06-05
"1075","1/27/2008","Released","Lindsey","No","ANHU","Female-like ","adult-like",0,"Winter","found on the ground","Non-selasphorus spp.","3408_ANHU","Non-Selasphorus",2008-01-27
"1076","12/22/2003","Died","Lindsey","No","ANHU","Female-like ","adult-like",0,"Winter","found on the ground","Non-selasphorus spp.","2584_ANHU","Non-Selasphorus",2003-12-22
"1077","7/1/2012","Died","Lindsey","Yes","ANHU","Female-like ","adult-like",0,"Summer","found on the ground","Non-selasphorus spp.","4519_ANHU","Non-Selasphorus",2012-07-01
"1078","6/22/1991","Died","Lindsey","No","ANHU","Female-like ","adult-like",0,"Summer","found on the ground","Non-selasphorus spp.","132_ANHU","Non-Selasphorus",1991-06-22
"1079","8/15/2002","Released","Lindsey","No","ANHU","Female-like ","adult-like",0,"Summer","found on the ground","Non-selasphorus spp.","2323_ANHU","Non-Selasphorus",2002-08-15
"1080","1/23/1998","Died","Lindsey","No","ANHU","Female-like ","adult-like",0,"Winter","found on the ground","Non-selasphorus spp.","1329_ANHU","Non-Selasphorus",1998-01-23
"1081","7/13/1993","Died","Lindsey","Yes","ANHU","Female-like ","adult-like",0,"Summer","caught by domestic animal","Non-selasphorus spp.","522_ANHU","Non-Selasphorus",1993-07-13
"1082","2/3/2009","Released","Lindsey","No","Non-selasphorus","unknown","Nestling",0,"Winter","unknown","Non-selasphorus spp.","3611_ANHU","Selasphorus",2009-02-03
"1083","2/23/1996","Died","Lindsey","No","ANHU","Female-like ","adult-like",0,"Winter","suspect torpor-like state","Non-selasphorus spp.","957_ANHU","Non-Selasphorus",1996-02-23
"1084","1/17/2016","Died","malibu","Yes","Selasphorus","Female-like ","adult-like",0,"Winter","found on the ground","Selasphorus spp.","6618_ALHU","Selasphorus",2016-01-17
"1085","3/14/1994","Released","Lindsey","No","ANHU","Female-like ","adult-like",0,"Spring","suspect torpor-like state","Non-selasphorus spp.","584_ANHU","Non-Selasphorus",1994-03-14
"1086","4/16/1994","Released","Lindsey","No","ANHU","Female-like ","adult-like",0,"Spring","found inside","Non-selasphorus spp.","618_ANHU","Non-Selasphorus",1994-04-16
"1087","3/6/1995","Died","Lindsey","No","ANHU","Female-like ","adult-like",0,"Spring","window hit","Non-selasphorus spp.","763_ANHU","Non-Selasphorus",1995-03-06
"1088","4/2/2007","Died","Lindsey","No","ANHU","Female-like ","adult-like",0,"Spring","found on the ground","Non-selasphorus spp.","3241_ANHU","Non-Selasphorus",2007-04-02
"1089","3/4/2009","Died","Lindsey","Yes","ANHU","Female-like ","adult-like",6,"Spring","suspect torpor-like state","Non-selasphorus spp.","3633_ANHU","Non-Selasphorus",2009-03-04
"1090","3/26/1994","Died","Lindsey","No","Selasphorus","Female-like ","adult-like",0,"Spring","window hit","Selasphorus spp.","594_ALHU","Selasphorus",1994-03-26
"1091","6/6/2003","Released","Lindsey","No","Non-selasphorus","unknown","Nestling",0,"Summer","nest-related","Non-selasphorus spp.","2503_ANHU","Selasphorus",2003-06-06
"1092","8/17/2004","Died","Lindsey","Yes","ANHU","Female-like ","adult-like",1,"Summer","caught by domestic animal","Non-selasphorus spp.","2757_ANHU","Non-Selasphorus",2004-08-17
"1093","6/8/2013","Died","Lindsey","No","Non-selasphorus","unknown","Nestling",0,"Summer","found on the ground","Non-selasphorus spp.","4750_ANHU","Selasphorus",2013-06-08
"1094","5/16/2013","Died","malibu","No","Selasphorus","Female-like ","adult-like",0,"Spring","unknown","Selasphorus spp.","5941_ALHU","Selasphorus",2013-05-16
"1095","2/4/2014","Died","Lindsey","No","ANHU","Male","adult-like",0,"Winter","found on the ground","Non-selasphorus spp.","4872_ANHU","Non-Selasphorus",2014-02-04
"1096","5/31/2013","Died","malibu","Yes","Selasphorus","Female-like ","adult-like",2,"Spring","found on the ground","Selasphorus spp.","5820_ALHU","Selasphorus",2013-05-31
"1097","2/8/2001","Released","Lindsey","No","ANHU","Female-like ","adult-like",0,"Winter","window hit","Non-selasphorus spp.","1954_ANHU","Non-Selasphorus",2001-02-08
"1098","4/14/1998","Died","Lindsey","No","Selasphorus","Female-like ","adult-like",0,"Spring","window hit","Selasphorus spp.","1384_RUHU","Selasphorus",1998-04-14
"1099","2/18/2010","Died","Lindsey","Yes","ANHU","Male","adult-like",1,"Winter","found on the ground","Non-selasphorus spp.","3866_ANHU","Non-Selasphorus",2010-02-18
"1100","6/24/2016","Released","malibu","No","Selasphorus","Female-like ","adult-like",0,"Summer","unknown","Selasphorus spp.","6773_ALHU","Selasphorus",2016-06-24
"1101","10/18/1993","Died","Lindsey","No","ANHU","Female-like ","adult-like",0,"Fall","window hit","Non-selasphorus spp.","551_ANHU","Non-Selasphorus",1993-10-18
"1102","2/26/1997","Died","Lindsey","No","ANHU","Female-like ","adult-like",0,"Winter","caught by domestic animal","Non-selasphorus spp.","1165_ANHU","Non-Selasphorus",1997-02-26
"1103","8/18/2013","Died","Lindsey","Yes","Selasphorus","Female-like ","adult-like",1,"Summer","found on the ground","Selasphorus spp.","4806_RUHU","Selasphorus",2013-08-18
"1104","6/19/2003","Released","Lindsey","Yes","ANHU","Female-like ","adult-like",10,"Summer","found on the ground","Non-selasphorus spp.","2515_ANHU","Non-Selasphorus",2003-06-19
"1105","7/15/2012","Died","Lindsey","Yes","ANHU","Female-like ","adult-like",1,"Summer","found on the ground","Non-selasphorus spp.","4528_ANHU","Non-Selasphorus",2012-07-15
"1106","6/26/2009","Released","Lindsey","No","ANHU","Male","adult-like",0,"Summer","caught by domestic animal","Non-selasphorus spp.","3768_ANHU","Non-Selasphorus",2009-06-26
"1107","4/16/2013","Released","malibu","No","Selasphorus","unknown","Nestling",0,"Spring","unknown","Selasphorus spp.","5904_ALHU","Selasphorus",2013-04-16
"1108","4/24/2006","Died","Lindsey","No","ANHU","Female-like ","adult-like",0,"Spring","found inside","Non-selasphorus spp.","3072_ANHU","Non-Selasphorus",2006-04-24
"1109","7/19/2010","Died","Lindsey","Yes","ANHU","Male","adult-like",0,"Summer","caught by domestic animal","Non-selasphorus spp.","4027_ANHU","Non-Selasphorus",2010-07-19
"1110","4/18/2000","Died","Lindsey","No","ANHU","Female-like ","adult-like",0,"Spring","found on the ground","Non-selasphorus spp.","1798_ANHU","Non-Selasphorus",2000-04-18
"1111","6/16/2014","Released","malibu","No","Selasphorus","Female-like ","adult-like",0,"Summer","unknown","Selasphorus spp.","6302_ALHU","Selasphorus",2014-06-16
"1112","4/5/2009","Released","Lindsey","Yes","ANHU","Male","adult-like",1,"Spring","window hit","Non-selasphorus spp.","3677_ANHU","Non-Selasphorus",2009-04-05
"1113","4/13/2006","Died","Lindsey","No","ANHU","Female-like ","adult-like",0,"Spring","found on the ground","Non-selasphorus spp.","3060_ANHU","Non-Selasphorus",2006-04-13
"1114","5/5/2013","Released","malibu","Yes","Selasphorus","unknown","Nestling",1,"Spring","unknown","Selasphorus spp.","5801_ALHU","Selasphorus",2013-05-05
"1115","2/18/1997","Died","Lindsey","Yes","ANHU","Female-like ","adult-like",1,"Winter","found on the ground","Non-selasphorus spp.","1157_ANHU","Non-Selasphorus",1997-02-18
"1116","2/21/2004","Died","Lindsey","No","ANHU","Female-like ","adult-like",0,"Winter","found inside","Non-selasphorus spp.","2615_ANHU","Non-Selasphorus",2004-02-21
"1117","5/21/2011","Died","Lindsey","No","ANHU","Female-like ","adult-like",0,"Spring","caught by domestic animal","Non-selasphorus spp.","4213_ANHU","Non-Selasphorus",2011-05-21
"1118","7/18/1992","Released","Lindsey","Yes","ANHU","Female-like ","adult-like",9,"Summer","found on the ground","Non-selasphorus spp.","340_ANHU","Non-Selasphorus",1992-07-18
"1119","12/7/1993","Died","Lindsey","No","ANHU","Female-like ","adult-like",1,"Winter","caught by domestic animal","Non-selasphorus spp.","559_ANHU","Non-Selasphorus",1993-12-07
"1120","3/16/2004","Died","Lindsey","No","ANHU","Female-like ","adult-like",1,"Spring","caught by domestic animal","Non-selasphorus spp.","2636_ANHU","Non-Selasphorus",2004-03-16
"1121","4/4/2013","Released","malibu","No","ANHU","Female-like ","adult-like",1,"Spring","unknown","Non-selasphorus spp.","5927_ANHU","Non-Selasphorus",2013-04-04
"1122","9/20/2004","Died","Lindsey","No","ANHU","Female-like ","adult-like",0,"Fall","found on the ground","Non-selasphorus spp.","2765_ANHU","Non-Selasphorus",2004-09-20
"1123","3/6/2014","Died","malibu","No","Selasphorus","unknown","Nestling",0,"Spring","unknown","Selasphorus spp.","6056_ALHU","Selasphorus",2014-03-06
"1124","11/30/2010","Released","Lindsey","Yes","ANHU","Male","adult-like",1,"Fall","found inside","Non-selasphorus spp.","4079_ANHU","Non-Selasphorus",2010-11-30
"1125","2/20/1997","Released","Lindsey","No","Non-selasphorus","unknown","Nestling",5,"Winter","found on the ground","Non-selasphorus spp.","1160_ANHU","Selasphorus",1997-02-20
"1126","6/11/2016","Released","malibu","No","Selasphorus","Female-like ","adult-like",0,"Summer","unknown","Selasphorus spp.","6787_ALHU","Selasphorus",2016-06-11
"1127","3/18/2000","Released","Lindsey","Yes","Non-selasphorus","unknown","Nestling",0,"Spring","nest-related","Non-selasphorus spp.","1766_ANHU","Selasphorus",2000-03-18
"1128","4/28/2014","Released","malibu","No","ANHU","Female-like ","adult-like",0,"Spring","unknown","Non-selasphorus spp.","6278_ANHU","Non-Selasphorus",2014-04-28
"1129","6/28/2009","Died","Lindsey","No","ANHU","Male","adult-like",0,"Summer","found inside","Non-selasphorus spp.","3770_ANHU","Non-Selasphorus",2009-06-28
"1130","4/2/2008","Released","Lindsey","No","Non-selasphorus","unknown","Nestling",0,"Spring","nest-related","Non-selasphorus spp.","3452_ANHU","Selasphorus",2008-04-02
"1131","5/28/2013","Released","Lindsey","No","Non-selasphorus","unknown","Nestling",0,"Spring","found on the ground","Non-selasphorus spp.","4738_ANHU","Selasphorus",2013-05-28
"1132","7/29/2013","Died","malibu","No","Selasphorus","Female-like ","adult-like",0,"Summer","unknown","Selasphorus spp.","6023_ALHU","Selasphorus",2013-07-29
"1133","2/15/2002","Died","Lindsey","No","ANHU","Female-like ","adult-like",0,"Winter","found on the ground","Non-selasphorus spp.","2156_ANHU","Non-Selasphorus",2002-02-15
"1134","4/9/1995","Died","Lindsey","No","ANHU","Female-like ","adult-like",0,"Spring","window hit","Non-selasphorus spp.","809_ANHU","Non-Selasphorus",1995-04-09
"1135","3/19/1995","Died","Lindsey","Yes","ANHU","Female-like ","adult-like",3,"Spring","caught by domestic animal","Non-selasphorus spp.","783_ANHU","Non-Selasphorus",1995-03-19
"1136","6/29/1999","Released","Lindsey","No","ANHU","Female-like ","adult-like",0,"Summer","found on the ground","Non-selasphorus spp.","1681_ANHU","Non-Selasphorus",1999-06-29
"1137","6/10/1999","Released","Lindsey","No","Selasphorus","unknown","Nestling",0,"Summer","nest-related","Selasphorus spp.","1650_ALHU","Selasphorus",1999-06-10
"1138","2/25/2004","Released","Lindsey","No","Non-selasphorus","unknown","Nestling",1,"Winter","unknown","Non-selasphorus spp.","2619_ANHU","Selasphorus",2004-02-25
"1139","10/20/2003","Died","Lindsey","Yes","ANHU","Female-like ","adult-like",1,"Fall","found on the ground","Non-selasphorus spp.","2575_ANHU","Non-Selasphorus",2003-10-20
"1140","4/18/2016","Died","Lindsey","Yes","ANHU","Male","adult-like",0,"Spring","suspect torpor-like state","Non-selasphorus spp.","5581_ANHU","Non-Selasphorus",2016-04-18
"1141","5/28/2015","Released","malibu","Yes","ANHU","Female-like ","adult-like",0,"Spring","found on the ground","Non-selasphorus spp.","6440_ANHU","Non-Selasphorus",2015-05-28
"1142","5/11/1995","Died","Lindsey","No","ANHU","Female-like ","adult-like",0,"Spring","window hit","Non-selasphorus spp.","839_ANHU","Non-Selasphorus",1995-05-11
"1143","1/24/2015","Died","malibu","No","Selasphorus","Male","adult-like",0,"Winter","found on the ground","Selasphorus spp.","6517_ALHU","Selasphorus",2015-01-24
"1144","9/9/1996","Died","Lindsey","No","ANHU","Female-like ","adult-like",0,"Fall","caught by domestic animal","Non-selasphorus spp.","1120_ANHU","Non-Selasphorus",1996-09-09
"1145","6/17/1999","Died","Lindsey","No","Non-selasphorus","unknown","Nestling",0,"Summer","nest-related","Non-selasphorus spp.","1659_ANHU","Selasphorus",1999-06-17
"1146","9/14/1991","Died","Lindsey","No","ANHU","Female-like ","adult-like",0,"Fall","window hit","Non-selasphorus spp.","177_ANHU","Non-Selasphorus",1991-09-14
"1147","6/16/2013","Died","malibu","No","Selasphorus","Female-like ","adult-like",1,"Summer","unknown","Selasphorus spp.","5982_ALHU","Selasphorus",2013-06-16
"1148","6/2/2013","Died","malibu","No","Selasphorus","Male","adult-like",0,"Summer","unknown","Selasphorus spp.","5826_RUHU","Selasphorus",2013-06-02
"1149","3/13/1997","Released","Lindsey","No","ANHU","Female-like ","adult-like",0,"Spring","unknown","Non-selasphorus spp.","1173_ANHU","Non-Selasphorus",1997-03-13
"1150","4/25/2015","Died","Lindsey","No","ANHU","Male","adult-like",0,"Spring","found on the ground","Non-selasphorus spp.","5291_ANHU","Non-Selasphorus",2015-04-25
"1151","6/17/2012","Died","Lindsey","No","ANHU","Male","adult-like",0,"Summer","caught by domestic animal","Non-selasphorus spp.","4499_ANHU","Non-Selasphorus",2012-06-17
"1152","3/11/2009","Released","Lindsey","Yes","ANHU","Female-like ","adult-like",1,"Spring","found on the ground","Non-selasphorus spp.","3645_ANHU","Non-Selasphorus",2009-03-11
"1153","6/18/2013","Released","malibu","No","Selasphorus","Female-like ","adult-like",0,"Summer","unknown","Selasphorus spp.","5990_ALHU","Selasphorus",2013-06-18
"1154","3/7/2003","Died","Lindsey","Yes","ANHU","Female-like ","adult-like",1,"Spring","found on the ground","Non-selasphorus spp.","2403_ANHU","Non-Selasphorus",2003-03-07
"1155","6/25/2002","Died","Lindsey","No","ANHU","Female-like ","adult-like",0,"Summer","caught by domestic animal","Non-selasphorus spp.","2285_ANHU","Non-Selasphorus",2002-06-25
"1156","2/22/2014","Died","malibu","No","Selasphorus","Male","adult-like",0,"Winter","found inside","Selasphorus spp.","6047_ALHU","Selasphorus",2014-02-22
"1157","4/9/2015","Released","Lindsey","Yes","ANHU","Female-like ","adult-like",0,"Spring","found inside","Non-selasphorus spp.","5258_ANHU","Non-Selasphorus",2015-04-09
"1158","3/6/2014","Died","malibu","No","Selasphorus","unknown","Nestling",0,"Spring","unknown","Selasphorus spp.","6057_ALHU","Selasphorus",2014-03-06
"1159","6/11/2013","Died","malibu","No","Selasphorus","Female-like ","adult-like",0,"Summer","unknown","Selasphorus spp.","5970_ALHU","Selasphorus",2013-06-11
"1160","2/21/1998","Died","Lindsey","Yes","ANHU","Female-like ","adult-like",0,"Winter","found on the ground","Non-selasphorus spp.","1341_ANHU","Non-Selasphorus",1998-02-21
"1161","3/8/2005","Released","Lindsey","Yes","ANHU","Female-like ","adult-like",7,"Spring","nest-related","Non-selasphorus spp.","2810_ANHU","Non-Selasphorus",2005-03-08
"1162","3/5/2010","Released","Lindsey","No","Non-selasphorus","unknown","Nestling",0,"Spring","nest-related","Non-selasphorus spp.","3877_ANHU","Selasphorus",2010-03-05
"1163","2/26/2015","Released","Lindsey","No","ANHU","Female-like ","adult-like",0,"Winter","found on the ground","Non-selasphorus spp.","5193_ANHU","Non-Selasphorus",2015-02-26
"1164","7/19/2010","Died","Lindsey","Yes","ANHU","Male","adult-like",0,"Summer","found on the ground","Non-selasphorus spp.","4025_ANHU","Non-Selasphorus",2010-07-19
"1165","4/19/2014","Died","malibu","Yes","Selasphorus","Female-like ","adult-like",2,"Spring","window hit","Selasphorus spp.","6099_ALHU","Selasphorus",2014-04-19
"1166","11/6/2016","Died","malibu","No","Selasphorus","Female-like ","adult-like",1,"Fall","unknown","Selasphorus spp.","6817_ALHU","Selasphorus",2016-11-06
"1167","7/16/1996","Died","Lindsey","Yes","ANHU","Female-like ","adult-like",0,"Summer","suspect torpor-like state","Non-selasphorus spp.","1103_ANHU","Non-Selasphorus",1996-07-16
"1168","5/23/1999","Died","Lindsey","No","ANHU","Female-like ","adult-like",0,"Spring","caught by domestic animal","Non-selasphorus spp.","1638_ANHU","Non-Selasphorus",1999-05-23
"1169","4/6/2015","Died","Lindsey","No","ANHU","Female-like ","adult-like",1,"Spring","found on the ground","Non-selasphorus spp.","5247_ANHU","Non-Selasphorus",2015-04-06
"1170","4/13/1998","Died","Lindsey","No","ANHU","Female-like ","adult-like",0,"Spring","unknown","Non-selasphorus spp.","1378_ANHU","Non-Selasphorus",1998-04-13
"1171","4/18/2013","Released","malibu","Yes","Selasphorus","unknown","Nestling",1,"Spring","unknown","Selasphorus spp.","5779_ALHU","Selasphorus",2013-04-18
"1172","2/17/1998","Died","Lindsey","Yes","ANHU","Female-like ","adult-like",0,"Winter","found on the ground","Non-selasphorus spp.","1336_ANHU","Non-Selasphorus",1998-02-17
"1173","7/20/1998","Died","Lindsey","Yes","ANHU","Female-like ","adult-like",0,"Summer","found on the ground","Non-selasphorus spp.","1479_ANHU","Non-Selasphorus",1998-07-20
"1174","6/15/2008","Released","Lindsey","No","Non-selasphorus","unknown","Nestling",0,"Summer","nest-related","Non-selasphorus spp.","3524_ANHU","Selasphorus",2008-06-15
"1175","7/1/2002","Released","Lindsey","Yes","Non-selasphorus","unknown","Nestling",0,"Summer","found on the ground","Non-selasphorus spp.","2296_ANHU","Selasphorus",2002-07-01
"1176","3/16/1992","Died","Lindsey","No","ANHU","Female-like ","adult-like",0,"Spring","caught by domestic animal","Non-selasphorus spp.","220_ANHU","Non-Selasphorus",1992-03-16
"1177","7/8/2004","Died","Lindsey","No","ANHU","Female-like ","adult-like",0,"Summer","window hit","Non-selasphorus spp.","2743_ANHU","Non-Selasphorus",2004-07-08
"1178","3/7/1996","Released","Lindsey","No","Non-selasphorus","unknown","Nestling",0,"Spring","nest-related","Non-selasphorus spp.","971_ANHU","Selasphorus",1996-03-07
"1179","4/22/1996","Died","Lindsey","No","ANHU","Female-like ","adult-like",0,"Spring","found on the ground","Non-selasphorus spp.","1033_ANHU","Non-Selasphorus",1996-04-22
"1180","2/16/2015","Died","Lindsey","No","ANHU","Female-like ","adult-like",1,"Winter","found inside","Non-selasphorus spp.","5180_ANHU","Non-Selasphorus",2015-02-16
"1181","3/13/2015","Released","malibu","No","Selasphorus","unknown","Nestling",0,"Spring","nest-related","Selasphorus spp.","6472_ALHU","Selasphorus",2015-03-13
"1182","6/15/2003","Died","Lindsey","Yes","Non-selasphorus","unknown","Nestling",2,"Summer","nest-related","Non-selasphorus spp.","2512_ANHU","Selasphorus",2003-06-15
"1183","12/30/2013","Released","Lindsey","No","ANHU","Female-like ","adult-like",0,"Winter","found on the ground","Non-selasphorus spp.","4851_ANHU","Non-Selasphorus",2013-12-30
"1184","12/23/2011","Died","Lindsey","No","ANHU","Male","adult-like",0,"Winter","found on the ground","Non-selasphorus spp.","4338_ANHU","Non-Selasphorus",2011-12-23
"1185","3/7/2012","Died","Lindsey","No","ANHU","Female-like ","adult-like",0,"Spring","caught by domestic animal","Non-selasphorus spp.","4374_ANHU","Non-Selasphorus",2012-03-07
"1186","4/30/2007","Died","Lindsey","Yes","Selasphorus","Female-like ","adult-like",0,"Spring","found on the ground","Selasphorus spp.","3273_ALHU","Selasphorus",2007-04-30
"1187","6/10/2007","Died","Lindsey","Yes","ANHU","Female-like ","adult-like",1,"Summer","caught by domestic animal","Non-selasphorus spp.","3319_ANHU","Non-Selasphorus",2007-06-10
"1188","4/10/2006","Released","Lindsey","No","ANHU","Female-like ","adult-like",0,"Spring","nest-related","Non-selasphorus spp.","3058_ANHU","Non-Selasphorus",2006-04-10
"1189","6/6/2015","Died","Lindsey","Yes","ANHU","Female-like ","adult-like",1,"Summer","window hit","Non-selasphorus spp.","5361_ANHU","Non-Selasphorus",2015-06-06
"1190","6/3/2015","Died","Lindsey","No","ANHU","Female-like ","adult-like",0,"Summer","caught by domestic animal","Non-selasphorus spp.","5355_ANHU","Non-Selasphorus",2015-06-03
"1191","5/6/2002","Died","Lindsey","Yes","ANHU","Female-like ","adult-like",1,"Spring","unknown","Non-selasphorus spp.","2232_ANHU","Non-Selasphorus",2002-05-06
"1192","3/18/2001","Died","Lindsey","Yes","Selasphorus","Female-like ","adult-like",0,"Spring","unknown","Selasphorus spp.","1989_ALHU","Selasphorus",2001-03-18
"1193","5/5/2009","Died","Lindsey","No","ANHU","Female-like ","adult-like",0,"Spring","caught by domestic animal","Non-selasphorus spp.","3717_ANHU","Non-Selasphorus",2009-05-05
"1194","3/9/1997","Died","Lindsey","No","ANHU","Female-like ","adult-like",0,"Spring","found on the ground","Non-selasphorus spp.","1168_ANHU","Non-Selasphorus",1997-03-09
"1195","5/3/2013","Died","Lindsey","No","ANHU","Male","adult-like",0,"Spring","window hit","Non-selasphorus spp.","4713_ANHU","Non-Selasphorus",2013-05-03
"1196","10/3/2006","Died","Lindsey","Yes","ANHU","Female-like ","adult-like",1,"Fall","found on the ground","Non-selasphorus spp.","3159_ANHU","Non-Selasphorus",2006-10-03
"1197","7/22/2003","Released","Lindsey","No","ANHU","Female-like ","adult-like",0,"Summer","found on the ground","Non-selasphorus spp.","2550_ANHU","Non-Selasphorus",2003-07-22
"1198","6/4/2002","Died","Lindsey","No","ANHU","Female-like ","adult-like",0,"Summer","found on the ground","Non-selasphorus spp.","2267_ANHU","Non-Selasphorus",2002-06-04
"1199","4/5/1993","Released","Lindsey","Yes","Non-selasphorus","unknown","Nestling",1,"Spring","unknown","Non-selasphorus spp.","420_ANHU","Selasphorus",1993-04-05
"1200","8/10/2010","Died","Lindsey","Yes","ANHU","Female-like ","adult-like",1,"Summer","window hit","Non-selasphorus spp.","4049_ANHU","Non-Selasphorus",2010-08-10
"1201","9/12/2014","Died","malibu","Yes","Selasphorus","Male","adult-like",0,"Fall","found on the ground","Selasphorus spp.","6233_ALHU","Selasphorus",2014-09-12
"1202","4/10/2013","Released","Lindsey","Yes","ANHU","Female-like ","adult-like",1,"Spring","found on the ground","Non-selasphorus spp.","4680_ANHU","Non-Selasphorus",2013-04-10
"1203","12/26/2009","Died","Lindsey","Yes","ANHU","Male","adult-like",0,"Winter","window hit","Non-selasphorus spp.","3840_ANHU","Non-Selasphorus",2009-12-26
"1204","5/25/2000","Released","Lindsey","No","ANHU","Female-like ","adult-like",0,"Spring","unknown","Non-selasphorus spp.","1835_ANHU","Non-Selasphorus",2000-05-25
"1205","7/2/2014","Died","malibu","No","ANHU","Female-like ","adult-like",0,"Summer","found on the ground","Non-selasphorus spp.","6159_ANHU","Non-Selasphorus",2014-07-02
"1206","6/8/2007","Released","Lindsey","No","Non-selasphorus","unknown","Nestling",0,"Summer","nest-related","Non-selasphorus spp.","3314_ANHU","Selasphorus",2007-06-08
"1207","11/27/2014","Died","malibu","No","ANHU","Male","adult-like",0,"Fall","found on the ground","Non-selasphorus spp.","6265_ANHU","Non-Selasphorus",2014-11-27
"1208","3/19/2011","Released","Lindsey","No","ANHU","Female-like ","adult-like",0,"Spring","found inside","Non-selasphorus spp.","4131_ANHU","Non-Selasphorus",2011-03-19
"1209","8/13/2011","Released","Lindsey","Yes","Selasphorus","Female-like ","adult-like",0,"Summer","found on the ground","Selasphorus spp.","4295_ALHU","Selasphorus",2011-08-13
"1210","3/25/2002","Released","Lindsey","Yes","Non-selasphorus","unknown","Nestling",0,"Spring","unknown","Non-selasphorus spp.","2187_ANHU","Selasphorus",2002-03-25
"1211","7/18/1991","Died","Lindsey","Yes","ANHU","Female-like ","adult-like",0,"Summer","caught by domestic animal","Non-selasphorus spp.","150_ANHU","Non-Selasphorus",1991-07-18
"1212","6/7/2000","Released","Lindsey","No","ANHU","Female-like ","adult-like",0,"Summer","unknown","Non-selasphorus spp.","1846_ANHU","Non-Selasphorus",2000-06-07
"1213","5/24/2015","Died","malibu","No","Selasphorus","Male","adult-like",1,"Spring","found on the ground","Selasphorus spp.","6432_ALHU","Selasphorus",2015-05-24
"1214","1/30/2012","Died","Lindsey","No","ANHU","Male","adult-like",0,"Winter","found on the ground","Non-selasphorus spp.","4353_ANHU","Non-Selasphorus",2012-01-30
"1215","10/28/2009","Died","Lindsey","No","ANHU","Male","adult-like",0,"Fall","found on the ground","Non-selasphorus spp.","3830_ANHU","Non-Selasphorus",2009-10-28
"1216","3/20/2016","Died","Lindsey","No","Non-selasphorus","unknown","Nestling",1,"Spring","nest-related","Non-selasphorus spp.","5540_ANHU","Selasphorus",2016-03-20
"1217","11/22/2015","Died","Lindsey","No","ANHU","Female-like ","adult-like",0,"Fall","found on the ground","Non-selasphorus spp.","5452_ANHU","Non-Selasphorus",2015-11-22
"1218","4/29/2014","Died","malibu","No","Non-selasphorus","unknown","Nestling",0,"Spring","unknown","Non-selasphorus spp.","6109_ANHU","Selasphorus",2014-04-29
"1219","6/18/2005","Released","Lindsey","No","Non-selasphorus","unknown","Nestling",0,"Summer","nest-related","Non-selasphorus spp.","2922_ANHU","Selasphorus",2005-06-18
"1220","2/16/2000","Died","Lindsey","No","ANHU","Female-like ","adult-like",1,"Winter","found on the ground","Non-selasphorus spp.","1737_ANHU","Non-Selasphorus",2000-02-16
"1221","4/29/2014","Died","malibu","No","ANHU","Female-like ","adult-like",0,"Spring","unknown","Non-selasphorus spp.","6110_ANHU","Non-Selasphorus",2014-04-29
"1222","5/1/1992","Died","Lindsey","No","Selasphorus","Female-like ","adult-like",0,"Spring","window hit","Selasphorus spp.","284_ALHU","Selasphorus",1992-05-01
"1223","5/19/2005","Released","Lindsey","Yes","ANHU","Female-like ","adult-like",0,"Spring","caught by domestic animal","Non-selasphorus spp.","2885_ANHU","Non-Selasphorus",2005-05-19
"1224","8/3/2014","Died","Lindsey","No","ANHU","Male","adult-like",0,"Summer","found on the ground","Non-selasphorus spp.","5096_ANHU","Non-Selasphorus",2014-08-03
"1225","8/19/2002","Died","Lindsey","No","ANHU","Female-like ","adult-like",0,"Summer","found on the ground","Non-selasphorus spp.","2325_ANHU","Non-Selasphorus",2002-08-19
"1226","2/21/1995","Released","Lindsey","Yes","Non-selasphorus","unknown","Nestling",3,"Winter","nest-related","Non-selasphorus spp.","755_ANHU","Selasphorus",1995-02-21
"1227","5/4/2002","Died","Lindsey","Yes","Selasphorus","unknown","Nestling",3,"Spring","nest-related","Selasphorus spp.","2230_ALHU","Selasphorus",2002-05-04
"1228","11/2/1996","Died","Lindsey","No","ANHU","Female-like ","adult-like",0,"Fall","found inside","Non-selasphorus spp.","1133_ANHU","Non-Selasphorus",1996-11-02
"1229","7/24/2014","Released","malibu","Yes","ANHU","Female-like ","adult-like",0,"Summer","caught by domestic animal","Non-selasphorus spp.","6169_ANHU","Non-Selasphorus",2014-07-24
"1230","3/26/2013","Died","Lindsey","No","ANHU","Male","adult-like",0,"Spring","found on the ground","Non-selasphorus spp.","4658_ANHU","Non-Selasphorus",2013-03-26
"1231","10/29/2011","Released","Lindsey","No","ANHU","Male","adult-like",0,"Fall","window hit","Non-selasphorus spp.","4315_ANHU","Non-Selasphorus",2011-10-29
"1232","4/19/2013","Died","Lindsey","No","ANHU","Female-like ","adult-like",0,"Spring","nest-related","Non-selasphorus spp.","4698_ANHU","Non-Selasphorus",2013-04-19
"1233","8/13/2016","Died","Santa Barbara","No","ANHU","Female-like ","adult-like",0,"Summer","found on the ground","Non-selasphorus spp.","6916_ANHU","Non-Selasphorus",2016-08-13
"1234","4/24/1993","Died","Lindsey","Yes","ANHU","Female-like ","adult-like",0,"Spring","found on the ground","Non-selasphorus spp.","452_ANHU","Non-Selasphorus",1993-04-24
"1235","4/27/2004","Released","Lindsey","No","ANHU","Female-like ","adult-like",3,"Spring","found on the ground","Non-selasphorus spp.","2676_ANHU","Non-Selasphorus",2004-04-27
"1236","6/20/2006","Died","Lindsey","No","ANHU","Female-like ","adult-like",0,"Summer","caught by domestic animal","Non-selasphorus spp.","3116_ANHU","Non-Selasphorus",2006-06-20
"1237","11/8/2002","Released","Lindsey","No","ANHU","Female-like ","adult-like",0,"Fall","found on the ground","Non-selasphorus spp.","2344_ANHU","Non-Selasphorus",2002-11-08
"1238","7/16/2007","Died","Lindsey","Yes","ANHU","Female-like ","adult-like",0,"Summer","found on the ground","Non-selasphorus spp.","3353_ANHU","Non-Selasphorus",2007-07-16
"1239","7/13/2013","Released","Lindsey","No","ANHU","Female-like ","adult-like",1,"Summer","found on the ground","Non-selasphorus spp.","4791_ANHU","Non-Selasphorus",2013-07-13
"1240","4/15/2015","Died","Lindsey","No","ANHU","Female-like ","adult-like",0,"Spring","nest-related","Non-selasphorus spp.","5270_ANHU","Non-Selasphorus",2015-04-15
"1241","4/6/2015","Released","malibu","No","Selasphorus","unknown","Nestling",0,"Spring","unknown","Selasphorus spp.","6521_ALHU","Selasphorus",2015-04-06
"1242","1/11/1991","Died","Lindsey","No","ANHU","Female-like ","adult-like",0,"Winter","unknown","Non-selasphorus spp.","10_ANHU","Non-Selasphorus",1991-01-11
"1243","5/26/2008","Died","Lindsey","No","ANHU","Female-like ","adult-like",0,"Spring","found on the ground","Non-selasphorus spp.","3505_ANHU","Non-Selasphorus",2008-05-26
"1244","6/19/2013","Released","malibu","No","Selasphorus","Female-like ","adult-like",0,"Summer","unknown","Selasphorus spp.","5995_ALHU","Selasphorus",2013-06-19
"1245","3/24/2003","Died","Lindsey","No","Non-selasphorus","unknown","adult-like",0,"Spring","found on the ground","Non-selasphorus spp.","2423_COHU","Selasphorus",2003-03-24
"1246","2/19/1997","Released","Lindsey","No","Non-selasphorus","unknown","Nestling",0,"Winter","nest-related","Non-selasphorus spp.","1159_ANHU","Selasphorus",1997-02-19
"1247","4/9/2014","Released","Lindsey","Yes","Non-selasphorus","unknown","Nestling",0,"Spring","nest-related","Non-selasphorus spp.","4948_ANHU","Selasphorus",2014-04-09
"1248","3/1/2005","Died","Lindsey","No","Non-selasphorus","unknown","Nestling",0,"Spring","nest-related","Non-selasphorus spp.","2807_ANHU","Selasphorus",2005-03-01
"1249","3/25/2007","Released","Lindsey","No","Non-selasphorus","unknown","Nestling",0,"Spring","found on the ground","Non-selasphorus spp.","3233_ANHU","Selasphorus",2007-03-25
"1250","3/25/2016","Died","malibu","No","Selasphorus","Female-like ","adult-like",0,"Spring","unknown","Selasphorus spp.","6662_ALHU","Selasphorus",2016-03-25
"1251","8/26/2009","Died","Lindsey","No","ANHU","Male","adult-like",0,"Summer","found on the ground","Non-selasphorus spp.","3814_ANHU","Non-Selasphorus",2009-08-26
"1252","7/9/2016","Died","Santa Barbara","Yes","ANHU","Female-like ","adult-like",0,"Summer","found on the ground","Non-selasphorus spp.","6901_ANHU","Non-Selasphorus",2016-07-09
"1253","7/8/1992","Died","Lindsey","No","ANHU","Female-like ","adult-like",0,"Summer","unknown","Non-selasphorus spp.","339_ANHU","Non-Selasphorus",1992-07-08
"1254","6/15/1993","Died","Lindsey","No","ANHU","Female-like ","adult-like",0,"Summer","found on the ground","Non-selasphorus spp.","495_ANHU","Non-Selasphorus",1993-06-15
"1255","6/1/1992","Released","Lindsey","Yes","ANHU","Female-like ","adult-like",1,"Summer","found on the ground","Non-selasphorus spp.","295_ANHU","Non-Selasphorus",1992-06-01
"1256","3/18/1995","Died","Lindsey","No","Selasphorus","Female-like ","adult-like",1,"Spring","found on the ground","Selasphorus spp.","780_ALHU","Selasphorus",1995-03-18
"1257","3/29/2016","Released","malibu","No","Selasphorus","unknown","Nestling",0,"Spring","nest-related","Selasphorus spp.","6728_ALHU","Selasphorus",2016-03-29
"1258","2/3/2014","Released","Lindsey","No","ANHU","Male","adult-like",1,"Winter","found on the ground","Non-selasphorus spp.","4870_ANHU","Non-Selasphorus",2014-02-03
"1259","5/29/2014","Died","Lindsey","No","ANHU","Female-like ","adult-like",0,"Spring","found on the ground","Non-selasphorus spp.","5020_ANHU","Non-Selasphorus",2014-05-29
"1260","9/18/2000","Died","Lindsey","Yes","ANHU","Female-like ","adult-like",1,"Fall","unknown","Non-selasphorus spp.","1909_ANHU","Non-Selasphorus",2000-09-18
"1261","1/16/1999","Died","Lindsey","Yes","ANHU","Female-like ","adult-like",0,"Winter","window hit","Non-selasphorus spp.","1531_ANHU","Non-Selasphorus",1999-01-16
"1262","2/16/2010","Died","Lindsey","Yes","ANHU","Female-like ","adult-like",1,"Winter","found on the ground","Non-selasphorus spp.","3864_ANHU","Non-Selasphorus",2010-02-16
"1263","6/24/1999","Died","Lindsey","No","Selasphorus","Female-like ","adult-like",0,"Summer","caught by domestic animal","Selasphorus spp.","1673_ALHU","Selasphorus",1999-06-24
"1264","6/20/1999","Released","Lindsey","No","Selasphorus","unknown","Nestling",0,"Summer","unknown","Selasphorus spp.","1661_ALHU","Selasphorus",1999-06-20
"1265","4/18/1993","Released","Lindsey","No","Non-selasphorus","unknown","Nestling",0,"Spring","unknown","Non-selasphorus spp.","438_ANHU","Selasphorus",1993-04-18
"1266","7/18/2006","Died","Lindsey","No","ANHU","Female-like ","adult-like",0,"Summer","found on the ground","Non-selasphorus spp.","3143_ANHU","Non-Selasphorus",2006-07-18
"1267","5/7/1997","Released","Lindsey","No","ANHU","Female-like ","adult-like",0,"Spring","found on the ground","Non-selasphorus spp.","1228_ANHU","Non-Selasphorus",1997-05-07
"1268","7/4/1996","Released","Lindsey","Yes","ANHU","Female-like ","adult-like",1,"Summer","found on the ground","Non-selasphorus spp.","1092_ANHU","Non-Selasphorus",1996-07-04
"1269","8/20/2007","Released","Lindsey","Yes","Selasphorus","Female-like ","adult-like",0,"Summer","caught by domestic animal","Selasphorus spp.","3362_ALHU","Selasphorus",2007-08-20
"1270","10/4/2016","Released","Lindsey","No","ANHU","Female-like ","adult-like",0,"Fall","found on the ground","Non-selasphorus spp.","5716_ANHU","Non-Selasphorus",2016-10-04
"1271","6/21/1993","Released","Lindsey","Yes","ANHU","Female-like ","adult-like",1,"Summer","nest-related","Non-selasphorus spp.","499_ANHU","Non-Selasphorus",1993-06-21
"1272","3/29/2016","Released","malibu","No","Selasphorus","unknown","Nestling",-48,"Spring","nest-related","Selasphorus spp.","6713_ALHU","Selasphorus",2016-03-29
"1273","1/10/1997","Died","Lindsey","No","ANHU","Female-like ","adult-like",1,"Winter","window hit","Non-selasphorus spp.","1145_ANHU","Non-Selasphorus",1997-01-10
"1274","5/23/1992","Died","Lindsey","No","Selasphorus","unknown","Nestling",1,"Spring","caught by domestic animal","Selasphorus spp.","286_ALHU","Selasphorus",1992-05-23
"1275","4/28/2012","Died","Lindsey","No","ANHU","Female-like ","adult-like",0,"Spring","window hit","Non-selasphorus spp.","4446_ANHU","Non-Selasphorus",2012-04-28
"1276","3/4/2016","Died","malibu","No","Selasphorus","Female-like ","adult-like",2,"Spring","unknown","Selasphorus spp.","6636_ALHU","Selasphorus",2016-03-04
"1277","6/9/2015","Released","Lindsey","No","Non-selasphorus","unknown","Nestling",0,"Summer","found on the ground","Non-selasphorus spp.","5367_ANHU","Selasphorus",2015-06-09
"1278","8/20/1999","Released","Lindsey","Yes","Selasphorus","Female-like ","adult-like",0,"Summer","found inside","Selasphorus spp.","1705_ALHU","Selasphorus",1999-08-20
"1279","4/6/1993","Released","Lindsey","No","Selasphorus","unknown","Nestling",0,"Spring","nest-related","Selasphorus spp.","423_ALHU","Selasphorus",1993-04-06
"1280","5/28/2005","Released","Lindsey","No","Non-selasphorus","unknown","Nestling",0,"Spring","found on the ground","Non-selasphorus spp.","2896_ANHU","Selasphorus",2005-05-28
"1281","3/8/2010","Died","Lindsey","No","ANHU","Female-like ","adult-like",0,"Spring","suspect torpor-like state","Non-selasphorus spp.","3881_ANHU","Non-Selasphorus",2010-03-08
"1282","11/23/1992","Died","Lindsey","No","ANHU","Female-like ","adult-like",0,"Fall","caught by domestic animal","Non-selasphorus spp.","365_ANHU","Non-Selasphorus",1992-11-23
"1283","1/28/2001","Died","Lindsey","Yes","ANHU","Female-like ","adult-like",0,"Winter","window hit","Non-selasphorus spp.","1947_ANHU","Non-Selasphorus",2001-01-28
"1284","8/7/2010","Died","Lindsey","Yes","ANHU","Male","adult-like",0,"Summer","suspect torpor-like state","Non-selasphorus spp.","4046_ANHU","Non-Selasphorus",2010-08-07
"1285","5/22/2002","Released","Lindsey","No","ANHU","Female-like ","adult-like",0,"Spring","found on the ground","Non-selasphorus spp.","2250_ANHU","Non-Selasphorus",2002-05-22
"1286","7/20/2009","Died","Lindsey","No","ANHU","Female-like ","adult-like",0,"Summer","found inside","Non-selasphorus spp.","3794_ANHU","Non-Selasphorus",2009-07-20
"1287","4/14/1992","Died","Lindsey","No","Selasphorus","Female-like ","adult-like",0,"Spring","found inside","Selasphorus spp.","253_ALHU","Selasphorus",1992-04-14
"1288","7/25/1992","Died","Lindsey","No","Selasphorus","Female-like ","adult-like",0,"Summer","unknown","Selasphorus spp.","348_RUHU","Selasphorus",1992-07-25
"1289","3/21/1995","Released","Lindsey","No","ANHU","Female-like ","adult-like",0,"Spring","unknown","Non-selasphorus spp.","786_ANHU","Non-Selasphorus",1995-03-21
"1290","4/21/2006","Died","Lindsey","Yes","ANHU","Female-like ","adult-like",1,"Spring","caught by domestic animal","Non-selasphorus spp.","3067_ANHU","Non-Selasphorus",2006-04-21
"1291","3/29/1991","Released","Lindsey","No","Selasphorus","Female-like ","adult-like",0,"Spring","found on the ground","Selasphorus spp.","47_RUHU","Selasphorus",1991-03-29
"1292","3/6/1996","Released","Lindsey","Yes","Non-selasphorus","unknown","Nestling",0,"Spring","nest-related","Non-selasphorus spp.","968_ANHU","Selasphorus",1996-03-06
"1293","4/26/1997","Died","Lindsey","No","ANHU","Female-like ","adult-like",0,"Spring","window hit","Non-selasphorus spp.","1220_ANHU","Non-Selasphorus",1997-04-26
"1294","7/6/1996","Died","Lindsey","No","ANHU","Female-like ","adult-like",0,"Summer","caught by domestic animal","Non-selasphorus spp.","1096_ANHU","Non-Selasphorus",1996-07-06
"1295","5/8/2013","Died","malibu","No","ANHU","Female-like ","adult-like",0,"Spring","unknown","Non-selasphorus spp.","5806_ANHU","Non-Selasphorus",2013-05-08
"1296","5/16/2010","Released","Lindsey","Yes","ANHU","Female-like ","adult-like",3,"Spring","found on the ground","Non-selasphorus spp.","3956_ANHU","Non-Selasphorus",2010-05-16
"1297","3/20/2005","Released","Lindsey","Yes","Non-selasphorus","unknown","Nestling",1,"Spring","found on the ground","Non-selasphorus spp.","2822_ANHU","Selasphorus",2005-03-20
"1298","6/6/2005","Released","Lindsey","Yes","Non-selasphorus","unknown","Nestling",1,"Summer","nest-related","Non-selasphorus spp.","2909_ANHU","Selasphorus",2005-06-06
"1299","11/29/2013","Died","malibu","No","Selasphorus","Female-like ","adult-like",0,"Fall","caught by domestic animal","Selasphorus spp.","5913_ALHU","Selasphorus",2013-11-29
"1300","4/18/2003","Died","Lindsey","No","ANHU","Female-like ","adult-like",0,"Spring","caught by domestic animal","Non-selasphorus spp.","2455_ANHU","Non-Selasphorus",2003-04-18
"1301","6/5/2010","Released","Lindsey","Yes","Non-selasphorus","unknown","Nestling",1,"Summer","found on the ground","Non-selasphorus spp.","3976_ANHU","Selasphorus",2010-06-05
"1302","12/9/2010","Died","Lindsey","No","ANHU","Male","adult-like",0,"Winter","unknown","Non-selasphorus spp.","4082_ANHU","Non-Selasphorus",2010-12-09
"1303","1/2/2007","Released","Lindsey","No","ANHU","Female-like ","adult-like",0,"Winter","found on the ground","Non-selasphorus spp.","3187_ANHU","Non-Selasphorus",2007-01-02
"1304","5/13/2011","Died","Lindsey","Yes","ANHU","Female-like ","adult-like",1,"Spring","found on the ground","Non-selasphorus spp.","4205_ANHU","Non-Selasphorus",2011-05-13
"1305","12/29/2014","Released","malibu","No","Selasphorus","Female-like ","adult-like",0,"Winter","unknown","Selasphorus spp.","6333_ALHU","Selasphorus",2014-12-29
"1306","4/23/2004","Died","Lindsey","Yes","ANHU","Female-like ","adult-like",1,"Spring","found on the ground","Non-selasphorus spp.","2670_ANHU","Non-Selasphorus",2004-04-23
"1307","5/12/1993","Died","Lindsey","No","ANHU","Female-like ","adult-like",0,"Spring","found on the ground","Non-selasphorus spp.","464_ANHU","Non-Selasphorus",1993-05-12
"1308","8/23/2015","Died","Lindsey","No","ANHU","Female-like ","adult-like",0,"Summer","found on the ground","Non-selasphorus spp.","5435_ANHU","Non-Selasphorus",2015-08-23
"1309","6/7/2009","Released","Lindsey","No","Non-selasphorus","unknown","Nestling",0,"Summer","unknown","Non-selasphorus spp.","3749_ANHU","Selasphorus",2009-06-07
"1310","7/3/2009","Released","Lindsey","No","ANHU","Male","adult-like",0,"Summer","caught by domestic animal","Non-selasphorus spp.","3775_ANHU","Non-Selasphorus",2009-07-03
"1311","4/22/2014","Died","Lindsey","No","ANHU","Female-like ","adult-like",0,"Spring","caught by domestic animal","Non-selasphorus spp.","4965_ANHU","Non-Selasphorus",2014-04-22
"1312","3/27/2015","Released","malibu","No","Selasphorus","unknown","Nestling",0,"Spring","nest-related","Selasphorus spp.","6505_ALHU","Selasphorus",2015-03-27
"1313","7/25/2003","Died","Lindsey","Yes","ANHU","Female-like ","adult-like",2,"Summer","found inside","Non-selasphorus spp.","2551_ANHU","Non-Selasphorus",2003-07-25
"1314","4/26/1996","Released","Lindsey","No","Non-selasphorus","unknown","Nestling",0,"Spring","found on the ground","Non-selasphorus spp.","1036_ANHU","Selasphorus",1996-04-26
"1315","3/16/1997","Died","Lindsey","No","ANHU","Female-like ","adult-like",0,"Spring","caught by domestic animal","Non-selasphorus spp.","1178_ANHU","Non-Selasphorus",1997-03-16
"1316","4/2/2001","Released","Lindsey","Yes","ANHU","Female-like ","adult-like",2,"Spring","nest-related","Non-selasphorus spp.","2007_ANHU","Non-Selasphorus",2001-04-02
"1317","2/3/2015","Died","Lindsey","No","ANHU","Female-like ","adult-like",0,"Winter","found on the ground","Non-selasphorus spp.","5164_ANHU","Non-Selasphorus",2015-02-03
"1318","5/10/2016","Died","malibu","Yes","Selasphorus","Male","adult-like",0,"Spring","caught by domestic animal","Selasphorus spp.","6706_ALHU","Selasphorus",2016-05-10
"1319","1/5/1991","Died","Lindsey","No","ANHU","Female-like ","adult-like",0,"Winter","caught by domestic animal","Non-selasphorus spp.","5_ANHU","Non-Selasphorus",1991-01-05
"1320","5/23/2015","Died","Lindsey","Yes","ANHU","Female-like ","adult-like",0,"Spring","found on the ground","Non-selasphorus spp.","5333_ANHU","Non-Selasphorus",2015-05-23
"1321","12/24/1993","Died","Lindsey","No","ANHU","Female-like ","adult-like",0,"Winter","found on the ground","Non-selasphorus spp.","561_ANHU","Non-Selasphorus",1993-12-24
"1322","2/18/1996","Released","Lindsey","No","Non-selasphorus","unknown","Nestling",0,"Winter","unknown","Non-selasphorus spp.","954_ANHU","Selasphorus",1996-02-18
"1323","4/3/2014","Died","Lindsey","Yes","Non-selasphorus","unknown","Nestling",2,"Spring","nest-related","Non-selasphorus spp.","4935_ANHU","Selasphorus",2014-04-03
"1324","7/5/1996","Died","Lindsey","No","ANHU","Female-like ","adult-like",1,"Summer","found on the ground","Non-selasphorus spp.","1093_ANHU","Non-Selasphorus",1996-07-05
"1325","4/1/1997","Died","Lindsey","No","ANHU","Female-like ","adult-like",0,"Spring","found on the ground","Non-selasphorus spp.","1200_ANHU","Non-Selasphorus",1997-04-01
"1326","5/27/1999","Died","Lindsey","No","ANHU","Female-like ","adult-like",0,"Spring","caught by domestic animal","Non-selasphorus spp.","1641_ANHU","Non-Selasphorus",1999-05-27
"1327","12/8/2014","Died","malibu","No","ANHU","Male","adult-like",0,"Winter","unknown","Non-selasphorus spp.","6334_ANHU","Non-Selasphorus",2014-12-08
"1328","3/1/1998","Died","Lindsey","No","ANHU","Female-like ","adult-like",0,"Spring","caught by domestic animal","Non-selasphorus spp.","1349_ANHU","Non-Selasphorus",1998-03-01
"1329","3/17/2014","Died","Lindsey","No","ANHU","Female-like ","adult-like",0,"Spring","window hit","Non-selasphorus spp.","4907_ANHU","Non-Selasphorus",2014-03-17
"1330","5/22/2005","Died","Lindsey","No","ANHU","Female-like ","adult-like",0,"Spring","found on the ground","Non-selasphorus spp.","2886_ANHU","Non-Selasphorus",2005-05-22
"1331","5/16/1998","Released","Lindsey","No","ANHU","Female-like ","adult-like",1,"Spring","nest-related","Non-selasphorus spp.","1416_ANHU","Non-Selasphorus",1998-05-16
"1332","12/30/2003","Died","Lindsey","No","ANHU","Female-like ","adult-like",0,"Winter","window hit","Non-selasphorus spp.","2586_ANHU","Non-Selasphorus",2003-12-30
"1333","6/16/2004","Died","Lindsey","Yes","ANHU","Female-like ","adult-like",3,"Summer","found on the ground","Non-selasphorus spp.","2721_ANHU","Non-Selasphorus",2004-06-16
"1334","4/7/2010","Released","Lindsey","No","Non-selasphorus","unknown","Nestling",0,"Spring","nest-related","Non-selasphorus spp.","3905_ANHU","Selasphorus",2010-04-07
"1335","2/6/2004","Died","Lindsey","No","ANHU","Female-like ","adult-like",0,"Winter","found on the ground","Non-selasphorus spp.","2600_ANHU","Non-Selasphorus",2004-02-06
"1336","9/17/1999","Died","Lindsey","No","ANHU","Female-like ","adult-like",0,"Fall","found inside","Non-selasphorus spp.","1711_ANHU","Non-Selasphorus",1999-09-17
"1337","5/19/1997","Died","Lindsey","No","Non-selasphorus","unknown","Nestling",0,"Spring","found on the ground","Non-selasphorus spp.","1241_ANHU","Selasphorus",1997-05-19
"1338","6/29/1999","Released","Lindsey","No","Non-selasphorus","unknown","Nestling",0,"Summer","nest-related","Non-selasphorus spp.","1682_ANHU","Selasphorus",1999-06-29
"1339","1/16/1995","Died","Lindsey","No","ANHU","Female-like ","adult-like",1,"Winter","caught by domestic animal","Non-selasphorus spp.","740_ANHU","Non-Selasphorus",1995-01-16
"1340","5/26/2012","Released","Lindsey","No","Non-selasphorus","unknown","Nestling",1,"Spring","found on the ground","Non-selasphorus spp.","4480_ANHU","Selasphorus",2012-05-26
"1341","5/5/2016","Released","Lindsey","No","ANHU","Female-like ","adult-like",0,"Spring","suspect torpor-like state","Non-selasphorus spp.","5596_ANHU","Non-Selasphorus",2016-05-05
"1342","5/7/2015","Died","malibu","No","Selasphorus","unknown","Nestling",2,"Spring","unknown","Selasphorus spp.","6414_ALHU","Selasphorus",2015-05-07
"1343","3/6/2003","Died","Lindsey","Yes","ANHU","Female-like ","adult-like",1,"Spring","found on the ground","Non-selasphorus spp.","2402_ANHU","Non-Selasphorus",2003-03-06
"1344","9/3/1995","Died","Lindsey","Yes","ANHU","Female-like ","adult-like",1,"Fall","found on the ground","Non-selasphorus spp.","922_ANHU","Non-Selasphorus",1995-09-03
"1345","8/12/1993","Died","Lindsey","No","ANHU","Female-like ","adult-like",0,"Summer","caught by domestic animal","Non-selasphorus spp.","538_ANHU","Non-Selasphorus",1993-08-12
"1346","1/17/2000","Died","Lindsey","No","ANHU","Female-like ","adult-like",1,"Winter","found on the ground","Non-selasphorus spp.","1730_ANHU","Non-Selasphorus",2000-01-17
"1347","4/8/2014","Died","malibu","No","ANHU","Female-like ","adult-like",0,"Spring","window hit","Non-selasphorus spp.","6086_ANHU","Non-Selasphorus",2014-04-08
"1348","5/11/2013","Died","Lindsey","Yes","ANHU","Male","adult-like",1,"Spring","found on the ground","Non-selasphorus spp.","4724_ANHU","Non-Selasphorus",2013-05-11
"1349","4/17/2000","Released","Lindsey","No","ANHU","Female-like ","adult-like",0,"Spring","caught by domestic animal","Non-selasphorus spp.","1796_ANHU","Non-Selasphorus",2000-04-17
"1350","7/14/1994","Died","Lindsey","No","ANHU","Female-like ","adult-like",0,"Summer","window hit","Non-selasphorus spp.","708_ANHU","Non-Selasphorus",1994-07-14
"1351","7/12/2000","Died","Lindsey","No","ANHU","Female-like ","adult-like",0,"Summer","caught by domestic animal","Non-selasphorus spp.","1890_ANHU","Non-Selasphorus",2000-07-12
"1352","5/15/2009","Died","Lindsey","Yes","ANHU","Female-like ","adult-like",1,"Spring","found on the ground","Non-selasphorus spp.","3729_ANHU","Non-Selasphorus",2009-05-15
"1353","11/27/2013","Released","Lindsey","No","ANHU","Female-like ","adult-like",0,"Fall","found on the ground","Non-selasphorus spp.","4836_ANHU","Non-Selasphorus",2013-11-27
"1354","4/8/2008","Died","Lindsey","Yes","ANHU","Male","adult-like",0,"Spring","found on the ground","Non-selasphorus spp.","3461_ANHU","Non-Selasphorus",2008-04-08
"1355","8/13/2001","Died","Lindsey","No","ANHU","Female-like ","adult-like",1,"Summer","caught by domestic animal","Non-selasphorus spp.","2113_ANHU","Non-Selasphorus",2001-08-13
"1356","4/22/1999","Released","Lindsey","No","Non-selasphorus","unknown","Nestling",0,"Spring","nest-related","Non-selasphorus spp.","1604_ANHU","Selasphorus",1999-04-22
"1357","4/16/2013","Died","malibu","Yes","Selasphorus","Female-like ","adult-like",1,"Spring","found on the ground","Selasphorus spp.","5777_ALHU","Selasphorus",2013-04-16
"1358","4/26/2014","Died","Lindsey","No","ANHU","Female-like ","adult-like",0,"Spring","found on the ground","Non-selasphorus spp.","4971_ANHU","Non-Selasphorus",2014-04-26
"1359","6/23/1997","Released","Lindsey","No","ANHU","Female-like ","adult-like",0,"Summer","unknown","Non-selasphorus spp.","1272_ANHU","Non-Selasphorus",1997-06-23
"1360","5/26/2010","Released","Lindsey","Yes","ANHU","Female-like ","adult-like",0,"Spring","found on the ground","Non-selasphorus spp.","3968_ANHU","Non-Selasphorus",2010-05-26
"1361","3/1/2013","Died","malibu","No","Selasphorus","Male","adult-like",0,"Spring","window hit","Selasphorus spp.","5749_ALHU","Selasphorus",2013-03-01
"1362","4/18/1991","Died","Lindsey","No","Non-selasphorus","unknown","Nestling",0,"Spring","unknown","Non-selasphorus spp.","75_ANHU","Selasphorus",1991-04-18
"1363","6/4/2005","Died","Lindsey","No","Non-selasphorus","unknown","Nestling",0,"Summer","nest-related","Non-selasphorus spp.","2906_ANHU","Selasphorus",2005-06-04
"1364","7/14/2010","Died","Lindsey","No","ANHU","Male","adult-like",1,"Summer","found on the ground","Non-selasphorus spp.","4021_ANHU","Non-Selasphorus",2010-07-14
"1365","1/19/2016","Died","Santa Barbara","No","ANHU","Female-like ","adult-like",0,"Winter","suspect torpor-like state","Non-selasphorus spp.","6840_ANHU","Non-Selasphorus",2016-01-19
"1366","6/1/2013","Released","malibu","Yes","ANHU","Female-like ","adult-like",1,"Summer","found on the ground","Non-selasphorus spp.","5821_ANHU","Non-Selasphorus",2013-06-01
"1367","2/12/2015","Died","Lindsey","No","ANHU","Female-like ","adult-like",1,"Winter","found on the ground","Non-selasphorus spp.","5174_ANHU","Non-Selasphorus",2015-02-12
"1368","3/3/2007","Died","Lindsey","No","ANHU","Female-like ","adult-like",0,"Spring","caught by domestic animal","Non-selasphorus spp.","3211_ANHU","Non-Selasphorus",2007-03-03
"1369","4/7/2014","Died","Lindsey","No","Selasphorus","Female-like ","adult-like",0,"Spring","found on the ground","Selasphorus spp.","4943_RUHU","Selasphorus",2014-04-07
"1370","2/3/1997","Died","Lindsey","No","ANHU","Female-like ","adult-like",0,"Winter","window hit","Non-selasphorus spp.","1153_ANHU","Non-Selasphorus",1997-02-03
"1371","4/6/1991","Died","Lindsey","No","ANHU","Female-like ","adult-like",1,"Spring","unknown","Non-selasphorus spp.","56_ANHU","Non-Selasphorus",1991-04-06
"1372","2/21/2015","Released","malibu","Yes","Selasphorus","unknown","Nestling",1,"Winter","found on the ground","Selasphorus spp.","6357_ALHU","Selasphorus",2015-02-21
"1373","10/12/2016","Died","malibu","Yes","ANHU","Female-like ","adult-like",0,"Fall","found on the ground","Non-selasphorus spp.","6811_ANHU","Non-Selasphorus",2016-10-12
"1374","5/31/1995","Released","Lindsey","No","ANHU","Female-like ","adult-like",0,"Spring","found on the ground","Non-selasphorus spp.","852_ANHU","Non-Selasphorus",1995-05-31
"1375","4/24/1999","Died","Lindsey","Yes","Selasphorus","Female-like ","adult-like",1,"Spring","caught by domestic animal","Selasphorus spp.","1606_RUHU","Selasphorus",1999-04-24
"1376","4/17/2005","Released","Lindsey","No","Non-selasphorus","unknown","Nestling",0,"Spring","found on the ground","Non-selasphorus spp.","2857_ANHU","Selasphorus",2005-04-17
"1377","6/30/2008","Died","Lindsey","Yes","Non-selasphorus","unknown","Nestling",0,"Summer","found on the ground","Non-selasphorus spp.","3546_ANHU","Selasphorus",2008-06-30
"1378","1/29/2015","Died","malibu","No","Selasphorus","Female-like ","adult-like",0,"Winter","found on the ground","Selasphorus spp.","6346_ALHU","Selasphorus",2015-01-29
"1379","5/16/1993","Released","Lindsey","No","Non-selasphorus","unknown","Nestling",0,"Spring","nest-related","Non-selasphorus spp.","468_ANHU","Selasphorus",1993-05-16
"1380","7/1/1999","Released","Lindsey","No","Non-selasphorus","unknown","Nestling",1,"Summer","nest-related","Non-selasphorus spp.","1685_ANHU","Selasphorus",1999-07-01
"1381","2/22/2010","Died","Lindsey","Yes","ANHU","Female-like ","adult-like",0,"Winter","window hit","Non-selasphorus spp.","3870_ANHU","Non-Selasphorus",2010-02-22
"1382","3/10/2014","Died","Lindsey","Yes","Selasphorus","Female-like ","adult-like",1,"Spring","caught by domestic animal","Selasphorus spp.","4893_RUHU","Selasphorus",2014-03-10
"1383","4/18/2014","Released","Lindsey","Yes","ANHU","Male","adult-like",0,"Spring","caught by domestic animal","Non-selasphorus spp.","4959_ANHU","Non-Selasphorus",2014-04-18
"1384","6/10/2014","Released","malibu","No","ANHU","Female-like ","adult-like",1,"Summer","unknown","Non-selasphorus spp.","6289_ANHU","Non-Selasphorus",2014-06-10
"1385","7/2/2014","Released","Lindsey","No","Non-selasphorus","unknown","Nestling",0,"Summer","found on the ground","Non-selasphorus spp.","5068_ANHU","Selasphorus",2014-07-02
"1386","5/21/2015","Died","malibu","No","Selasphorus","Female-like ","adult-like",0,"Spring","unknown","Selasphorus spp.","6431_ALHU","Selasphorus",2015-05-21
"1387","6/15/2012","Released","Lindsey","No","Non-selasphorus","unknown","Nestling",0,"Summer","found on the ground","Non-selasphorus spp.","4497_ANHU","Selasphorus",2012-06-15
"1388","6/9/1994","Died","Lindsey","No","Non-selasphorus","unknown","Nestling",0,"Summer","found on the ground","Non-selasphorus spp.","665_ANHU","Selasphorus",1994-06-09
"1389","7/10/2007","Died","Lindsey","No","ANHU","Female-like ","adult-like",0,"Summer","found on the ground","Non-selasphorus spp.","3345_ANHU","Non-Selasphorus",2007-07-10
"1390","4/10/1993","Died","Lindsey","Yes","ANHU","Female-like ","adult-like",0,"Spring","found on the ground","Non-selasphorus spp.","430_ANHU","Non-Selasphorus",1993-04-10
"1391","1/15/2004","Died","Lindsey","No","ANHU","Female-like ","adult-like",0,"Winter","found on the ground","Non-selasphorus spp.","2587_ANHU","Non-Selasphorus",2004-01-15
"1392","1/2/2000","Died","Lindsey","Yes","ANHU","Female-like ","adult-like",0,"Winter","window hit","Non-selasphorus spp.","1726_ANHU","Non-Selasphorus",2000-01-02
"1393","2/24/2012","Died","Lindsey","No","ANHU","Female-like ","adult-like",0,"Winter","window hit","Non-selasphorus spp.","4366_ANHU","Non-Selasphorus",2012-02-24
"1394","10/20/2014","Released","malibu","Yes","ANHU","Female-like ","adult-like",0,"Fall","caught by domestic animal","Non-selasphorus spp.","6240_ANHU","Non-Selasphorus",2014-10-20
"1395","5/29/2004","Died","Lindsey","Yes","Non-selasphorus","unknown","Nestling",1,"Spring","found on the ground","Non-selasphorus spp.","2706_ANHU","Selasphorus",2004-05-29
"1396","1/5/1991","Died","Lindsey","No","ANHU","Female-like ","adult-like",4,"Winter","unknown","Non-selasphorus spp.","4_ANHU","Non-Selasphorus",1991-01-05
"1397","12/19/2016","Died","malibu","No","Selasphorus","Female-like ","adult-like",0,"Winter","unknown","Selasphorus spp.","6833_RUHU","Selasphorus",2016-12-19
"1398","3/31/1996","Died","Lindsey","No","ANHU","Female-like ","adult-like",0,"Spring","caught by domestic animal","Non-selasphorus spp.","1002_ANHU","Non-Selasphorus",1996-03-31
"1399","7/8/2004","Died","Lindsey","Yes","ANHU","Female-like ","adult-like",0,"Summer","caught by domestic animal","Non-selasphorus spp.","2742_ANHU","Non-Selasphorus",2004-07-08
"1400","4/18/2013","Died","malibu","No","Non-selasphorus","unknown","Nestling",1,"Spring","unknown","Non-selasphorus spp.","5890_ANHU","Selasphorus",2013-04-18
"1401","7/2/2004","Died","Lindsey","Yes","ANHU","Female-like ","adult-like",0,"Summer","caught by domestic animal","Non-selasphorus spp.","2740_ANHU","Non-Selasphorus",2004-07-02
"1402","4/27/1991","Died","Lindsey","No","ANHU","Female-like ","adult-like",0,"Spring","caught by domestic animal","Non-selasphorus spp.","84_ANHU","Non-Selasphorus",1991-04-27
"1403","4/15/2014","Died","malibu","Yes","ANHU","Female-like ","adult-like",0,"Spring","unknown","Non-selasphorus spp.","6097_ANHU","Non-Selasphorus",2014-04-15
"1404","5/30/2016","Died","malibu","Yes","Selasphorus","Female-like ","adult-like",0,"Spring","unknown","Selasphorus spp.","6739_ALHU","Selasphorus",2016-05-30
"1405","5/29/2013","Died","malibu","Yes","Non-selasphorus","unknown","Nestling",1,"Spring","unknown","Non-selasphorus spp.","5817_ANHU","Selasphorus",2013-05-29
"1406","7/5/2013","Released","malibu","No","Selasphorus","Female-like ","adult-like",0,"Summer","unknown","Selasphorus spp.","6013_ALHU","Selasphorus",2013-07-05
"1407","9/15/1993","Died","Lindsey","No","ANHU","Female-like ","adult-like",0,"Fall","found inside","Non-selasphorus spp.","543_ANHU","Non-Selasphorus",1993-09-15
"1408","3/23/1996","Released","Lindsey","No","Non-selasphorus","unknown","Nestling",1,"Spring","nest-related","Non-selasphorus spp.","988_ANHU","Selasphorus",1996-03-23
"1409","6/1/2011","Died","Lindsey","No","ANHU","Female-like ","adult-like",0,"Summer","found inside","Non-selasphorus spp.","4233_ANHU","Non-Selasphorus",2011-06-01
"1410","2/13/2015","Released","Lindsey","No","Non-selasphorus","unknown","Nestling",1,"Winter","found on the ground","Non-selasphorus spp.","5176_ANHU","Selasphorus",2015-02-13
"1411","6/25/2004","Released","Lindsey","No","ANHU","Female-like ","adult-like",1,"Summer","caught by domestic animal","Non-selasphorus spp.","2733_ANHU","Non-Selasphorus",2004-06-25
"1412","5/11/1997","Died","Lindsey","No","Selasphorus","Female-like ","adult-like",0,"Spring","unknown","Selasphorus spp.","1231_ALHU","Selasphorus",1997-05-11
"1413","6/21/2000","Died","Lindsey","Yes","ANHU","Female-like ","adult-like",2,"Summer","found on the ground","Non-selasphorus spp.","1863_ANHU","Non-Selasphorus",2000-06-21
"1414","3/9/2005","Released","Lindsey","No","Non-selasphorus","unknown","Nestling",1,"Spring","found on the ground","Non-selasphorus spp.","2811_ANHU","Selasphorus",2005-03-09
"1415","3/16/2004","Died","Lindsey","No","ANHU","Female-like ","adult-like",0,"Spring","found on the ground","Non-selasphorus spp.","2637_ANHU","Non-Selasphorus",2004-03-16
"1416","5/4/2000","Released","Lindsey","No","Selasphorus","Female-like ","adult-like",0,"Spring","found on the ground","Selasphorus spp.","1819_ALHU","Selasphorus",2000-05-04
"1417","8/16/2005","Died","Lindsey","No","Selasphorus","Female-like ","adult-like",0,"Summer","found on the ground","Selasphorus spp.","2967_ALHU","Selasphorus",2005-08-16
"1418","5/9/2016","Died","malibu","Yes","Selasphorus","Female-like ","adult-like",1,"Spring","found on the ground","Selasphorus spp.","6705_ALHU","Selasphorus",2016-05-09
"1419","5/9/2006","Released","Lindsey","No","Non-selasphorus","unknown","Nestling",1,"Spring","found on the ground","Non-selasphorus spp.","3088_ANHU","Selasphorus",2006-05-09
"1420","12/10/2015","Released","Lindsey","Yes","ANHU","Female-like ","adult-like",0,"Winter","window hit","Non-selasphorus spp.","5458_ANHU","Non-Selasphorus",2015-12-10
"1421","7/6/1992","Released","Lindsey","No","Non-selasphorus","unknown","Nestling",0,"Summer","found on the ground","Non-selasphorus spp.","337_ANHU","Selasphorus",1992-07-06
"1422","12/3/2016","Died","malibu","Yes","ANHU","Female-like ","adult-like",0,"Winter","unknown","Non-selasphorus spp.","6829_ANHU","Non-Selasphorus",2016-12-03
"1423","1/27/2008","Died","Lindsey","No","ANHU","Female-like ","adult-like",0,"Winter","found on the ground","Non-selasphorus spp.","3409_ANHU","Non-Selasphorus",2008-01-27
"1424","2/26/2013","Died","Lindsey","Yes","ANHU","Female-like ","adult-like",0,"Winter","window hit","Non-selasphorus spp.","4619_ANHU","Non-Selasphorus",2013-02-26
"1425","3/29/1999","Released","Lindsey","No","Non-selasphorus","unknown","Nestling",0,"Spring","found inside","Non-selasphorus spp.","1571_ANHU","Selasphorus",1999-03-29
"1426","6/27/2004","Died","Lindsey","No","ANHU","Female-like ","adult-like",0,"Summer","found inside","Non-selasphorus spp.","2734_ANHU","Non-Selasphorus",2004-06-27
"1427","12/27/2011","Died","Lindsey","Yes","ANHU","Male","adult-like",5,"Winter","unknown","Non-selasphorus spp.","4340_ANHU","Non-Selasphorus",2011-12-27
"1428","6/13/2012","Died","Lindsey","Yes","Non-selasphorus","unknown","Nestling",1,"Summer","nest-related","Non-selasphorus spp.","4493_ANHU","Selasphorus",2012-06-13
"1429","12/22/1992","Died","Lindsey","Yes","ANHU","Female-like ","adult-like",1,"Winter","found on the ground","Non-selasphorus spp.","370_ANHU","Non-Selasphorus",1992-12-22
"1430","4/5/2003","Died","Lindsey","Yes","ANHU","Female-like ","adult-like",0,"Spring","caught by domestic animal","Non-selasphorus spp.","2438_ANHU","Non-Selasphorus",2003-04-05
"1431","6/22/2006","Died","Lindsey","Yes","ANHU","Female-like ","adult-like",1,"Summer","found on the ground","Non-selasphorus spp.","3120_ANHU","Non-Selasphorus",2006-06-22
"1432","2/23/1998","Died","Lindsey","No","Non-selasphorus","unknown","Nestling",0,"Winter","found on the ground","Non-selasphorus spp.","1343_ANHU","Selasphorus",1998-02-23
"1433","10/5/2016","Died","Santa Barbara","No","Non-selasphorus","unknown","Nestling",0,"Fall","caught by domestic animal","Non-selasphorus spp.","6931_ANHU","Selasphorus",2016-10-05
"1434","3/23/2002","Died","Lindsey","No","ANHU","Female-like ","adult-like",0,"Spring","found on the ground","Non-selasphorus spp.","2184_ANHU","Non-Selasphorus",2002-03-23
"1435","3/15/2015","Released","malibu","Yes","Selasphorus","unknown","Nestling",1,"Spring","nest-related","Selasphorus spp.","6520_ALHU","Selasphorus",2015-03-15
"1436","4/22/2015","Died","malibu","No","Selasphorus","unknown","Nestling",0,"Spring","unknown","Selasphorus spp.","6537_ALHU","Selasphorus",2015-04-22
"1437","6/8/2010","Died","Lindsey","Yes","ANHU","Female-like ","adult-like",2,"Summer","found on the ground","Non-selasphorus spp.","3979_ANHU","Non-Selasphorus",2010-06-08
"1438","12/8/2013","Released","Lindsey","No","ANHU","Male","adult-like",0,"Winter","window hit","Non-selasphorus spp.","4840_ANHU","Non-Selasphorus",2013-12-08
"1439","2/22/2004","Died","Lindsey","No","ANHU","Female-like ","adult-like",0,"Winter","found on the ground","Non-selasphorus spp.","2616_ANHU","Non-Selasphorus",2004-02-22
"1440","8/1/1991","Died","Lindsey","No","ANHU","Female-like ","adult-like",0,"Summer","unknown","Non-selasphorus spp.","159_ANHU","Non-Selasphorus",1991-08-01
"1441","5/13/1996","Died","Lindsey","No","ANHU","Female-like ","adult-like",0,"Spring","found on the ground","Non-selasphorus spp.","1051_ANHU","Non-Selasphorus",1996-05-13
"1442","2/25/2015","Died","Lindsey","No","ANHU","Female-like ","adult-like",1,"Winter","found on the ground","Non-selasphorus spp.","5190_ANHU","Non-Selasphorus",2015-02-25
"1443","7/9/2015","Released","Lindsey","No","Selasphorus","unknown","Nestling",0,"Summer","nest-related","Selasphorus spp.","5415_ALHU","Selasphorus",2015-07-09
"1444","6/25/2016","Died","Santa Barbara","Yes","ANHU","Female-like ","adult-like",0,"Summer","found on the ground","Non-selasphorus spp.","6892_ANHU","Non-Selasphorus",2016-06-25
"1445","6/7/2016","Died","malibu","No","ANHU","Female-like ","adult-like",1,"Summer","nest-related","Non-selasphorus spp.","6751_ANHU","Non-Selasphorus",2016-06-07
"1446","8/11/2003","Died","Lindsey","No","ANHU","Female-like ","adult-like",0,"Summer","caught by domestic animal","Non-selasphorus spp.","2557_ANHU","Non-Selasphorus",2003-08-11
"1447","2/15/2003","Died","Lindsey","Yes","ANHU","Female-like ","adult-like",0,"Winter","found on the ground","Non-selasphorus spp.","2383_ANHU","Non-Selasphorus",2003-02-15
"1448","10/10/2012","Died","Lindsey","No","ANHU","Male","adult-like",1,"Fall","unknown","Non-selasphorus spp.","4573_ANHU","Non-Selasphorus",2012-10-10
"1449","5/31/2001","Released","Lindsey","No","ANHU","Female-like ","adult-like",0,"Spring","unknown","Non-selasphorus spp.","2056_ANHU","Non-Selasphorus",2001-05-31
"1450","5/22/2016","Released","malibu","No","Selasphorus","Female-like ","adult-like",0,"Spring","unknown","Selasphorus spp.","6790_ALHU","Selasphorus",2016-05-22
"1451","6/18/2008","Died","Lindsey","No","ANHU","Female-like ","adult-like",0,"Summer","found on the ground","Non-selasphorus spp.","3530_ANHU","Non-Selasphorus",2008-06-18
"1452","4/20/2015","Died","Lindsey","No","ANHU","Female-like ","adult-like",0,"Spring","found on the ground","Non-selasphorus spp.","5283_ANHU","Non-Selasphorus",2015-04-20
"1453","4/25/2011","Died","Lindsey","No","Non-selasphorus","unknown","Nestling",1,"Spring","nest-related","Non-selasphorus spp.","4184_ANHU","Selasphorus",2011-04-25
"1454","1/6/1991","Died","Lindsey","No","ANHU","Female-like ","adult-like",0,"Winter","window hit","Non-selasphorus spp.","7_ANHU","Non-Selasphorus",1991-01-06
"1455","8/13/2016","Died","Lindsey","No","ANHU","Female-like ","adult-like",0,"Summer","found on the ground","Non-selasphorus spp.","5695_ANHU","Non-Selasphorus",2016-08-13
"1456","11/21/2013","Died","malibu","No","ANHU","Female-like ","adult-like",3,"Fall","unknown","Non-selasphorus spp.","5911_ANHU","Non-Selasphorus",2013-11-21
"1457","2/22/2016","Died","Lindsey","Yes","ANHU","Female-like ","adult-like",0,"Winter","found on the ground","Non-selasphorus spp.","5503_ANHU","Non-Selasphorus",2016-02-22
"1458","5/15/2010","Died","Lindsey","No","ANHU","Male","adult-like",0,"Spring","window hit","Non-selasphorus spp.","3955_ANHU","Non-Selasphorus",2010-05-15
"1459","5/21/2015","Died","malibu","Yes","Selasphorus","unknown","Nestling",1,"Spring","found on the ground","Selasphorus spp.","6430_ALHU","Selasphorus",2015-05-21
"1460","3/12/1995","Released","Lindsey","Yes","Non-selasphorus","unknown","Nestling",0,"Spring","unknown","Non-selasphorus spp.","774_ANHU","Selasphorus",1995-03-12
"1461","7/6/2015","Released","Lindsey","Yes","ANHU","Female-like ","adult-like",0,"Summer","found on the ground","Non-selasphorus spp.","5410_ANHU","Non-Selasphorus",2015-07-06
"1462","3/15/2016","Released","malibu","No","ANHU","Female-like ","adult-like",-62,"Spring","nest-related","Non-selasphorus spp.","6715_ANHU","Non-Selasphorus",2016-03-15
"1463","8/18/2015","Died","malibu","Yes","ANHU","Female-like ","adult-like",1,"Summer","unknown","Non-selasphorus spp.","6493_ANHU","Non-Selasphorus",2015-08-18
"1464","2/25/2016","Released","malibu","Yes","Selasphorus","unknown","Nestling",0,"Winter","nest-related","Selasphorus spp.","6656_ALHU","Selasphorus",2016-02-25
"1465","8/29/2009","Released","Lindsey","No","Non-selasphorus","unknown","Nestling",0,"Summer","found on the ground","Non-selasphorus spp.","3816_ANHU","Selasphorus",2009-08-29
"1466","4/1/1993","Died","Lindsey","No","ANHU","Female-like ","adult-like",0,"Spring","found on the ground","Non-selasphorus spp.","415_ANHU","Non-Selasphorus",1993-04-01
"1467","5/25/1992","Died","Lindsey","Yes","ANHU","Female-like ","adult-like",0,"Spring","found on the ground","Non-selasphorus spp.","289_ANHU","Non-Selasphorus",1992-05-25
"1468","12/5/2013","Died","Lindsey","No","ANHU","Male","adult-like",0,"Winter","found inside","Non-selasphorus spp.","4838_ANHU","Non-Selasphorus",2013-12-05
"1469","12/14/2015","Died","malibu","No","ANHU","Female-like ","adult-like",1,"Winter","found on the ground","Non-selasphorus spp.","6459_ANHU","Non-Selasphorus",2015-12-14
"1470","4/5/2013","Died","malibu","No","Non-selasphorus","unknown","Nestling",0,"Spring","unknown","Non-selasphorus spp.","5767_ANHU","Selasphorus",2013-04-05
"1471","7/5/2014","Died","Lindsey","Yes","ANHU","Female-like ","adult-like",0,"Summer","found on the ground","Non-selasphorus spp.","5073_ANHU","Non-Selasphorus",2014-07-05
"1472","5/28/1992","Died","Lindsey","Yes","Selasphorus","unknown","Nestling",1,"Spring","caught by domestic animal","Selasphorus spp.","292_ALHU","Selasphorus",1992-05-28
"1473","1/10/2013","Died","malibu","No","ANHU","Female-like ","adult-like",0,"Winter","unknown","Non-selasphorus spp.","5730_ANHU","Non-Selasphorus",2013-01-10
"1474","3/17/2015","Died","Lindsey","Yes","ANHU","Male","adult-like",1,"Spring","found on the ground","Non-selasphorus spp.","5216_ANHU","Non-Selasphorus",2015-03-17
"1475","6/12/2012","Died","Lindsey","No","ANHU","Female-like ","adult-like",1,"Summer","found on the ground","Non-selasphorus spp.","4490_ANHU","Non-Selasphorus",2012-06-12
"1476","4/4/2014","Released","malibu","No","Selasphorus","Female-like ","adult-like",0,"Spring","unknown","Selasphorus spp.","6203_ALHU","Selasphorus",2014-04-04
"1477","11/12/2002","Died","Lindsey","No","ANHU","Female-like ","adult-like",0,"Fall","found on the ground","Non-selasphorus spp.","2350_ANHU","Non-Selasphorus",2002-11-12
"1478","4/2/2010","Released","Lindsey","No","ANHU","Male","adult-like",1,"Spring","found on the ground","Non-selasphorus spp.","3900_ANHU","Non-Selasphorus",2010-04-02
"1479","5/3/2005","Died","Lindsey","Yes","Non-selasphorus","unknown","Nestling",1,"Spring","nest-related","Non-selasphorus spp.","2870_ANHU","Selasphorus",2005-05-03
"1480","3/11/2015","Released","malibu","No","Selasphorus","unknown","Nestling",0,"Spring","unknown","Selasphorus spp.","6500_ALHU","Selasphorus",2015-03-11
"1481","6/24/2000","Released","Lindsey","No","ANHU","Female-like ","adult-like",0,"Summer","caught by domestic animal","Non-selasphorus spp.","1868_ANHU","Non-Selasphorus",2000-06-24
"1482","1/4/2016","Died","Lindsey","No","ANHU","Female-like ","adult-like",0,"Winter","found on the ground","Non-selasphorus spp.","5468_ANHU","Non-Selasphorus",2016-01-04
"1483","4/15/1996","Released","Lindsey","No","ANHU","Female-like ","adult-like",0,"Spring","found on the ground","Non-selasphorus spp.","1022_ANHU","Non-Selasphorus",1996-04-15
"1484","4/25/2014","Died","Lindsey","No","Non-selasphorus","unknown","Nestling",0,"Spring","nest-related","Non-selasphorus spp.","4969_ANHU","Selasphorus",2014-04-25
"1485","5/19/2015","Died","malibu","No","Selasphorus","Female-like ","adult-like",1,"Spring","found on the ground","Selasphorus spp.","6427_ALHU","Selasphorus",2015-05-19
"1486","6/16/1999","Released","Lindsey","No","Non-selasphorus","unknown","Nestling",0,"Summer","found on the ground","Non-selasphorus spp.","1657_ANHU","Selasphorus",1999-06-16
"1487","7/20/2016","Died","Lindsey","Yes","ANHU","Female-like ","adult-like",1,"Summer","found on the ground","Non-selasphorus spp.","5686_ANHU","Non-Selasphorus",2016-07-20
"1488","10/8/2006","Died","Lindsey","No","ANHU","Female-like ","adult-like",0,"Fall","found on the ground","Non-selasphorus spp.","3161_ANHU","Non-Selasphorus",2006-10-08
"1489","6/13/2003","Died","Lindsey","No","ANHU","Female-like ","adult-like",0,"Summer","suspect torpor-like state","Non-selasphorus spp.","2510_ANHU","Non-Selasphorus",2003-06-13
"1490","11/29/2011","Died","Lindsey","No","ANHU","Female-like ","adult-like",0,"Fall","unknown","Non-selasphorus spp.","4328_ANHU","Non-Selasphorus",2011-11-29
"1491","5/1/2016","Died","Lindsey","Yes","ANHU","Female-like ","adult-like",1,"Spring","found on the ground","Non-selasphorus spp.","5594_ANHU","Non-Selasphorus",2016-05-01
"1492","6/19/2004","Died","Lindsey","Yes","Selasphorus","Female-like ","adult-like",0,"Summer","caught by domestic animal","Selasphorus spp.","2727_ALHU","Selasphorus",2004-06-19
"1493","5/5/2016","Died","Santa Barbara","No","ANHU","Male","adult-like",0,"Spring","caught by domestic animal","Non-selasphorus spp.","6870_ANHU","Non-Selasphorus",2016-05-05
"1494","10/8/1993","Died","Lindsey","No","ANHU","Female-like ","adult-like",0,"Fall","window hit","Non-selasphorus spp.","549_ANHU","Non-Selasphorus",1993-10-08
"1495","4/14/1991","Released","Lindsey","No","ANHU","Female-like ","adult-like",0,"Spring","suspect torpor-like state","Non-selasphorus spp.","67_ANHU","Non-Selasphorus",1991-04-14
"1496","10/18/2013","Died","Lindsey","No","ANHU","Male","adult-like",0,"Fall","found inside","Non-selasphorus spp.","4819_ANHU","Non-Selasphorus",2013-10-18
"1497","11/11/2005","Died","Lindsey","Yes","ANHU","Female-like ","adult-like",0,"Fall","found on the ground","Non-selasphorus spp.","2981_ANHU","Non-Selasphorus",2005-11-11
"1498","1/8/2010","Died","Lindsey","No","ANHU","Male","adult-like",0,"Winter","found inside","Non-selasphorus spp.","3844_ANHU","Non-Selasphorus",2010-01-08
"1499","6/16/2013","Released","Lindsey","Yes","ANHU","Female-like ","adult-like",0,"Summer","found on the ground","Non-selasphorus spp.","4762_ANHU","Non-Selasphorus",2013-06-16
"1500","3/17/2014","Died","malibu","No","ANHU","Female-like ","adult-like",0,"Spring","unknown","Non-selasphorus spp.","6215_ANHU","Non-Selasphorus",2014-03-17
"1501","12/24/2011","Released","Lindsey","No","ANHU","Male","adult-like",0,"Winter","found on the ground","Non-selasphorus spp.","4339_ANHU","Non-Selasphorus",2011-12-24
"1502","3/5/2006","Released","Lindsey","Yes","Non-selasphorus","unknown","Nestling",1,"Spring","found on the ground","Non-selasphorus spp.","3019_ANHU","Selasphorus",2006-03-05
"1503","3/16/1996","Died","Lindsey","No","Non-selasphorus","unknown","Nestling",0,"Spring","nest-related","Non-selasphorus spp.","981_ANHU","Selasphorus",1996-03-16
"1504","8/5/2009","Died","Lindsey","No","Selasphorus","Female-like ","adult-like",1,"Summer","found inside","Selasphorus spp.","3802_RUHU","Selasphorus",2009-08-05
"1505","8/5/2010","Released","Lindsey","Yes","ANHU","Female-like ","adult-like",0,"Summer","found inside","Non-selasphorus spp.","4044_ANHU","Non-Selasphorus",2010-08-05
"1506","9/17/2013","Died","malibu","No","Selasphorus","Male","adult-like",0,"Fall","unknown","Selasphorus spp.","5893_ALHU","Selasphorus",2013-09-17
"1507","6/24/1996","Released","Lindsey","No","Non-selasphorus","unknown","Nestling",0,"Summer","unknown","Non-selasphorus spp.","1086_BCHU","Selasphorus",1996-06-24
"1508","6/22/2006","Died","Lindsey","No","Non-selasphorus","unknown","Nestling",0,"Summer","nest-related","Non-selasphorus spp.","3122_ANHU","Selasphorus",2006-06-22
"1509","7/7/2008","Died","Lindsey","No","ANHU","Female-like ","adult-like",0,"Summer","found on the ground","Non-selasphorus spp.","3550_ANHU","Non-Selasphorus",2008-07-07
"1510","3/2/1993","Released","Lindsey","No","Non-selasphorus","unknown","Nestling",0,"Spring","nest-related","Non-selasphorus spp.","390_ANHU","Selasphorus",1993-03-02
"1511","9/3/2010","Died","Lindsey","No","ANHU","Female-like ","adult-like",0,"Fall","found on the ground","Non-selasphorus spp.","4055_ANHU","Non-Selasphorus",2010-09-03
"1512","6/25/2015","Died","Lindsey","Yes","ANHU","Female-like ","adult-like",0,"Summer","found on the ground","Non-selasphorus spp.","5396_ANHU","Non-Selasphorus",2015-06-25
"1513","6/11/1997","Died","Lindsey","No","Non-selasphorus","unknown","Nestling",0,"Summer","nest-related","Non-selasphorus spp.","1259_ANHU","Selasphorus",1997-06-11
"1514","6/9/2007","Released","Lindsey","No","ANHU","Female-like ","adult-like",0,"Summer","caught by domestic animal","Non-selasphorus spp.","3317_ANHU","Non-Selasphorus",2007-06-09
"1515","5/4/2016","Died","Lindsey","No","ANHU","Female-like ","adult-like",0,"Spring","found on the ground","Non-selasphorus spp.","5595_ANHU","Non-Selasphorus",2016-05-04
"1516","5/9/2014","Released","Lindsey","No","ANHU","Female-like ","adult-like",0,"Spring","found on the ground","Non-selasphorus spp.","4994_ANHU","Non-Selasphorus",2014-05-09
"1517","4/17/1994","Released","Lindsey","No","Selasphorus","unknown","Nestling",1,"Spring","nest-related","Selasphorus spp.","619_ALHU","Selasphorus",1994-04-17
"1518","4/30/2012","Released","Lindsey","No","Non-selasphorus","unknown","Nestling",0,"Spring","nest-related","Non-selasphorus spp.","4450_ANHU","Selasphorus",2012-04-30
"1519","7/21/2013","Released","malibu","No","Selasphorus","Female-like ","adult-like",0,"Summer","unknown","Selasphorus spp.","5999_ALHU","Selasphorus",2013-07-21
"1520","4/9/1992","Died","Lindsey","No","Selasphorus","Female-like ","adult-like",0,"Spring","found inside","Selasphorus spp.","242_RUHU","Selasphorus",1992-04-09
"1521","2/5/2015","Died","malibu","Yes","Selasphorus","Female-like ","adult-like",0,"Winter","unknown","Selasphorus spp.","6349_ALHU","Selasphorus",2015-02-05
"1522","9/5/2000","Died","Lindsey","No","ANHU","Female-like ","adult-like",1,"Fall","caught by domestic animal","Non-selasphorus spp.","1905_ANHU","Non-Selasphorus",2000-09-05
"1523","5/9/2013","Died","malibu","No","Selasphorus","Female-like ","adult-like",1,"Spring","unknown","Selasphorus spp.","5936_ALHU","Selasphorus",2013-05-09
"1524","3/17/2004","Died","Lindsey","Yes","ANHU","Female-like ","adult-like",0,"Spring","suspect torpor-like state","Non-selasphorus spp.","2638_ANHU","Non-Selasphorus",2004-03-17
"1525","6/26/2009","Released","Lindsey","No","BCHU","Female-like ","adult-like",0,"Summer","found on the ground","Non-selasphorus spp.","3767_BCHU","Non-Selasphorus",2009-06-26
"1526","8/13/2009","Died","Lindsey","No","ANHU","Male","adult-like",0,"Summer","suspect torpor-like state","Non-selasphorus spp.","3808_ANHU","Non-Selasphorus",2009-08-13
"1527","3/2/1993","Died","Lindsey","No","Non-selasphorus","unknown","Nestling",0,"Spring","nest-related","Non-selasphorus spp.","389_ANHU","Selasphorus",1993-03-02
"1528","4/25/2007","Died","Lindsey","No","ANHU","Female-like ","adult-like",0,"Spring","caught by domestic animal","Non-selasphorus spp.","3267_ANHU","Non-Selasphorus",2007-04-25
"1529","1/28/2016","Died","malibu","Yes","Selasphorus","Male","adult-like",0,"Winter","found on the ground","Selasphorus spp.","6623_ALHU","Selasphorus",2016-01-28
"1530","5/30/1993","Died","Lindsey","Yes","ANHU","Female-like ","adult-like",0,"Spring","nest-related","Non-selasphorus spp.","480_ANHU","Non-Selasphorus",1993-05-30
"1531","3/17/2015","Died","malibu","Yes","ANHU","Female-like ","adult-like",0,"Spring","found on the ground","Non-selasphorus spp.","6370_ANHU","Non-Selasphorus",2015-03-17
"1532","5/6/1996","Died","Lindsey","No","ANHU","Female-like ","adult-like",1,"Spring","caught by domestic animal","Non-selasphorus spp.","1045_ANHU","Non-Selasphorus",1996-05-06
"1533","6/22/1997","Died","Lindsey","Yes","Selasphorus","Female-like ","adult-like",0,"Summer","found on the ground","Selasphorus spp.","1271_ALHU","Selasphorus",1997-06-22
"1534","1/15/2015","Died","Lindsey","No","ANHU","Male","adult-like",0,"Winter","found on the ground","Non-selasphorus spp.","5151_ANHU","Non-Selasphorus",2015-01-15
"1535","12/24/2007","Released","Lindsey","No","ANHU","Female-like ","adult-like",0,"Winter","suspect torpor-like state","Non-selasphorus spp.","3395_ANHU","Non-Selasphorus",2007-12-24
"1536","6/24/2012","Died","Lindsey","No","ANHU","Male","adult-like",0,"Summer","caught by domestic animal","Non-selasphorus spp.","4508_ANHU","Non-Selasphorus",2012-06-24
"1537","5/4/2012","Released","Lindsey","No","ANHU","Female-like ","adult-like",0,"Spring","window hit","Non-selasphorus spp.","4456_ANHU","Non-Selasphorus",2012-05-04
"1538","1/20/2005","Died","Lindsey","Yes","ANHU","Female-like ","adult-like",1,"Winter","caught by domestic animal","Non-selasphorus spp.","2785_ANHU","Non-Selasphorus",2005-01-20
"1539","7/7/2009","Died","Lindsey","No","ANHU","Male","adult-like",0,"Summer","caught by domestic animal","Non-selasphorus spp.","3780_ANHU","Non-Selasphorus",2009-07-07
"1540","7/1/2004","Released","Lindsey","No","ANHU","Female-like ","adult-like",0,"Summer","nest-related","Non-selasphorus spp.","2739_ANHU","Non-Selasphorus",2004-07-01
"1541","7/7/1998","Released","Lindsey","No","Selasphorus","unknown","Nestling",0,"Summer","found on the ground","Selasphorus spp.","1459_ALHU","Selasphorus",1998-07-07
"1542","3/13/2008","Released","Lindsey","No","Non-selasphorus","unknown","Nestling",0,"Spring","nest-related","Non-selasphorus spp.","3428_ANHU","Selasphorus",2008-03-13
"1543","3/3/1996","Died","Lindsey","No","ANHU","Female-like ","adult-like",0,"Spring","found on the ground","Non-selasphorus spp.","966_ANHU","Non-Selasphorus",1996-03-03
"1544","6/4/2016","Died","Lindsey","No","Non-selasphorus","unknown","Nestling",0,"Summer","found on the ground","Non-selasphorus spp.","5627_ANHU","Selasphorus",2016-06-04
"1545","10/13/2014","Died","malibu","No","ANHU","Male","adult-like",0,"Fall","caught by domestic animal","Non-selasphorus spp.","6238_ANHU","Non-Selasphorus",2014-10-13
"1546","4/20/2008","Released","Lindsey","No","ANHU","Male","adult-like",0,"Spring","nest-related","Non-selasphorus spp.","3476_ANHU","Non-Selasphorus",2008-04-20
"1547","5/24/2014","Released","malibu","No","Selasphorus","Female-like ","adult-like",0,"Spring","unknown","Selasphorus spp.","6229_ALHU","Selasphorus",2014-05-24
"1548","9/13/2007","Died","Lindsey","Yes","ANHU","Female-like ","adult-like",1,"Fall","caught by domestic animal","Non-selasphorus spp.","3372_ANHU","Non-Selasphorus",2007-09-13
"1549","5/2/2015","Died","malibu","No","ANHU","Female-like ","adult-like",0,"Spring","unknown","Non-selasphorus spp.","6406_ANHU","Non-Selasphorus",2015-05-02
"1550","4/9/2002","Released","Lindsey","Yes","Non-selasphorus","unknown","Nestling",2,"Spring","nest-related","Non-selasphorus spp.","2207_ANHU","Selasphorus",2002-04-09
"1551","2/4/2016","Died","Lindsey","No","ANHU","Male","adult-like",0,"Winter","found on the ground","Non-selasphorus spp.","5482_ANHU","Non-Selasphorus",2016-02-04
"1552","3/27/1992","Died","Lindsey","No","ANHU","Female-like ","adult-like",0,"Spring","window hit","Non-selasphorus spp.","230_ANHU","Non-Selasphorus",1992-03-27
"1553","4/20/2004","Released","Lindsey","No","Non-selasphorus","unknown","Nestling",1,"Spring","nest-related","Non-selasphorus spp.","2663_ANHU","Selasphorus",2004-04-20
"1554","4/7/2010","Released","Lindsey","No","Non-selasphorus","unknown","Nestling",0,"Spring","nest-related","Non-selasphorus spp.","3906_ANHU","Selasphorus",2010-04-07
"1555","10/11/2000","Died","Lindsey","No","ANHU","Female-like ","adult-like",0,"Fall","found on the ground","Non-selasphorus spp.","1913_ANHU","Non-Selasphorus",2000-10-11
"1556","4/27/2011","Died","Lindsey","Yes","ANHU","Male","adult-like",0,"Spring","caught by domestic animal","Non-selasphorus spp.","4189_ANHU","Non-Selasphorus",2011-04-27
"1557","4/28/2014","Died","malibu","No","Selasphorus","Female-like ","adult-like",1,"Spring","unknown","Selasphorus spp.","6108_ALHU","Selasphorus",2014-04-28
"1558","9/21/1998","Died","Lindsey","Yes","ANHU","Female-like ","adult-like",1,"Fall","found on the ground","Non-selasphorus spp.","1504_ANHU","Non-Selasphorus",1998-09-21
"1559","4/8/2016","Died","malibu","Yes","Selasphorus","Female-like ","adult-like",0,"Spring","found on the ground","Selasphorus spp.","6669_ALHU","Selasphorus",2016-04-08
"1560","2/5/2015","Died","malibu","No","Selasphorus","Female-like ","adult-like",0,"Winter","unknown","Selasphorus spp.","6350_ALHU","Selasphorus",2015-02-05
"1561","5/26/2005","Released","Lindsey","No","Non-selasphorus","unknown","Nestling",0,"Spring","unknown","Non-selasphorus spp.","2893_ANHU","Selasphorus",2005-05-26
"1562","12/8/2015","Died","malibu","No","ANHU","Male","adult-like",0,"Winter","caught by domestic animal","Non-selasphorus spp.","6547_ANHU","Non-Selasphorus",2015-12-08
"1563","4/11/2016","Released","malibu","No","Selasphorus","unknown","Nestling",6,"Spring","nest-related","Selasphorus spp.","6675_ALHU","Selasphorus",2016-04-11
"1564","3/1/2013","Died","Lindsey","No","ANHU","Female-like ","adult-like",0,"Spring","found on the ground","Non-selasphorus spp.","4623_ANHU","Non-Selasphorus",2013-03-01
"1565","5/21/2010","Released","Lindsey","Yes","ANHU","Female-like ","adult-like",2,"Spring","caught by domestic animal","Non-selasphorus spp.","3960_ANHU","Non-Selasphorus",2010-05-21
"1566","3/15/2011","Released","Lindsey","Yes","ANHU","Female-like ","adult-like",0,"Spring","found on the ground","Non-selasphorus spp.","4125_ANHU","Non-Selasphorus",2011-03-15
"1567","4/4/2003","Died","Lindsey","No","ANHU","Female-like ","adult-like",0,"Spring","window hit","Non-selasphorus spp.","2437_ANHU","Non-Selasphorus",2003-04-04
"1568","10/30/2010","Released","Lindsey","Yes","ANHU","Female-like ","adult-like",0,"Fall","caught by domestic animal","Non-selasphorus spp.","4069_ANHU","Non-Selasphorus",2010-10-30
"1569","6/29/1991","Released","Lindsey","Yes","Non-selasphorus","unknown","Nestling",0,"Summer","nest-related","Non-selasphorus spp.","139_ANHU","Selasphorus",1991-06-29
"1570","2/29/2016","Died","malibu","No","ANHU","Female-like ","adult-like",0,"Winter","found on the ground","Non-selasphorus spp.","6631_ANHU","Non-Selasphorus",2016-02-29
"1571","5/1/2006","Released","Lindsey","Yes","ANHU","Female-like ","adult-like",0,"Spring","unknown","Non-selasphorus spp.","3082_ANHU","Non-Selasphorus",2006-05-01
"1572","6/1/1999","Released","Lindsey","No","Non-selasphorus","unknown","Nestling",0,"Summer","found on the ground","Non-selasphorus spp.","1643_ANHU","Selasphorus",1999-06-01
"1573","10/30/2007","Released","Lindsey","No","ANHU","Female-like ","adult-like",1,"Fall","found inside","Non-selasphorus spp.","3381_ANHU","Non-Selasphorus",2007-10-30
"1574","4/7/1996","Released","Lindsey","No","Non-selasphorus","unknown","Nestling",1,"Spring","nest-related","Non-selasphorus spp.","1014_ANHU","Selasphorus",1996-04-07
"1575","5/25/1991","Released","Lindsey","No","Selasphorus","unknown","Nestling",0,"Spring","nest-related","Selasphorus spp.","102_ALHU","Selasphorus",1991-05-25
"1576","5/17/2014","Died","Lindsey","Yes","ANHU","Male","adult-like",1,"Spring","found on the ground","Non-selasphorus spp.","5005_ANHU","Non-Selasphorus",2014-05-17
"1577","6/13/1996","Released","Lindsey","Yes","ANHU","Female-like ","adult-like",0,"Summer","found on the ground","Non-selasphorus spp.","1076_ANHU","Non-Selasphorus",1996-06-13
"1578","6/12/2010","Released","Lindsey","No","Non-selasphorus","unknown","Nestling",0,"Summer","found on the ground","Non-selasphorus spp.","3986_ANHU","Selasphorus",2010-06-12
"1579","4/16/2007","Released","Lindsey","Yes","ANHU","Female-like ","adult-like",10,"Spring","found on the ground","Non-selasphorus spp.","3255_ANHU","Non-Selasphorus",2007-04-16
"1580","2/19/1994","Died","Lindsey","Yes","ANHU","Female-like ","adult-like",2,"Winter","found on the ground","Non-selasphorus spp.","568_ANHU","Non-Selasphorus",1994-02-19
"1581","4/1/2002","Died","Lindsey","No","Selasphorus","Female-like ","adult-like",0,"Spring","unknown","Selasphorus spp.","2192_ALHU","Selasphorus",2002-04-01
"1582","10/30/1992","Died","Lindsey","Yes","ANHU","Female-like ","adult-like",2,"Fall","found on the ground","Non-selasphorus spp.","361_ANHU","Non-Selasphorus",1992-10-30
"1583","9/1/2004","Died","Lindsey","Yes","ANHU","Female-like ","adult-like",0,"Fall","found on the ground","Non-selasphorus spp.","2759_ANHU","Non-Selasphorus",2004-09-01
"1584","4/26/1997","Died","Lindsey","No","ANHU","Female-like ","adult-like",0,"Spring","found on the ground","Non-selasphorus spp.","1221_ANHU","Non-Selasphorus",1997-04-26
"1585","5/21/1996","Released","Lindsey","Yes","ANHU","Female-like ","adult-like",2,"Spring","found on the ground","Non-selasphorus spp.","1053_ANHU","Non-Selasphorus",1996-05-21
"1586","3/20/2014","Died","malibu","No","ANHU","Female-like ","adult-like",0,"Spring","unknown","Non-selasphorus spp.","6191_ANHU","Non-Selasphorus",2014-03-20
"1587","4/26/1997","Released","Lindsey","Yes","ANHU","Female-like ","adult-like",1,"Spring","found inside","Non-selasphorus spp.","1219_ANHU","Non-Selasphorus",1997-04-26
"1588","3/26/2009","Died","Lindsey","Yes","ANHU","Female-like ","adult-like",2,"Spring","found on the ground","Non-selasphorus spp.","3662_ANHU","Non-Selasphorus",2009-03-26
"1589","4/30/2000","Died","Lindsey","Yes","ANHU","Female-like ","adult-like",1,"Spring","window hit","Non-selasphorus spp.","1814_ANHU","Non-Selasphorus",2000-04-30
"1590","7/6/1995","Released","Lindsey","Yes","ANHU","Female-like ","adult-like",0,"Summer","found on the ground","Non-selasphorus spp.","892_ANHU","Non-Selasphorus",1995-07-06
"1591","4/6/2015","Died","malibu","No","Selasphorus","Female-like ","adult-like",0,"Spring","found on the ground","Selasphorus spp.","6382_ALHU","Selasphorus",2015-04-06
"1592","9/4/2016","Died","malibu","Yes","ANHU","Female-like ","adult-like",0,"Fall","found on the ground","Non-selasphorus spp.","6801_ANHU","Non-Selasphorus",2016-09-04
"1593","8/10/1994","Died","Lindsey","Yes","ANHU","Female-like ","adult-like",3,"Summer","found on the ground","Non-selasphorus spp.","718_ANHU","Non-Selasphorus",1994-08-10
"1594","6/20/2016","Died","Santa Barbara","Yes","ANHU","Female-like ","adult-like",0,"Summer","found on the ground","Non-selasphorus spp.","6886_ANHU","Non-Selasphorus",2016-06-20
"1595","2/14/2002","Died","Lindsey","No","ANHU","Female-like ","adult-like",0,"Winter","found on the ground","Non-selasphorus spp.","2154_ANHU","Non-Selasphorus",2002-02-14
"1596","2/18/2012","Died","Lindsey","No","ANHU","Female-like ","adult-like",1,"Winter","caught by domestic animal","Non-selasphorus spp.","4362_ANHU","Non-Selasphorus",2012-02-18
"1597","4/20/2012","Released","Lindsey","No","ANHU","Male","adult-like",0,"Spring","caught by domestic animal","Non-selasphorus spp.","4439_ANHU","Non-Selasphorus",2012-04-20
"1598","5/13/2013","Died","malibu","Yes","ANHU","Female-like ","adult-like",0,"Spring","unknown","Non-selasphorus spp.","5809_ANHU","Non-Selasphorus",2013-05-13
"1599","8/17/2015","Died","malibu","Yes","Selasphorus","Female-like ","adult-like",1,"Summer","caught by domestic animal","Selasphorus spp.","6492_ALHU","Selasphorus",2015-08-17
"1600","6/8/2011","Died","Lindsey","No","ANHU","Female-like ","adult-like",0,"Summer","found on the ground","Non-selasphorus spp.","4243_ANHU","Non-Selasphorus",2011-06-08
"1601","4/14/2013","Died","malibu","Yes","Selasphorus","Female-like ","adult-like",0,"Spring","found on the ground","Selasphorus spp.","5776_ALHU","Selasphorus",2013-04-14
"1602","4/22/1998","Died","Lindsey","No","ANHU","Female-like ","adult-like",0,"Spring","nest-related","Non-selasphorus spp.","1397_ANHU","Non-Selasphorus",1998-04-22
"1603","6/10/2007","Died","Lindsey","No","Non-selasphorus","unknown","Nestling",0,"Summer","caught by domestic animal","Non-selasphorus spp.","3318_ANHU","Selasphorus",2007-06-10
"1604","2/10/1995","Died","Lindsey","No","ANHU","Female-like ","adult-like",1,"Winter","unknown","Non-selasphorus spp.","749_ANHU","Non-Selasphorus",1995-02-10
"1605","8/21/1998","Died","Lindsey","No","BCHU","Female-like ","adult-like",7,"Summer","nest-related","Non-selasphorus spp.","1492_BCHU","Non-Selasphorus",1998-08-21
"1606","4/14/1999","Released","Lindsey","No","Non-selasphorus","unknown","Nestling",0,"Spring","found on the ground","Non-selasphorus spp.","1594_ANHU","Selasphorus",1999-04-14
"1607","4/22/1993","Released","Lindsey","No","Non-selasphorus","unknown","Nestling",0,"Spring","unknown","Non-selasphorus spp.","446_ANHU","Selasphorus",1993-04-22
"1608","5/24/2014","Released","malibu","No","Selasphorus","Female-like ","adult-like",0,"Spring","unknown","Selasphorus spp.","6231_ALHU","Selasphorus",2014-05-24
"1609","3/11/2011","Died","Lindsey","No","ANHU","Male","adult-like",0,"Spring","found on the ground","Non-selasphorus spp.","4118_ANHU","Non-Selasphorus",2011-03-11
"1610","6/5/2013","Released","Lindsey","No","Non-selasphorus","unknown","Nestling",0,"Summer","unknown","Non-selasphorus spp.","4745_ANHU","Selasphorus",2013-06-05
"1611","3/8/2009","Released","Lindsey","No","ANHU","Female-like ","adult-like",0,"Spring","found on the ground","Non-selasphorus spp.","3642_ANHU","Non-Selasphorus",2009-03-08
"1612","5/13/2003","Died","Lindsey","No","BCHU","Female-like ","adult-like",8,"Spring","found on the ground","Non-selasphorus spp.","2477_BCHU","Non-Selasphorus",2003-05-13
"1613","10/6/1993","Died","Lindsey","No","ANHU","Female-like ","adult-like",0,"Fall","caught by domestic animal","Non-selasphorus spp.","548_ANHU","Non-Selasphorus",1993-10-06
"1614","8/17/2001","Died","Lindsey","No","Selasphorus","Female-like ","adult-like",0,"Summer","window hit","Selasphorus spp.","2114_ALHU","Selasphorus",2001-08-17
"1615","5/5/2001","Released","Lindsey","Yes","ANHU","Female-like ","adult-like",0,"Spring","unknown","Non-selasphorus spp.","2037_ANHU","Non-Selasphorus",2001-05-05
"1616","4/29/2006","Died","Lindsey","Yes","ANHU","Female-like ","adult-like",0,"Spring","window hit","Non-selasphorus spp.","3079_ANHU","Non-Selasphorus",2006-04-29
"1617","6/1/2011","Died","Lindsey","Yes","ANHU","Female-like ","adult-like",1,"Summer","window hit","Non-selasphorus spp.","4232_ANHU","Non-Selasphorus",2011-06-01
"1618","6/2/1997","Released","Lindsey","No","ANHU","Female-like ","adult-like",0,"Summer","nest-related","Non-selasphorus spp.","1254_ANHU","Non-Selasphorus",1997-06-02
"1619","3/10/2012","Released","Lindsey","Yes","Non-selasphorus","unknown","Nestling",0,"Spring","nest-related","Non-selasphorus spp.","4380_ANHU","Selasphorus",2012-03-10
"1620","5/28/2016","Released","Santa Barbara","Yes","ANHU","Female-like ","adult-like",0,"Spring","unknown","Non-selasphorus spp.","6881_ANHU","Non-Selasphorus",2016-05-28
"1621","5/7/2000","Died","Lindsey","Yes","ANHU","Female-like ","adult-like",0,"Spring","found on the ground","Non-selasphorus spp.","1821_ANHU","Non-Selasphorus",2000-05-07
"1622","4/1/2015","Released","malibu","No","ANHU","Female-like ","adult-like",0,"Spring","found on the ground","Non-selasphorus spp.","6558_ANHU","Non-Selasphorus",2015-04-01
"1623","4/23/2000","Died","Lindsey","No","Non-selasphorus","unknown","Nestling",0,"Spring","nest-related","Non-selasphorus spp.","1806_ANHU","Selasphorus",2000-04-23
"1624","2/6/2014","Died","Lindsey","No","ANHU","Female-like ","adult-like",0,"Winter","found on the ground","Non-selasphorus spp.","4873_ANHU","Non-Selasphorus",2014-02-06
"1625","4/20/2008","Released","Lindsey","Yes","ANHU","Female-like ","adult-like",0,"Spring","found on the ground","Non-selasphorus spp.","3477_ANHU","Non-Selasphorus",2008-04-20
"1626","7/19/2002","Died","Lindsey","Yes","Selasphorus","Female-like ","adult-like",0,"Summer","found on the ground","Selasphorus spp.","2314_RUHU","Selasphorus",2002-07-19
"1627","3/14/2015","Released","malibu","No","Selasphorus","Female-like ","adult-like",0,"Spring","found on the ground","Selasphorus spp.","6365_ALHU","Selasphorus",2015-03-14
"1628","4/15/2013","Released","Lindsey","No","ANHU","Female-like ","adult-like",1,"Spring","caught by domestic animal","Non-selasphorus spp.","4696_ANHU","Non-Selasphorus",2013-04-15
"1629","9/11/1993","Died","Lindsey","Yes","ANHU","Female-like ","adult-like",0,"Fall","found on the ground","Non-selasphorus spp.","540_ANHU","Non-Selasphorus",1993-09-11
"1630","4/8/2013","Died","malibu","No","Selasphorus","Female-like ","adult-like",0,"Spring","unknown","Selasphorus spp.","5770_ALHU","Selasphorus",2013-04-08
"1631","2/21/2005","Died","Lindsey","No","ANHU","Female-like ","adult-like",0,"Winter","found on the ground","Non-selasphorus spp.","2801_ANHU","Non-Selasphorus",2005-02-21
"1632","5/5/1993","Released","Lindsey","Yes","ANHU","Female-like ","adult-like",0,"Spring","unknown","Non-selasphorus spp.","460_ANHU","Non-Selasphorus",1993-05-05
"1633","6/2/2014","Died","Lindsey","No","Non-selasphorus","unknown","Nestling",0,"Summer","found on the ground","Non-selasphorus spp.","5024_ANHU","Selasphorus",2014-06-02
"1634","5/9/1999","Died","Lindsey","Yes","ANHU","Female-like ","adult-like",0,"Spring","found on the ground","Non-selasphorus spp.","1624_ANHU","Non-Selasphorus",1999-05-09
"1635","5/11/2011","Died","Lindsey","No","Selasphorus","unknown","Nestling",0,"Spring","unknown","Selasphorus spp.","4202_ALHU","Selasphorus",2011-05-11
"1636","4/12/2006","Died","Lindsey","No","ANHU","Female-like ","adult-like",1,"Spring","nest-related","Non-selasphorus spp.","3059_ANHU","Non-Selasphorus",2006-04-12
"1637","5/15/2002","Died","Lindsey","No","ANHU","Female-like ","adult-like",1,"Spring","caught by domestic animal","Non-selasphorus spp.","2243_ANHU","Non-Selasphorus",2002-05-15
"1638","5/5/2003","Died","Lindsey","No","ANHU","Female-like ","adult-like",0,"Spring","found on the ground","Non-selasphorus spp.","2476_ANHU","Non-Selasphorus",2003-05-05
"1639","3/15/1993","Released","Lindsey","No","Non-selasphorus","unknown","Nestling",0,"Spring","unknown","Non-selasphorus spp.","397_ANHU","Selasphorus",1993-03-15
"1640","2/3/2009","Released","Lindsey","Yes","Non-selasphorus","unknown","Nestling",1,"Winter","caught by domestic animal","Non-selasphorus spp.","3609_ANHU","Selasphorus",2009-02-03
"1641","2/13/1996","Released","Lindsey","No","Non-selasphorus","unknown","Nestling",0,"Winter","nest-related","Non-selasphorus spp.","949_ANHU","Selasphorus",1996-02-13
"1642","5/24/1992","Died","Lindsey","No","ANHU","Female-like ","adult-like",0,"Spring","found on the ground","Non-selasphorus spp.","287_ANHU","Non-Selasphorus",1992-05-24
"1643","2/5/1994","Died","Lindsey","Yes","ANHU","Female-like ","adult-like",1,"Winter","found on the ground","Non-selasphorus spp.","565_ANHU","Non-Selasphorus",1994-02-05
"1644","4/4/1997","Died","Lindsey","No","Non-selasphorus","unknown","Nestling",0,"Spring","nest-related","Non-selasphorus spp.","1203_ANHU","Selasphorus",1997-04-04
"1645","2/21/2013","Died","malibu","No","ANHU","Female-like ","adult-like",2,"Winter","unknown","Non-selasphorus spp.","5742_ANHU","Non-Selasphorus",2013-02-21
"1646","6/19/2007","Died","Lindsey","No","ANHU","Female-like ","adult-like",0,"Summer","window hit","Non-selasphorus spp.","3331_ANHU","Non-Selasphorus",2007-06-19
"1647","3/16/1992","Died","Lindsey","No","ANHU","Female-like ","adult-like",0,"Spring","caught by domestic animal","Non-selasphorus spp.","219_ANHU","Non-Selasphorus",1992-03-16
"1648","2/17/2003","Died","Lindsey","No","ANHU","Female-like ","adult-like",0,"Winter","window hit","Non-selasphorus spp.","2384_ANHU","Non-Selasphorus",2003-02-17
"1649","6/20/1999","Released","Lindsey","No","Non-selasphorus","unknown","Nestling",5,"Summer","found on the ground","Non-selasphorus spp.","1663_ANHU","Selasphorus",1999-06-20
"1650","6/14/1991","Released","Lindsey","No","Non-selasphorus","unknown","Nestling",0,"Summer","found on the ground","Non-selasphorus spp.","123_ANHU","Selasphorus",1991-06-14
"1651","2/6/2003","Died","Lindsey","Yes","ANHU","Female-like ","adult-like",0,"Winter","window hit","Non-selasphorus spp.","2376_ANHU","Non-Selasphorus",2003-02-06
"1652","5/5/1997","Died","Lindsey","Yes","Selasphorus","Female-like ","adult-like",1,"Spring","found on the ground","Selasphorus spp.","1226_ALHU","Selasphorus",1997-05-05
"1653","3/22/2001","Died","Lindsey","Yes","Selasphorus","Female-like ","adult-like",1,"Spring","found on the ground","Selasphorus spp.","1997_RUHU","Selasphorus",2001-03-22
"1654","7/24/2012","Died","Lindsey","No","ANHU","Male","adult-like",0,"Summer","found on the ground","Non-selasphorus spp.","4542_ANHU","Non-Selasphorus",2012-07-24
"1655","5/24/1992","Released","Lindsey","No","ANHU","Female-like ","adult-like",0,"Spring","found on the ground","Non-selasphorus spp.","288_ANHU","Non-Selasphorus",1992-05-24
"1656","6/19/2004","Died","Lindsey","No","ANHU","Female-like ","adult-like",0,"Summer","found on the ground","Non-selasphorus spp.","2726_ANHU","Non-Selasphorus",2004-06-19
"1657","3/21/2012","Died","Lindsey","No","ANHU","Male","adult-like",1,"Spring","found on the ground","Non-selasphorus spp.","4398_ANHU","Non-Selasphorus",2012-03-21
"1658","5/12/2006","Died","Lindsey","No","ANHU","Female-like ","adult-like",1,"Spring","found on the ground","Non-selasphorus spp.","3091_ANHU","Non-Selasphorus",2006-05-12
"1659","6/21/2016","Released","Lindsey","No","ANHU","Female-like ","adult-like",0,"Summer","nest-related","Non-selasphorus spp.","5654_ANHU","Non-Selasphorus",2016-06-21
"1660","2/28/2004","Released","Lindsey","No","ANHU","Female-like ","adult-like",0,"Winter","found on the ground","Non-selasphorus spp.","2620_ANHU","Non-Selasphorus",2004-02-28
"1661","6/7/2001","Released","Lindsey","No","ANHU","Female-like ","adult-like",0,"Summer","found on the ground","Non-selasphorus spp.","2060_ANHU","Non-Selasphorus",2001-06-07
"1662","5/28/1993","Died","Lindsey","No","Selasphorus","Female-like ","adult-like",0,"Spring","found on the ground","Selasphorus spp.","478_ALHU","Selasphorus",1993-05-28
"1663","4/11/2016","Died","malibu","No","Selasphorus","Female-like ","adult-like",22,"Spring","caught by domestic animal","Selasphorus spp.","6688_ALHU","Selasphorus",2016-04-11
"1664","4/29/2016","Died","malibu","Yes","ANHU","Female-like ","adult-like",0,"Spring","found on the ground","Non-selasphorus spp.","6702_ANHU","Non-Selasphorus",2016-04-29
"1665","3/13/2005","Died","Lindsey","Yes","ANHU","Female-like ","adult-like",0,"Spring","found on the ground","Non-selasphorus spp.","2817_ANHU","Non-Selasphorus",2005-03-13
"1666","3/15/2014","Died","Lindsey","No","ANHU","Female-like ","adult-like",0,"Spring","found on the ground","Non-selasphorus spp.","4905_ANHU","Non-Selasphorus",2014-03-15
"1667","3/28/2014","Died","malibu","No","Selasphorus","Female-like ","adult-like",1,"Spring","found on the ground","Selasphorus spp.","6199_ALHU","Selasphorus",2014-03-28
"1668","2/26/2015","Died","Lindsey","No","ANHU","Female-like ","adult-like",0,"Winter","found on the ground","Non-selasphorus spp.","5194_ANHU","Non-Selasphorus",2015-02-26
"1669","6/11/2008","Died","Lindsey","No","Non-selasphorus","unknown","Nestling",0,"Summer","nest-related","Non-selasphorus spp.","3519_ANHU","Selasphorus",2008-06-11
"1670","7/7/1998","Released","Lindsey","No","Selasphorus","unknown","Nestling",0,"Summer","nest-related","Selasphorus spp.","1458_ALHU","Selasphorus",1998-07-07
"1671","7/7/2016","Died","Lindsey","Yes","ANHU","Female-like ","adult-like",0,"Summer","caught by domestic animal","Non-selasphorus spp.","5671_ANHU","Non-Selasphorus",2016-07-07
"1672","7/30/2008","Died","Lindsey","Yes","ANHU","Female-like ","adult-like",0,"Summer","caught by domestic animal","Non-selasphorus spp.","3560_ANHU","Non-Selasphorus",2008-07-30
"1673","7/5/2014","Died","malibu","Yes","Selasphorus","Female-like ","adult-like",0,"Summer","unknown","Selasphorus spp.","6160_ALHU","Selasphorus",2014-07-05
"1674","4/15/2012","Died","Lindsey","Yes","ANHU","Female-like ","adult-like",0,"Spring","found on the ground","Non-selasphorus spp.","4434_ANHU","Non-Selasphorus",2012-04-15
"1675","7/17/2004","Died","Lindsey","Yes","ANHU","Female-like ","adult-like",0,"Summer","unknown","Non-selasphorus spp.","2749_ANHU","Non-Selasphorus",2004-07-17
"1676","9/28/2007","Died","Lindsey","No","ANHU","Female-like ","adult-like",0,"Fall","found inside","Non-selasphorus spp.","3375_ANHU","Non-Selasphorus",2007-09-28
"1677","7/8/2006","Died","Lindsey","Yes","ANHU","Female-like ","adult-like",0,"Summer","found on the ground","Non-selasphorus spp.","3136_ANHU","Non-Selasphorus",2006-07-08
"1678","3/24/2002","Released","Lindsey","Yes","ANHU","Female-like ","adult-like",0,"Spring","found on the ground","Non-selasphorus spp.","2186_ANHU","Non-Selasphorus",2002-03-24
"1679","7/16/1998","Released","Lindsey","Yes","ANHU","Female-like ","adult-like",1,"Summer","found on the ground","Non-selasphorus spp.","1469_ANHU","Non-Selasphorus",1998-07-16
"1680","3/10/2009","Died","Lindsey","Yes","ANHU","Male","adult-like",0,"Spring","found on the ground","Non-selasphorus spp.","3644_ANHU","Non-Selasphorus",2009-03-10
"1681","4/27/2002","Died","Lindsey","Yes","ANHU","Female-like ","adult-like",1,"Spring","suspect torpor-like state","Non-selasphorus spp.","2226_ANHU","Non-Selasphorus",2002-04-27
"1682","6/12/2012","Died","Lindsey","No","ANHU","Male","adult-like",0,"Summer","found on the ground","Non-selasphorus spp.","4491_ANHU","Non-Selasphorus",2012-06-12
"1683","4/9/1993","Died","Lindsey","Yes","Non-selasphorus","unknown","adult-like",1,"Spring","found on the ground","Non-selasphorus spp.","427_COHU","Selasphorus",1993-04-09
"1684","7/27/2014","Released","malibu","No","Selasphorus","Female-like ","adult-like",0,"Summer","unknown","Selasphorus spp.","6172_ALHU","Selasphorus",2014-07-27
"1685","9/12/2008","Died","Lindsey","No","ANHU","Male","adult-like",1,"Fall","window hit","Non-selasphorus spp.","3572_ANHU","Non-Selasphorus",2008-09-12
"1686","7/25/2014","Released","Lindsey","No","ANHU","Male","adult-like",1,"Summer","caught by domestic animal","Non-selasphorus spp.","5093_ANHU","Non-Selasphorus",2014-07-25
"1687","4/1/2015","Died","Lindsey","No","Non-selasphorus","unknown","Nestling",0,"Spring","nest-related","Non-selasphorus spp.","5241_ANHU","Selasphorus",2015-04-01
"1688","6/20/2011","Died","Lindsey","Yes","Selasphorus","Female-like ","adult-like",0,"Summer","found on the ground","Selasphorus spp.","4253_ALHU","Selasphorus",2011-06-20
"1689","7/1/1991","Died","Lindsey","Yes","ANHU","Female-like ","adult-like",0,"Summer","found on the ground","Non-selasphorus spp.","141_ANHU","Non-Selasphorus",1991-07-01
"1690","6/3/1992","Released","Lindsey","No","ANHU","Female-like ","adult-like",0,"Summer","unknown","Non-selasphorus spp.","300_ANHU","Non-Selasphorus",1992-06-03
"1691","6/1/2010","Died","Lindsey","Yes","Non-selasphorus","unknown","Nestling",1,"Summer","found on the ground","Non-selasphorus spp.","3973_ANHU","Selasphorus",2010-06-01
"1692","4/8/1994","Released","Lindsey","Yes","ANHU","Female-like ","adult-like",0,"Spring","found inside","Non-selasphorus spp.","605_ANHU","Non-Selasphorus",1994-04-08
"1693","10/26/2001","Died","Lindsey","No","ANHU","Female-like ","adult-like",0,"Fall","found on the ground","Non-selasphorus spp.","2127_ANHU","Non-Selasphorus",2001-10-26
"1694","3/22/1993","Died","Lindsey","No","Non-selasphorus","unknown","Nestling",0,"Spring","found on the ground","Non-selasphorus spp.","406_ANHU","Selasphorus",1993-03-22
"1695","4/7/2014","Released","Lindsey","No","ANHU","Female-like ","adult-like",0,"Spring","window hit","Non-selasphorus spp.","4942_ANHU","Non-Selasphorus",2014-04-07
"1696","4/5/2016","Died","Lindsey","Yes","ANHU","Male","adult-like",0,"Spring","found on the ground","Non-selasphorus spp.","5564_ANHU","Non-Selasphorus",2016-04-05
"1697","4/16/1996","Released","Lindsey","Yes","ANHU","Female-like ","adult-like",0,"Spring","found on the ground","Non-selasphorus spp.","1026_ANHU","Non-Selasphorus",1996-04-16
"1698","6/26/2005","Released","Lindsey","No","ANHU","Female-like ","adult-like",0,"Summer","nest-related","Non-selasphorus spp.","2935_ANHU","Non-Selasphorus",2005-06-26
"1699","3/19/1991","Died","Lindsey","No","ANHU","Female-like ","adult-like",0,"Spring","window hit","Non-selasphorus spp.","35_ANHU","Non-Selasphorus",1991-03-19
"1700","1/25/2003","Died","Lindsey","No","ANHU","Female-like ","adult-like",0,"Winter","caught by domestic animal","Non-selasphorus spp.","2369_ANHU","Non-Selasphorus",2003-01-25
"1701","7/10/2003","Released","Lindsey","No","ANHU","Female-like ","adult-like",0,"Summer","unknown","Non-selasphorus spp.","2540_ANHU","Non-Selasphorus",2003-07-10
"1702","4/26/2013","Released","Lindsey","No","Non-selasphorus","unknown","Nestling",0,"Spring","unknown","Non-selasphorus spp.","4706_ANHU","Selasphorus",2013-04-26
"1703","3/3/1999","Died","Lindsey","No","Non-selasphorus","unknown","Nestling",0,"Spring","found on the ground","Non-selasphorus spp.","1546_ANHU","Selasphorus",1999-03-03
"1704","3/7/1996","Died","Lindsey","No","ANHU","Female-like ","adult-like",0,"Spring","found on the ground","Non-selasphorus spp.","972_ANHU","Non-Selasphorus",1996-03-07
"1705","5/22/2016","Died","malibu","Yes","Selasphorus","Female-like ","adult-like",1,"Spring","found on the ground","Selasphorus spp.","6734_ALHU","Selasphorus",2016-05-22
"1706","4/6/2014","Died","Lindsey","No","Non-selasphorus","unknown","Nestling",0,"Spring","nest-related","Non-selasphorus spp.","4941_ANHU","Selasphorus",2014-04-06
"1707","5/2/2000","Died","Lindsey","No","Selasphorus","Female-like ","adult-like",0,"Spring","found on the ground","Selasphorus spp.","1816_ALHU","Selasphorus",2000-05-02
"1708","5/13/2016","Released","Santa Barbara","No","Non-selasphorus","unknown","Nestling",0,"Spring","nest-related","Non-selasphorus spp.","6873_ANHU","Selasphorus",2016-05-13
"1709","3/17/2012","Released","Lindsey","No","ANHU","Female-like ","adult-like",0,"Spring","window hit","Non-selasphorus spp.","4391_ANHU","Non-Selasphorus",2012-03-17
"1710","12/11/2000","Died","Lindsey","No","ANHU","Female-like ","adult-like",0,"Winter","window hit","Non-selasphorus spp.","1933_ANHU","Non-Selasphorus",2000-12-11
"1711","11/16/2007","Died","Lindsey","No","ANHU","Female-like ","adult-like",0,"Fall","found on the ground","Non-selasphorus spp.","3384_ANHU","Non-Selasphorus",2007-11-16
"1712","3/19/2014","Released","malibu","No","Non-selasphorus","unknown","Nestling",2,"Spring","found on the ground","Non-selasphorus spp.","6190_ANHU","Selasphorus",2014-03-19
"1713","4/20/2011","Died","Lindsey","No","ANHU","Female-like ","adult-like",0,"Spring","found on the ground","Non-selasphorus spp.","4178_ANHU","Non-Selasphorus",2011-04-20
"1714","6/16/2000","Released","Lindsey","No","Non-selasphorus","unknown","Nestling",0,"Summer","caught by domestic animal","Non-selasphorus spp.","1854_BCHU","Selasphorus",2000-06-16
"1715","11/5/2001","Released","Lindsey","No","ANHU","Female-like ","adult-like",0,"Fall","found on the ground","Non-selasphorus spp.","2129_ANHU","Non-Selasphorus",2001-11-05
"1716","6/6/1998","Died","Lindsey","No","ANHU","Female-like ","adult-like",0,"Summer","found on the ground","Non-selasphorus spp.","1436_ANHU","Non-Selasphorus",1998-06-06
"1717","1/14/1991","Died","Lindsey","No","ANHU","Female-like ","adult-like",0,"Winter","found on the ground","Non-selasphorus spp.","12_ANHU","Non-Selasphorus",1991-01-14
"1718","7/19/2015","Died","malibu","No","Selasphorus","unknown","Nestling",0,"Summer","found on the ground","Selasphorus spp.","6484_ALHU","Selasphorus",2015-07-19
"1719","2/14/1993","Died","Lindsey","No","ANHU","Female-like ","adult-like",0,"Winter","window hit","Non-selasphorus spp.","380_ANHU","Non-Selasphorus",1993-02-14
"1720","1/20/2005","Released","Lindsey","No","ANHU","Female-like ","adult-like",0,"Winter","window hit","Non-selasphorus spp.","2786_ANHU","Non-Selasphorus",2005-01-20
"1721","7/11/1998","Died","Lindsey","Yes","ANHU","Female-like ","adult-like",0,"Summer","caught by domestic animal","Non-selasphorus spp.","1464_ANHU","Non-Selasphorus",1998-07-11
"1722","6/18/1996","Released","Lindsey","No","Non-selasphorus","unknown","Nestling",0,"Summer","found on the ground","Non-selasphorus spp.","1083_ANHU","Selasphorus",1996-06-18
"1723","6/9/2013","Released","Lindsey","No","Non-selasphorus","unknown","Nestling",0,"Summer","nest-related","Non-selasphorus spp.","4752_ANHU","Selasphorus",2013-06-09
"1724","7/26/1993","Died","Lindsey","No","ANHU","Female-like ","adult-like",0,"Summer","caught by domestic animal","Non-selasphorus spp.","530_ANHU","Non-Selasphorus",1993-07-26
"1725","6/20/2013","Released","malibu","No","Selasphorus","unknown","Nestling",0,"Summer","unknown","Selasphorus spp.","5859_ALHU","Selasphorus",2013-06-20
"1726","7/31/2015","Died","Lindsey","No","ANHU","Female-like ","adult-like",0,"Summer","unknown","Non-selasphorus spp.","5423_ANHU","Non-Selasphorus",2015-07-31
"1727","10/27/2000","Died","Lindsey","Yes","ANHU","Female-like ","adult-like",1,"Fall","found on the ground","Non-selasphorus spp.","1919_ANHU","Non-Selasphorus",2000-10-27
"1728","6/29/1991","Released","Lindsey","Yes","Non-selasphorus","unknown","Nestling",0,"Summer","nest-related","Non-selasphorus spp.","140_ANHU","Selasphorus",1991-06-29
"1729","11/19/2004","Died","Lindsey","No","ANHU","Female-like ","adult-like",0,"Fall","window hit","Non-selasphorus spp.","2776_ANHU","Non-Selasphorus",2004-11-19
"1730","6/6/2014","Died","malibu","Yes","Non-selasphorus","unknown","Nestling",1,"Summer","nest-related","Non-selasphorus spp.","6130_ANHU","Selasphorus",2014-06-06
"1731","3/28/2015","Died","malibu","Yes","Selasphorus","Female-like ","adult-like",1,"Spring","found on the ground","Selasphorus spp.","6376_ALHU","Selasphorus",2015-03-28
"1732","4/7/2015","Released","malibu","No","Selasphorus","Female-like ","adult-like",2,"Spring","unknown","Selasphorus spp.","6526_ALHU","Selasphorus",2015-04-07
"1733","4/21/2015","Died","malibu","No","Selasphorus","Female-like ","adult-like",0,"Spring","unknown","Selasphorus spp.","6398_ALHU","Selasphorus",2015-04-21
"1734","7/18/1994","Died","Lindsey","No","ANHU","Female-like ","adult-like",0,"Summer","found on the ground","Non-selasphorus spp.","710_ANHU","Non-Selasphorus",1994-07-18
"1735","5/22/2002","Died","Lindsey","No","ANHU","Female-like ","adult-like",0,"Spring","found on the ground","Non-selasphorus spp.","2249_ANHU","Non-Selasphorus",2002-05-22
"1736","12/14/1992","Died","Lindsey","No","Non-selasphorus","unknown","Nestling",1,"Winter","unknown","Non-selasphorus spp.","367_ANHU","Selasphorus",1992-12-14
"1737","4/1/2015","Died","Lindsey","No","Non-selasphorus","unknown","Nestling",0,"Spring","nest-related","Non-selasphorus spp.","5242_ANHU","Selasphorus",2015-04-01
"1738","3/13/2016","Died","malibu","No","Selasphorus","unknown","Nestling",0,"Spring","nest-related","Selasphorus spp.","6652_ALHU","Selasphorus",2016-03-13
"1739","10/18/1994","Released","Lindsey","No","ANHU","Female-like ","adult-like",0,"Fall","caught by domestic animal","Non-selasphorus spp.","729_ANHU","Non-Selasphorus",1994-10-18
"1740","5/11/2016","Died","Lindsey","Yes","ANHU","Female-like ","adult-like",1,"Spring","found on the ground","Non-selasphorus spp.","5605_ANHU","Non-Selasphorus",2016-05-11
"1741","11/9/2000","Died","Lindsey","Yes","ANHU","Female-like ","adult-like",2,"Fall","window hit","Non-selasphorus spp.","1926_ANHU","Non-Selasphorus",2000-11-09
"1742","3/23/2014","Released","malibu","No","Selasphorus","unknown","Nestling",0,"Spring","found on the ground","Selasphorus spp.","6067_ALHU","Selasphorus",2014-03-23
"1743","2/2/2013","Released","Lindsey","Yes","Non-selasphorus","unknown","Nestling",1,"Winter","nest-related","Non-selasphorus spp.","4601_ANHU","Selasphorus",2013-02-02
"1744","9/24/2008","Died","Lindsey","No","ANHU","Female-like ","adult-like",0,"Fall","caught by domestic animal","Non-selasphorus spp.","3577_ANHU","Non-Selasphorus",2008-09-24
"1745","3/4/2015","Died","malibu","No","ANHU","Female-like ","adult-like",0,"Spring","unknown","Non-selasphorus spp.","6364_ANHU","Non-Selasphorus",2015-03-04
"1746","3/2/2013","Died","Lindsey","No","ANHU","Male","adult-like",0,"Spring","found on the ground","Non-selasphorus spp.","4624_ANHU","Non-Selasphorus",2013-03-02
"1747","5/14/2016","Died","malibu","No","Selasphorus","Female-like ","adult-like",2,"Spring","unknown","Selasphorus spp.","6709_ALHU","Selasphorus",2016-05-14
"1748","4/28/1992","Released","Lindsey","No","Non-selasphorus","unknown","Nestling",0,"Spring","nest-related","Non-selasphorus spp.","268_ANHU","Selasphorus",1992-04-28
"1749","4/26/2003","Died","Lindsey","No","ANHU","Female-like ","adult-like",0,"Spring","found on the ground","Non-selasphorus spp.","2461_ANHU","Non-Selasphorus",2003-04-26
"1750","4/14/1998","Released","Lindsey","Yes","ANHU","Female-like ","adult-like",2,"Spring","caught by domestic animal","Non-selasphorus spp.","1383_ANHU","Non-Selasphorus",1998-04-14
"1751","5/8/2000","Died","Lindsey","No","ANHU","Female-like ","adult-like",0,"Spring","found on the ground","Non-selasphorus spp.","1822_ANHU","Non-Selasphorus",2000-05-08
"1752","12/3/2006","Died","Lindsey","No","ANHU","Female-like ","adult-like",1,"Winter","found on the ground","Non-selasphorus spp.","3175_ANHU","Non-Selasphorus",2006-12-03
"1753","7/31/2010","Died","Lindsey","No","ANHU","Male","adult-like",0,"Summer","suspect torpor-like state","Non-selasphorus spp.","4040_ANHU","Non-Selasphorus",2010-07-31
"1754","4/1/2007","Died","Lindsey","Yes","ANHU","Female-like ","adult-like",1,"Spring","suspect torpor-like state","Non-selasphorus spp.","3239_ANHU","Non-Selasphorus",2007-04-01
"1755","5/26/2001","Released","Lindsey","Yes","Non-selasphorus","unknown","Nestling",1,"Spring","found on the ground","Non-selasphorus spp.","2049_ANHU","Selasphorus",2001-05-26
"1756","1/17/2012","Died","Lindsey","No","ANHU","Female-like ","adult-like",0,"Winter","found inside","Non-selasphorus spp.","4346_ANHU","Non-Selasphorus",2012-01-17
"1757","4/4/2016","Died","malibu","No","ANHU","Female-like ","adult-like",0,"Spring","found on the ground","Non-selasphorus spp.","6684_ANHU","Non-Selasphorus",2016-04-04
"1758","3/2/1993","Died","Lindsey","No","ANHU","Female-like ","adult-like",0,"Spring","found on the ground","Non-selasphorus spp.","388_ANHU","Non-Selasphorus",1993-03-02
"1759","3/17/1998","Released","Lindsey","No","ANHU","Female-like ","adult-like",0,"Spring","found on the ground","Non-selasphorus spp.","1358_ANHU","Non-Selasphorus",1998-03-17
"1760","4/19/2002","Died","Lindsey","Yes","Selasphorus","Female-like ","adult-like",1,"Spring","found on the ground","Selasphorus spp.","2221_ALHU","Selasphorus",2002-04-19
"1761","6/6/2015","Released","Lindsey","No","Non-selasphorus","unknown","Nestling",0,"Summer","found on the ground","Non-selasphorus spp.","5362_ANHU","Selasphorus",2015-06-06
"1762","6/3/2008","Died","Lindsey","No","ANHU","Female-like ","adult-like",0,"Summer","found on the ground","Non-selasphorus spp.","3508_ANHU","Non-Selasphorus",2008-06-03
"1763","4/2/2008","Released","Lindsey","Yes","ANHU","Male","adult-like",0,"Spring","found on the ground","Non-selasphorus spp.","3453_ANHU","Non-Selasphorus",2008-04-02
"1764","1/10/2010","Died","Lindsey","No","ANHU","Male","adult-like",0,"Winter","nest-related","Non-selasphorus spp.","3845_ANHU","Non-Selasphorus",2010-01-10
"1765","6/16/2013","Released","malibu","No","Selasphorus","Female-like ","adult-like",0,"Summer","unknown","Selasphorus spp.","5984_ALHU","Selasphorus",2013-06-16
"1766","2/16/2006","Died","Lindsey","No","ANHU","Female-like ","adult-like",0,"Winter","found on the ground","Non-selasphorus spp.","3002_ANHU","Non-Selasphorus",2006-02-16
"1767","6/26/2002","Died","Lindsey","Yes","ANHU","Female-like ","adult-like",0,"Summer","found on the ground","Non-selasphorus spp.","2286_ANHU","Non-Selasphorus",2002-06-26
"1768","4/10/2002","Died","Lindsey","No","ANHU","Female-like ","adult-like",1,"Spring","unknown","Non-selasphorus spp.","2210_ANHU","Non-Selasphorus",2002-04-10
"1769","4/16/2004","Released","Lindsey","No","ANHU","Female-like ","adult-like",0,"Spring","found on the ground","Non-selasphorus spp.","2660_ANHU","Non-Selasphorus",2004-04-16
"1770","4/12/2011","Released","Lindsey","Yes","ANHU","Male","adult-like",0,"Spring","nest-related","Non-selasphorus spp.","4168_ANHU","Non-Selasphorus",2011-04-12
"1771","4/25/2001","Released","Lindsey","No","Non-selasphorus","unknown","Nestling",0,"Spring","found on the ground","Non-selasphorus spp.","2026_ANHU","Selasphorus",2001-04-25
"1772","4/1/1998","Released","Lindsey","No","ANHU","Female-like ","adult-like",0,"Spring","window hit","Non-selasphorus spp.","1365_ANHU","Non-Selasphorus",1998-04-01
"1773","4/14/1991","Died","Lindsey","No","ANHU","Female-like ","adult-like",0,"Spring","unknown","Non-selasphorus spp.","69_ANHU","Non-Selasphorus",1991-04-14
"1774","5/4/2014","Died","Lindsey","Yes","ANHU","Male","adult-like",0,"Spring","found on the ground","Non-selasphorus spp.","4987_ANHU","Non-Selasphorus",2014-05-04
"1775","5/11/2012","Died","Lindsey","No","ANHU","Female-like ","adult-like",0,"Spring","found on the ground","Non-selasphorus spp.","4466_ANHU","Non-Selasphorus",2012-05-11
"1776","4/18/2013","Released","malibu","No","Non-selasphorus","unknown","Nestling",0,"Spring","unknown","Non-selasphorus spp.","5899_ANHU","Selasphorus",2013-04-18
"1777","5/20/2004","Released","Lindsey","No","Non-selasphorus","unknown","Nestling",0,"Spring","found on the ground","Non-selasphorus spp.","2694_ANHU","Selasphorus",2004-05-20
"1778","9/8/1998","Died","Lindsey","No","ANHU","Female-like ","adult-like",0,"Fall","found on the ground","Non-selasphorus spp.","1498_ANHU","Non-Selasphorus",1998-09-08
"1779","5/22/1997","Released","Lindsey","No","Non-selasphorus","unknown","Nestling",0,"Spring","unknown","Non-selasphorus spp.","1244_ANHU","Selasphorus",1997-05-22
"1780","8/16/2003","Died","Lindsey","No","ANHU","Female-like ","adult-like",0,"Summer","found on the ground","Non-selasphorus spp.","2559_ANHU","Non-Selasphorus",2003-08-16
"1781","4/19/2010","Died","Lindsey","Yes","Non-selasphorus","unknown","Nestling",0,"Spring","found on the ground","Non-selasphorus spp.","3924_ANHU","Selasphorus",2010-04-19
"1782","7/4/2013","Released","malibu","No","Selasphorus","Female-like ","adult-like",0,"Summer","unknown","Selasphorus spp.","6012_ALHU","Selasphorus",2013-07-04
"1783","5/30/2014","Released","malibu","No","Selasphorus","unknown","Nestling",0,"Spring","found on the ground","Selasphorus spp.","6248_ALHU","Selasphorus",2014-05-30
"1784","5/28/2005","Died","Lindsey","No","ANHU","Female-like ","adult-like",0,"Spring","suspect torpor-like state","Non-selasphorus spp.","2895_ANHU","Non-Selasphorus",2005-05-28
"1785","7/23/1999","Died","Lindsey","Yes","Non-selasphorus","unknown","Nestling",1,"Summer","found on the ground","Non-selasphorus spp.","1693_ANHU","Selasphorus",1999-07-23
"1786","3/20/1991","Died","Lindsey","No","ANHU","Female-like ","adult-like",0,"Spring","found inside","Non-selasphorus spp.","36_ANHU","Non-Selasphorus",1991-03-20
"1787","3/24/1995","Died","Lindsey","No","ANHU","Female-like ","adult-like",1,"Spring","caught by domestic animal","Non-selasphorus spp.","791_ANHU","Non-Selasphorus",1995-03-24
"1788","6/17/1995","Died","Lindsey","No","ANHU","Female-like ","adult-like",0,"Summer","unknown","Non-selasphorus spp.","871_ANHU","Non-Selasphorus",1995-06-17
"1789","6/17/2014","Released","Lindsey","No","ANHU","Female-like ","adult-like",1,"Summer","caught by domestic animal","Non-selasphorus spp.","5054_ANHU","Non-Selasphorus",2014-06-17
"1790","6/21/2001","Released","Lindsey","Yes","ANHU","Female-like ","adult-like",1,"Summer","found on the ground","Non-selasphorus spp.","2074_ANHU","Non-Selasphorus",2001-06-21
"1791","9/4/2002","Died","Lindsey","No","ANHU","Female-like ","adult-like",0,"Fall","unknown","Non-selasphorus spp.","2332_ANHU","Non-Selasphorus",2002-09-04
"1792","11/17/2016","Died","malibu","No","Selasphorus","Female-like ","adult-like",0,"Fall","unknown","Selasphorus spp.","6824_ALHU","Selasphorus",2016-11-17
"1793","3/13/2016","Released","Lindsey","Yes","Non-selasphorus","unknown","Nestling",0,"Spring","nest-related","Non-selasphorus spp.","5527_ANHU","Selasphorus",2016-03-13
"1794","5/8/2016","Died","malibu","Yes","Selasphorus","Female-like ","adult-like",0,"Spring","found on the ground","Selasphorus spp.","6704_ALHU","Selasphorus",2016-05-08
"1795","1/29/1995","Died","Lindsey","Yes","ANHU","Female-like ","adult-like",1,"Winter","unknown","Non-selasphorus spp.","745_ANHU","Non-Selasphorus",1995-01-29
"1796","3/11/2014","Released","malibu","Yes","Selasphorus","unknown","Nestling",0,"Spring","nest-related","Selasphorus spp.","6059_ALHU","Selasphorus",2014-03-11
"1797","4/5/2009","Released","Lindsey","Yes","Non-selasphorus","unknown","Nestling",0,"Spring","found on the ground","Non-selasphorus spp.","3678_ANHU","Selasphorus",2009-04-05
"1798","6/21/1998","Released","Lindsey","No","Non-selasphorus","unknown","Nestling",0,"Summer","found on the ground","Non-selasphorus spp.","1444_ANHU","Selasphorus",1998-06-21
"1799","5/26/2015","Released","Lindsey","No","ANHU","Male","adult-like",0,"Spring","found on the ground","Non-selasphorus spp.","5339_ANHU","Non-Selasphorus",2015-05-26
"1800","8/25/2014","Died","Lindsey","No","ANHU","Female-like ","adult-like",0,"Summer","window hit","Non-selasphorus spp.","5103_ANHU","Non-Selasphorus",2014-08-25
"1801","4/26/2004","Died","Lindsey","No","ANHU","Female-like ","adult-like",0,"Spring","window hit","Non-selasphorus spp.","2674_ANHU","Non-Selasphorus",2004-04-26
"1802","3/27/2001","Released","Lindsey","No","Non-selasphorus","unknown","Nestling",0,"Spring","found on the ground","Non-selasphorus spp.","2001_ANHU","Selasphorus",2001-03-27
"1803","5/18/2015","Died","malibu","No","Selasphorus","unknown","Nestling",0,"Spring","nest-related","Selasphorus spp.","6426_ALHU","Selasphorus",2015-05-18
"1804","5/15/1999","Died","Lindsey","No","ANHU","Female-like ","adult-like",0,"Spring","window hit","Non-selasphorus spp.","1630_ANHU","Non-Selasphorus",1999-05-15
"1805","4/11/2016","Released","malibu","No","Selasphorus","unknown","Nestling",6,"Spring","nest-related","Selasphorus spp.","6674_ALHU","Selasphorus",2016-04-11
"1806","3/26/2015","Released","Lindsey","No","ANHU","Female-like ","adult-like",0,"Spring","found on the ground","Non-selasphorus spp.","5229_ANHU","Non-Selasphorus",2015-03-26
"1807","8/1/1994","Died","Lindsey","No","Selasphorus","Female-like ","adult-like",0,"Summer","window hit","Selasphorus spp.","716_ALHU","Selasphorus",1994-08-01
"1808","4/29/1995","Released","Lindsey","No","ANHU","Female-like ","adult-like",0,"Spring","nest-related","Non-selasphorus spp.","829_ANHU","Non-Selasphorus",1995-04-29
"1809","12/20/2007","Died","Lindsey","No","ANHU","Female-like ","adult-like",0,"Winter","found on the ground","Non-selasphorus spp.","3393_ANHU","Non-Selasphorus",2007-12-20
"1810","2/26/1993","Died","Lindsey","No","ANHU","Female-like ","adult-like",0,"Winter","caught by domestic animal","Non-selasphorus spp.","384_ANHU","Non-Selasphorus",1993-02-26
"1811","3/25/2003","Died","Lindsey","No","Selasphorus","Female-like ","adult-like",0,"Spring","found on the ground","Selasphorus spp.","2427_RUHU","Selasphorus",2003-03-25
"1812","5/22/2008","Released","Lindsey","No","Non-selasphorus","unknown","Nestling",0,"Spring","nest-related","Non-selasphorus spp.","3504_ANHU","Selasphorus",2008-05-22
"1813","6/26/2012","Died","Lindsey","No","ANHU","Female-like ","adult-like",0,"Summer","nest-related","Non-selasphorus spp.","4512_ANHU","Non-Selasphorus",2012-06-26
"1814","9/25/2014","Died","Lindsey","No","ANHU","Male","adult-like",0,"Fall","found on the ground","Non-selasphorus spp.","5110_ANHU","Non-Selasphorus",2014-09-25
"1815","5/5/2013","Died","malibu","No","Selasphorus","Female-like ","adult-like",0,"Spring","unknown","Selasphorus spp.","5800_ALHU","Selasphorus",2013-05-05
"1816","12/3/1995","Died","Lindsey","No","ANHU","Female-like ","adult-like",0,"Winter","suspect torpor-like state","Non-selasphorus spp.","934_ANHU","Non-Selasphorus",1995-12-03
"1817","5/31/2015","Died","Lindsey","No","BCHU","Female-like ","adult-like",0,"Spring","found on the ground","Non-selasphorus spp.","5346_BCHU","Non-Selasphorus",2015-05-31
"1818","5/7/1995","Released","Lindsey","Yes","ANHU","Female-like ","adult-like",1,"Spring","found on the ground","Non-selasphorus spp.","837_ANHU","Non-Selasphorus",1995-05-07
"1819","3/12/2014","Died","Lindsey","No","ANHU","Female-like ","adult-like",1,"Spring","suspect torpor-like state","Non-selasphorus spp.","4896_ANHU","Non-Selasphorus",2014-03-12
"1820","5/7/2015","Died","malibu","Yes","ANHU","Female-like ","adult-like",1,"Spring","unknown","Non-selasphorus spp.","6410_ANHU","Non-Selasphorus",2015-05-07
"1821","4/23/2013","Died","Lindsey","Yes","Selasphorus","Male","adult-like",0,"Spring","found on the ground","Selasphorus spp.","4702_ALHU","Selasphorus",2013-04-23
"1822","7/28/2001","Died","Lindsey","No","ANHU","Female-like ","adult-like",0,"Summer","window hit","Non-selasphorus spp.","2102_ANHU","Non-Selasphorus",2001-07-28
"1823","6/9/2009","Died","Lindsey","Yes","Non-selasphorus","unknown","Nestling",1,"Summer","nest-related","Non-selasphorus spp.","3754_ANHU","Selasphorus",2009-06-09
"1824","2/24/2016","Died","Lindsey","No","ANHU","Female-like ","adult-like",0,"Winter","found on the ground","Non-selasphorus spp.","5506_ANHU","Non-Selasphorus",2016-02-24
"1825","1/10/2012","Died","Lindsey","No","ANHU","Male","adult-like",0,"Winter","unknown","Non-selasphorus spp.","4344_ANHU","Non-Selasphorus",2012-01-10
"1826","4/19/1994","Released","Lindsey","Yes","Non-selasphorus","unknown","Nestling",0,"Spring","found on the ground","Non-selasphorus spp.","624_ANHU","Selasphorus",1994-04-19
"1827","4/6/2015","Released","Lindsey","Yes","ANHU","Female-like ","adult-like",1,"Spring","found on the ground","Non-selasphorus spp.","5249_ANHU","Non-Selasphorus",2015-04-06
"1828","3/4/2009","Died","Lindsey","No","ANHU","Female-like ","adult-like",0,"Spring","unknown","Non-selasphorus spp.","3634_ANHU","Non-Selasphorus",2009-03-04
"1829","3/6/2013","Released","Lindsey","No","ANHU","Male","adult-like",0,"Spring","nest-related","Non-selasphorus spp.","4628_ANHU","Non-Selasphorus",2013-03-06
"1830","2/21/2007","Died","Lindsey","No","Non-selasphorus","unknown","Nestling",0,"Winter","nest-related","Non-selasphorus spp.","3205_ANHU","Selasphorus",2007-02-21
"1831","7/17/2011","Released","Lindsey","Yes","ANHU","Female-like ","adult-like",4,"Summer","found on the ground","Non-selasphorus spp.","4277_ANHU","Non-Selasphorus",2011-07-17
"1832","6/4/2016","Died","Lindsey","Yes","Non-selasphorus","unknown","Nestling",0,"Summer","found on the ground","Non-selasphorus spp.","5625_ANHU","Selasphorus",2016-06-04
"1833","2/27/2010","Released","Lindsey","Yes","Non-selasphorus","unknown","Nestling",1,"Winter","nest-related","Non-selasphorus spp.","3873_ANHU","Selasphorus",2010-02-27
"1834","1/15/2016","Died","Santa Barbara","No","ANHU","Female-like ","adult-like",0,"Winter","caught by domestic animal","Non-selasphorus spp.","6839_ANHU","Non-Selasphorus",2016-01-15
"1835","5/10/2003","Died","Lindsey","No","Non-selasphorus","unknown","Nestling",0,"Spring","nest-related","Non-selasphorus spp.","2485_ANHU","Selasphorus",2003-05-10
"1836","4/11/1996","Died","Lindsey","Yes","ANHU","Female-like ","adult-like",1,"Spring","nest-related","Non-selasphorus spp.","1017_ANHU","Non-Selasphorus",1996-04-11
"1837","5/5/2014","Died","malibu","No","Selasphorus","Female-like ","adult-like",0,"Spring","unknown","Selasphorus spp.","6283_ALHU","Selasphorus",2014-05-05
"1838","3/6/2000","Released","Lindsey","No","Non-selasphorus","unknown","Nestling",1,"Spring","nest-related","Non-selasphorus spp.","1755_ANHU","Selasphorus",2000-03-06
"1839","4/11/2013","Released","Lindsey","No","ANHU","Male","adult-like",1,"Spring","found on the ground","Non-selasphorus spp.","4681_ANHU","Non-Selasphorus",2013-04-11
"1840","8/17/2005","Died","Lindsey","Yes","ANHU","Female-like ","adult-like",0,"Summer","found on the ground","Non-selasphorus spp.","2968_ANHU","Non-Selasphorus",2005-08-17
"1841","6/12/2001","Released","Lindsey","Yes","Non-selasphorus","unknown","Nestling",0,"Summer","found on the ground","Non-selasphorus spp.","2066_ANHU","Selasphorus",2001-06-12
"1842","5/4/2014","Released","Lindsey","Yes","Non-selasphorus","unknown","Nestling",1,"Spring","nest-related","Non-selasphorus spp.","4984_ANHU","Selasphorus",2014-05-04
"1843","3/17/2014","Released","Lindsey","No","ANHU","Female-like ","adult-like",0,"Spring","found on the ground","Non-selasphorus spp.","4908_ANHU","Non-Selasphorus",2014-03-17
"1844","5/17/2000","Released","Lindsey","No","ANHU","Female-like ","adult-like",0,"Spring","found on the ground","Non-selasphorus spp.","1825_ANHU","Non-Selasphorus",2000-05-17
"1845","5/27/2015","Died","Lindsey","No","ANHU","Female-like ","adult-like",0,"Spring","found on the ground","Non-selasphorus spp.","5342_ANHU","Non-Selasphorus",2015-05-27
"1846","1/17/2012","Died","Lindsey","No","ANHU","Male","adult-like",0,"Winter","window hit","Non-selasphorus spp.","4345_ANHU","Non-Selasphorus",2012-01-17
"1847","6/25/2000","Died","Lindsey","No","ANHU","Female-like ","adult-like",0,"Summer","caught by domestic animal","Non-selasphorus spp.","1874_ANHU","Non-Selasphorus",2000-06-25
"1848","7/11/2006","Released","Lindsey","No","Non-selasphorus","unknown","Nestling",0,"Summer","found on the ground","Non-selasphorus spp.","3140_ANHU","Selasphorus",2006-07-11
"1849","4/11/2016","Died","malibu","No","Selasphorus","Female-like ","adult-like",15,"Spring","caught by domestic animal","Selasphorus spp.","6689_ALHU","Selasphorus",2016-04-11
"1850","6/11/2016","Released","malibu","No","Selasphorus","Female-like ","adult-like",0,"Summer","unknown","Selasphorus spp.","6794_ALHU","Selasphorus",2016-06-11
"1851","6/29/2008","Released","Lindsey","No","Non-selasphorus","unknown","Nestling",0,"Summer","nest-related","Non-selasphorus spp.","3541_ANHU","Selasphorus",2008-06-29
"1852","6/5/2014","Released","malibu","Yes","Selasphorus","Female-like ","adult-like",3,"Summer","unknown","Selasphorus spp.","6128_ALHU","Selasphorus",2014-06-05
"1853","11/10/1994","Released","Lindsey","No","ANHU","Female-like ","adult-like",0,"Fall","found on the ground","Non-selasphorus spp.","732_ANHU","Non-Selasphorus",1994-11-10
"1854","6/5/2004","Released","Lindsey","Yes","Non-selasphorus","unknown","Nestling",0,"Summer","caught by domestic animal","Non-selasphorus spp.","2713_ANHU","Selasphorus",2004-06-05
"1855","8/12/2011","Died","Lindsey","Yes","ANHU","Male","adult-like",1,"Summer","found on the ground","Non-selasphorus spp.","4293_ANHU","Non-Selasphorus",2011-08-12
"1856","6/10/2005","Released","Lindsey","Yes","Non-selasphorus","unknown","Nestling",0,"Summer","found on the ground","Non-selasphorus spp.","2911_ANHU","Selasphorus",2005-06-10
"1857","5/15/2010","Released","Lindsey","Yes","Non-selasphorus","unknown","Nestling",1,"Spring","found on the ground","Non-selasphorus spp.","3954_ANHU","Selasphorus",2010-05-15
"1858","3/21/2013","Died","malibu","No","Non-selasphorus","unknown","Nestling",0,"Spring","caught by domestic animal","Non-selasphorus spp.","5757_ANHU","Selasphorus",2013-03-21
"1859","3/20/2011","Died","Lindsey","Yes","ANHU","Female-like ","adult-like",0,"Spring","found on the ground","Non-selasphorus spp.","4134_ANHU","Non-Selasphorus",2011-03-20
"1860","4/28/1993","Released","Lindsey","No","Non-selasphorus","unknown","Nestling",0,"Spring","found on the ground","Non-selasphorus spp.","456_ANHU","Selasphorus",1993-04-28
"1861","10/26/1998","Died","Lindsey","No","ANHU","Female-like ","adult-like",0,"Fall","caught by domestic animal","Non-selasphorus spp.","1512_ANHU","Non-Selasphorus",1998-10-26
"1862","3/25/2016","Died","Lindsey","No","ANHU","Female-like ","adult-like",0,"Spring","found on the ground","Non-selasphorus spp.","5547_ANHU","Non-Selasphorus",2016-03-25
"1863","3/8/1998","Died","Lindsey","No","Non-selasphorus","unknown","Nestling",0,"Spring","found on the ground","Non-selasphorus spp.","1354_ANHU","Selasphorus",1998-03-08
"1864","7/1/1998","Died","Lindsey","No","Non-selasphorus","unknown","Nestling",0,"Summer","found on the ground","Non-selasphorus spp.","1452_ANHU","Selasphorus",1998-07-01
"1865","4/1/2004","Released","Lindsey","Yes","Non-selasphorus","unknown","Nestling",1,"Spring","found on the ground","Non-selasphorus spp.","2647_ANHU","Selasphorus",2004-04-01
"1866","9/29/2006","Died","Lindsey","Yes","ANHU","Female-like ","adult-like",2,"Fall","caught by domestic animal","Non-selasphorus spp.","3158_ANHU","Non-Selasphorus",2006-09-29
"1867","4/21/2015","Released","Lindsey","Yes","Non-selasphorus","unknown","Nestling",0,"Spring","nest-related","Non-selasphorus spp.","5284_ANHU","Selasphorus",2015-04-21
"1868","4/4/1995","Died","Lindsey","Yes","ANHU","Female-like ","adult-like",1,"Spring","found on the ground","Non-selasphorus spp.","807_ANHU","Non-Selasphorus",1995-04-04
"1869","6/26/2002","Died","Lindsey","No","ANHU","Female-like ","adult-like",0,"Summer","unknown","Non-selasphorus spp.","2289_ANHU","Non-Selasphorus",2002-06-26
"1870","6/2/2015","Died","Lindsey","Yes","ANHU","Female-like ","adult-like",1,"Summer","found on the ground","Non-selasphorus spp.","5350_ANHU","Non-Selasphorus",2015-06-02
"1871","7/2/2015","Died","malibu","No","Selasphorus","Female-like ","adult-like",0,"Summer","found on the ground","Selasphorus spp.","6469_ALHU","Selasphorus",2015-07-02
"1872","6/9/2016","Died","malibu","No","Selasphorus","Female-like ","adult-like",0,"Summer","unknown","Selasphorus spp.","6755_ALHU","Selasphorus",2016-06-09
"1873","2/1/2012","Died","Lindsey","No","ANHU","Female-like ","adult-like",0,"Winter","found on the ground","Non-selasphorus spp.","4355_ANHU","Non-Selasphorus",2012-02-01
"1874","6/7/2014","Died","Lindsey","No","ANHU","Male","adult-like",0,"Summer","found on the ground","Non-selasphorus spp.","5036_ANHU","Non-Selasphorus",2014-06-07
"1875","1/19/2014","Died","malibu","No","ANHU","Female-like ","adult-like",0,"Winter","found on the ground","Non-selasphorus spp.","6032_ANHU","Non-Selasphorus",2014-01-19
"1876","9/22/2016","Died","Santa Barbara","Yes","Non-selasphorus","unknown","Nestling",0,"Fall","caught by domestic animal","Non-selasphorus spp.","6926_ANHU","Selasphorus",2016-09-22
"1877","5/6/2011","Died","Lindsey","No","ANHU","Male","adult-like",0,"Spring","found on the ground","Non-selasphorus spp.","4199_ANHU","Non-Selasphorus",2011-05-06
"1878","8/4/2002","Released","Lindsey","No","ANHU","Female-like ","adult-like",0,"Summer","found on the ground","Non-selasphorus spp.","2321_ANHU","Non-Selasphorus",2002-08-04
"1879","5/30/2011","Released","Lindsey","Yes","Non-selasphorus","unknown","Nestling",1,"Spring","nest-related","Non-selasphorus spp.","4230_ANHU","Selasphorus",2011-05-30
"1880","2/17/2002","Died","Lindsey","No","ANHU","Female-like ","adult-like",0,"Winter","found on the ground","Non-selasphorus spp.","2157_ANHU","Non-Selasphorus",2002-02-17
"1881","12/2/2011","Died","Lindsey","No","ANHU","Male","adult-like",0,"Winter","caught by domestic animal","Non-selasphorus spp.","4329_ANHU","Non-Selasphorus",2011-12-02
"1882","6/22/2016","Died","Lindsey","Yes","ANHU","Female-like ","adult-like",0,"Summer","nest-related","Non-selasphorus spp.","5656_ANHU","Non-Selasphorus",2016-06-22
"1883","2/27/2016","Died","malibu","Yes","ANHU","Female-like ","adult-like",-25,"Winter","caught by domestic animal","Non-selasphorus spp.","6657_ANHU","Non-Selasphorus",2016-02-27
"1884","1/22/2015","Died","malibu","Yes","Selasphorus","Female-like ","adult-like",0,"Winter","found inside","Selasphorus spp.","6341_ALHU","Selasphorus",2015-01-22
"1885","6/9/1996","Died","Lindsey","No","ANHU","Female-like ","adult-like",0,"Summer","found on the ground","Non-selasphorus spp.","1072_ANHU","Non-Selasphorus",1996-06-09
"1886","4/6/2000","Died","Lindsey","No","ANHU","Female-like ","adult-like",0,"Spring","caught by domestic animal","Non-selasphorus spp.","1784_ANHU","Non-Selasphorus",2000-04-06
"1887","5/1/1996","Died","Lindsey","No","Selasphorus","Female-like ","adult-like",0,"Spring","unknown","Selasphorus spp.","1040_ALHU","Selasphorus",1996-05-01
"1888","3/22/2013","Died","Lindsey","No","ANHU","Male","adult-like",0,"Spring","found on the ground","Non-selasphorus spp.","4653_ANHU","Non-Selasphorus",2013-03-22
"1889","12/13/2007","Died","Lindsey","No","ANHU","Female-like ","adult-like",0,"Winter","found on the ground","Non-selasphorus spp.","3391_ANHU","Non-Selasphorus",2007-12-13
"1890","4/16/1999","Died","Lindsey","No","ANHU","Female-like ","adult-like",0,"Spring","window hit","Non-selasphorus spp.","1596_ANHU","Non-Selasphorus",1999-04-16
"1891","3/1/2013","Released","Lindsey","No","Non-selasphorus","unknown","Nestling",1,"Spring","nest-related","Non-selasphorus spp.","4621_ANHU","Selasphorus",2013-03-01
"1892","4/1/2014","Died","Lindsey","No","ANHU","Male","adult-like",0,"Spring","suspect torpor-like state","Non-selasphorus spp.","4931_ANHU","Non-Selasphorus",2014-04-01
"1893","3/18/2014","Died","malibu","No","Selasphorus","Female-like ","adult-like",0,"Spring","unknown","Selasphorus spp.","6064_ALHU","Selasphorus",2014-03-18
"1894","4/28/1999","Died","Lindsey","Yes","ANHU","Female-like ","adult-like",1,"Spring","found on the ground","Non-selasphorus spp.","1609_ANHU","Non-Selasphorus",1999-04-28
"1895","12/30/2009","Died","Lindsey","No","ANHU","Male","adult-like",0,"Winter","suspect torpor-like state","Non-selasphorus spp.","3841_ANHU","Non-Selasphorus",2009-12-30
"1896","3/11/2007","Released","Lindsey","No","ANHU","Female-like ","adult-like",1,"Spring","caught by domestic animal","Non-selasphorus spp.","3220_ANHU","Non-Selasphorus",2007-03-11
"1897","4/1/1994","Died","Lindsey","No","ANHU","Female-like ","adult-like",0,"Spring","found on the ground","Non-selasphorus spp.","597_ANHU","Non-Selasphorus",1994-04-01
"1898","5/6/1996","Died","Lindsey","Yes","ANHU","Female-like ","adult-like",0,"Spring","found on the ground","Non-selasphorus spp.","1047_ANHU","Non-Selasphorus",1996-05-06
"1899","6/28/2002","Died","Lindsey","Yes","ANHU","Female-like ","adult-like",0,"Summer","found on the ground","Non-selasphorus spp.","2294_ANHU","Non-Selasphorus",2002-06-28
"1900","5/14/2015","Released","Lindsey","Yes","Non-selasphorus","unknown","Nestling",0,"Spring","nest-related","Non-selasphorus spp.","5318_ANHU","Selasphorus",2015-05-14
"1901","4/16/2007","Died","Lindsey","No","ANHU","Female-like ","adult-like",0,"Spring","found on the ground","Non-selasphorus spp.","3256_ANHU","Non-Selasphorus",2007-04-16
"1902","5/7/2006","Died","Lindsey","No","ANHU","Female-like ","adult-like",0,"Spring","found on the ground","Non-selasphorus spp.","3087_ANHU","Non-Selasphorus",2006-05-07
"1903","5/26/2012","Died","Lindsey","No","Non-selasphorus","unknown","Nestling",1,"Spring","found on the ground","Non-selasphorus spp.","4479_ANHU","Selasphorus",2012-05-26
"1904","2/4/2001","Released","Lindsey","Yes","Non-selasphorus","unknown","Nestling",1,"Winter","nest-related","Non-selasphorus spp.","1949_ANHU","Selasphorus",2001-02-04
"1905","6/13/1995","Released","Lindsey","No","Non-selasphorus","unknown","Nestling",0,"Summer","found on the ground","Non-selasphorus spp.","867_ANHU","Selasphorus",1995-06-13
"1906","4/9/1999","Released","Lindsey","Yes","ANHU","Female-like ","adult-like",0,"Spring","found on the ground","Non-selasphorus spp.","1584_ANHU","Non-Selasphorus",1999-04-09
"1907","4/28/2013","Died","malibu","Yes","Selasphorus","Female-like ","adult-like",0,"Spring","unknown","Selasphorus spp.","5791_ALHU","Selasphorus",2013-04-28
"1908","5/28/2015","Released","Lindsey","Yes","ANHU","Female-like ","adult-like",0,"Spring","unknown","Non-selasphorus spp.","5344_ANHU","Non-Selasphorus",2015-05-28
"1909","11/5/2011","Died","Lindsey","Yes","ANHU","Female-like ","adult-like",0,"Fall","found on the ground","Non-selasphorus spp.","4319_ANHU","Non-Selasphorus",2011-11-05
"1910","4/3/2010","Died","Lindsey","No","ANHU","Female-like ","adult-like",0,"Spring","found on the ground","Non-selasphorus spp.","3904_ANHU","Non-Selasphorus",2010-04-03
"1911","5/9/1992","Died","Lindsey","No","ANHU","Female-like ","adult-like",0,"Spring","found on the ground","Non-selasphorus spp.","272_ANHU","Non-Selasphorus",1992-05-09
"1912","3/1/2013","Released","Lindsey","No","Non-selasphorus","unknown","Nestling",1,"Spring","nest-related","Non-selasphorus spp.","4622_ANHU","Selasphorus",2013-03-01
"1913","11/1/2016","Died","Lindsey","Yes","ANHU","Male","adult-like",1,"Fall","found on the ground","Non-selasphorus spp.","5725_ANHU","Non-Selasphorus",2016-11-01
"1914","3/19/1994","Released","Lindsey","Yes","Non-selasphorus","unknown","Nestling",2,"Spring","found on the ground","Non-selasphorus spp.","588_ANHU","Selasphorus",1994-03-19
"1915","7/3/2011","Released","Lindsey","No","Non-selasphorus","unknown","Nestling",0,"Summer","nest-related","Non-selasphorus spp.","4268_ANHU","Selasphorus",2011-07-03
"1916","4/25/2014","Died","malibu","Yes","Selasphorus","Female-like ","adult-like",0,"Spring","found inside","Selasphorus spp.","6106_ALHU","Selasphorus",2014-04-25
"1917","4/30/2012","Died","Lindsey","Yes","Non-selasphorus","unknown","Nestling",1,"Spring","caught by domestic animal","Non-selasphorus spp.","4447_ANHU","Selasphorus",2012-04-30
"1918","9/15/2003","Died","Lindsey","No","ANHU","Female-like ","adult-like",0,"Fall","suspect torpor-like state","Non-selasphorus spp.","2567_ANHU","Non-Selasphorus",2003-09-15
"1919","3/21/2001","Died","Lindsey","No","ANHU","Female-like ","adult-like",0,"Spring","caught by domestic animal","Non-selasphorus spp.","1995_ANHU","Non-Selasphorus",2001-03-21
"1920","4/1/2002","Died","Lindsey","Yes","ANHU","Female-like ","adult-like",0,"Spring","found on the ground","Non-selasphorus spp.","2193_ANHU","Non-Selasphorus",2002-04-01
"1921","11/10/2003","Died","Lindsey","Yes","ANHU","Female-like ","adult-like",1,"Fall","unknown","Non-selasphorus spp.","2578_ANHU","Non-Selasphorus",2003-11-10
"1922","10/18/2016","Released","Lindsey","Yes","ANHU","Male","adult-like",0,"Fall","window hit","Non-selasphorus spp.","5722_ANHU","Non-Selasphorus",2016-10-18
"1923","5/11/1992","Released","Lindsey","Yes","Non-selasphorus","unknown","Nestling",0,"Spring","unknown","Non-selasphorus spp.","276_ANHU","Selasphorus",1992-05-11
"1924","4/6/1991","Released","Lindsey","No","Selasphorus","Female-like ","adult-like",0,"Spring","window hit","Selasphorus spp.","57_RUHU","Selasphorus",1991-04-06
"1925","3/29/1992","Died","Lindsey","No","ANHU","Female-like ","adult-like",1,"Spring","found on the ground","Non-selasphorus spp.","231_ANHU","Non-Selasphorus",1992-03-29
"1926","3/5/2014","Died","Lindsey","No","ANHU","Male","adult-like",0,"Spring","found on the ground","Non-selasphorus spp.","4888_ANHU","Non-Selasphorus",2014-03-05
"1927","3/12/2010","Released","Lindsey","No","Selasphorus","Female-like ","adult-like",1,"Spring","caught by domestic animal","Selasphorus spp.","3886_RUHU","Selasphorus",2010-03-12
"1928","1/30/2010","Died","Lindsey","No","ANHU","Male","adult-like",0,"Winter","found on the ground","Non-selasphorus spp.","3852_ANHU","Non-Selasphorus",2010-01-30
"1929","7/12/1993","Released","Lindsey","Yes","Non-selasphorus","unknown","Nestling",0,"Summer","caught by domestic animal","Non-selasphorus spp.","521_ANHU","Selasphorus",1993-07-12
"1930","6/4/1998","Died","Lindsey","Yes","Non-selasphorus","unknown","Nestling",0,"Summer","found on the ground","Non-selasphorus spp.","1435_ANHU","Selasphorus",1998-06-04
"1931","6/22/2006","Released","Lindsey","Yes","Non-selasphorus","unknown","Nestling",1,"Summer","caught by domestic animal","Non-selasphorus spp.","3119_ANHU","Selasphorus",2006-06-22
"1932","4/2/2008","Released","Lindsey","No","Non-selasphorus","unknown","Nestling",0,"Spring","nest-related","Non-selasphorus spp.","3451_ANHU","Selasphorus",2008-04-02
"1933","3/13/2007","Died","Lindsey","Yes","Non-selasphorus","unknown","Nestling",1,"Spring","nest-related","Non-selasphorus spp.","3223_ANHU","Selasphorus",2007-03-13
"1934","5/13/2007","Died","Lindsey","No","Non-selasphorus","unknown","Nestling",1,"Spring","nest-related","Non-selasphorus spp.","3284_ANHU","Selasphorus",2007-05-13
"1935","10/29/2005","Died","Lindsey","No","ANHU","Female-like ","adult-like",0,"Fall","found on the ground","Non-selasphorus spp.","2978_ANHU","Non-Selasphorus",2005-10-29
"1936","12/21/2016","Died","malibu","No","ANHU","Male","adult-like",0,"Winter","found on the ground","Non-selasphorus spp.","6834_ANHU","Non-Selasphorus",2016-12-21
"1937","6/18/2008","Released","Lindsey","No","ANHU","Female-like ","adult-like",1,"Summer","caught by domestic animal","Non-selasphorus spp.","3527_ANHU","Non-Selasphorus",2008-06-18
"1938","11/22/2006","Died","Lindsey","No","ANHU","Female-like ","adult-like",0,"Fall","window hit","Non-selasphorus spp.","3170_ANHU","Non-Selasphorus",2006-11-22
"1939","2/12/2004","Died","Lindsey","No","ANHU","Female-like ","adult-like",0,"Winter","found inside","Non-selasphorus spp.","2607_ANHU","Non-Selasphorus",2004-02-12
"1940","1/2/2000","Died","Lindsey","No","ANHU","Female-like ","adult-like",1,"Winter","unknown","Non-selasphorus spp.","1725_ANHU","Non-Selasphorus",2000-01-02
"1941","2/25/2009","Died","Lindsey","Yes","ANHU","Female-like ","adult-like",1,"Winter","unknown","Non-selasphorus spp.","3629_ANHU","Non-Selasphorus",2009-02-25
"1942","8/3/1996","Died","Lindsey","Yes","ANHU","Female-like ","adult-like",8,"Summer","found on the ground","Non-selasphorus spp.","1111_ANHU","Non-Selasphorus",1996-08-03
"1943","8/15/1991","Died","Lindsey","No","ANHU","Female-like ","adult-like",0,"Summer","found on the ground","Non-selasphorus spp.","166_ANHU","Non-Selasphorus",1991-08-15
"1944","3/21/2006","Released","Lindsey","Yes","ANHU","Female-like ","adult-like",0,"Spring","found on the ground","Non-selasphorus spp.","3032_ANHU","Non-Selasphorus",2006-03-21
"1945","6/25/2012","Died","Lindsey","No","ANHU","Male","adult-like",0,"Summer","found on the ground","Non-selasphorus spp.","4510_ANHU","Non-Selasphorus",2012-06-25
"1946","3/7/2015","Died","Lindsey","No","ANHU","Male","adult-like",0,"Spring","found on the ground","Non-selasphorus spp.","5201_ANHU","Non-Selasphorus",2015-03-07
"1947","9/13/2001","Died","Lindsey","No","Non-selasphorus","unknown","Nestling",0,"Fall","nest-related","Non-selasphorus spp.","2121_ANHU","Selasphorus",2001-09-13
"1948","2/16/2010","Died","Lindsey","No","ANHU","Male","adult-like",0,"Winter","found on the ground","Non-selasphorus spp.","3865_ANHU","Non-Selasphorus",2010-02-16
"1949","7/5/2005","Died","Lindsey","Yes","Non-selasphorus","unknown","Nestling",0,"Summer","nest-related","Non-selasphorus spp.","2949_ANHU","Selasphorus",2005-07-05
"1950","8/16/1991","Died","Lindsey","No","ANHU","Female-like ","adult-like",1,"Summer","unknown","Non-selasphorus spp.","167_ANHU","Non-Selasphorus",1991-08-16
"1951","3/29/2003","Died","Lindsey","No","Selasphorus","Female-like ","adult-like",0,"Spring","found on the ground","Selasphorus spp.","2432_RUHU","Selasphorus",2003-03-29
"1952","4/18/1992","Died","Lindsey","No","Selasphorus","Female-like ","adult-like",0,"Spring","caught by domestic animal","Selasphorus spp.","255_ALHU","Selasphorus",1992-04-18
"1953","10/11/1998","Died","Lindsey","Yes","ANHU","Female-like ","adult-like",0,"Fall","found on the ground","Non-selasphorus spp.","1508_ANHU","Non-Selasphorus",1998-10-11
"1954","2/24/2016","Released","malibu","No","Selasphorus","Female-like ","adult-like",0,"Winter","found on the ground","Selasphorus spp.","6651_ALHU","Selasphorus",2016-02-24
"1955","3/15/2016","Died","malibu","Yes","Selasphorus","Male","adult-like",3,"Spring","found on the ground","Selasphorus spp.","6639_RUHU","Selasphorus",2016-03-15
"1956","8/19/2001","Died","Lindsey","No","ANHU","Female-like ","adult-like",0,"Summer","suspect torpor-like state","Non-selasphorus spp.","2116_ANHU","Non-Selasphorus",2001-08-19
"1957","1/14/2009","Died","Lindsey","No","ANHU","Male","adult-like",0,"Winter","found inside","Non-selasphorus spp.","3603_ANHU","Non-Selasphorus",2009-01-14
"1958","4/14/1995","Died","Lindsey","Yes","Selasphorus","Female-like ","adult-like",0,"Spring","caught by domestic animal","Selasphorus spp.","815_ALHU","Selasphorus",1995-04-14
"1959","5/9/1999","Released","Lindsey","No","ANHU","Female-like ","adult-like",0,"Spring","caught by domestic animal","Non-selasphorus spp.","1623_ANHU","Non-Selasphorus",1999-05-09
"1960","6/14/1991","Released","Lindsey","No","Non-selasphorus","unknown","Nestling",0,"Summer","found on the ground","Non-selasphorus spp.","124_ANHU","Selasphorus",1991-06-14
"1961","5/24/2006","Died","Lindsey","No","Non-selasphorus","unknown","Nestling",0,"Spring","found on the ground","Non-selasphorus spp.","3095_ANHU","Selasphorus",2006-05-24
"1962","6/29/1999","Released","Lindsey","No","Non-selasphorus","unknown","Nestling",0,"Summer","found on the ground","Non-selasphorus spp.","1683_ANHU","Selasphorus",1999-06-29
"1963","6/5/2015","Released","Lindsey","No","ANHU","Female-like ","adult-like",0,"Summer","caught by domestic animal","Non-selasphorus spp.","5357_ANHU","Non-Selasphorus",2015-06-05
"1964","10/1/2007","Died","Lindsey","Yes","ANHU","Female-like ","adult-like",0,"Fall","found on the ground","Non-selasphorus spp.","3377_ANHU","Non-Selasphorus",2007-10-01
"1965","3/20/2016","Died","Lindsey","No","ANHU","Female-like ","adult-like",1,"Spring","nest-related","Non-selasphorus spp.","5541_ANHU","Non-Selasphorus",2016-03-20
"1966","6/6/1995","Released","Lindsey","No","ANHU","Female-like ","adult-like",0,"Summer","found on the ground","Non-selasphorus spp.","857_ANHU","Non-Selasphorus",1995-06-06
"1967","8/21/2007","Died","Lindsey","Yes","Selasphorus","Female-like ","adult-like",0,"Summer","found on the ground","Selasphorus spp.","3363_ALHU","Selasphorus",2007-08-21
"1968","12/6/2014","Released","Lindsey","No","ANHU","Female-like ","adult-like",0,"Winter","window hit","Non-selasphorus spp.","5135_ANHU","Non-Selasphorus",2014-12-06
"1969","3/11/2001","Died","Lindsey","Yes","ANHU","Female-like ","adult-like",0,"Spring","window hit","Non-selasphorus spp.","1984_ANHU","Non-Selasphorus",2001-03-11
"1970","3/22/2014","Released","malibu","No","Selasphorus","unknown","Nestling",0,"Spring","found on the ground","Selasphorus spp.","6194_ALHU","Selasphorus",2014-03-22
"1971","4/22/1992","Died","Lindsey","No","Non-selasphorus","unknown","Nestling",0,"Spring","nest-related","Non-selasphorus spp.","259_ANHU","Selasphorus",1992-04-22
"1972","6/6/2014","Released","Lindsey","Yes","ANHU","Female-like ","adult-like",0,"Summer","found on the ground","Non-selasphorus spp.","5031_ANHU","Non-Selasphorus",2014-06-06
"1973","1/30/1993","Released","Lindsey","No","ANHU","Female-like ","adult-like",8,"Winter","unknown","Non-selasphorus spp.","372_ANHU","Non-Selasphorus",1993-01-30
"1974","4/22/2016","Released","Santa Barbara","No","ANHU","Female-like ","adult-like",0,"Spring","unknown","Non-selasphorus spp.","6867_ANHU","Non-Selasphorus",2016-04-22
"1975","3/2/2011","Released","Lindsey","No","Non-selasphorus","unknown","Nestling",2,"Spring","nest-related","Non-selasphorus spp.","4109_ANHU","Selasphorus",2011-03-02
"1976","9/21/1994","Died","Lindsey","No","ANHU","Female-like ","adult-like",0,"Fall","caught by domestic animal","Non-selasphorus spp.","728_ANHU","Non-Selasphorus",1994-09-21
"1977","3/20/2003","Died","Lindsey","No","ANHU","Female-like ","adult-like",1,"Spring","found inside","Non-selasphorus spp.","2418_ANHU","Non-Selasphorus",2003-03-20
"1978","5/28/2016","Died","malibu","No","Selasphorus","Female-like ","adult-like",0,"Spring","caught by domestic animal","Selasphorus spp.","6738_ALHU","Selasphorus",2016-05-28
"1979","3/8/2003","Released","Lindsey","Yes","Non-selasphorus","unknown","Nestling",0,"Spring","found on the ground","Non-selasphorus spp.","2405_ANHU","Selasphorus",2003-03-08
"1980","8/21/2003","Died","Lindsey","Yes","ANHU","Female-like ","adult-like",0,"Summer","found on the ground","Non-selasphorus spp.","2561_ANHU","Non-Selasphorus",2003-08-21
"1981","4/6/2003","Died","Lindsey","No","ANHU","Female-like ","adult-like",0,"Spring","window hit","Non-selasphorus spp.","2442_ANHU","Non-Selasphorus",2003-04-06
"1982","5/6/2015","Released","malibu","Yes","Selasphorus","unknown","Nestling",2,"Spring","found on the ground","Selasphorus spp.","6407_ALHU","Selasphorus",2015-05-06
"1983","5/26/2003","Released","Lindsey","Yes","ANHU","Female-like ","adult-like",0,"Spring","caught by domestic animal","Non-selasphorus spp.","2494_ANHU","Non-Selasphorus",2003-05-26
"1984","7/7/2014","Died","malibu","No","Selasphorus","unknown","Nestling",23,"Summer","nest-related","Selasphorus spp.","6321_ALHU","Selasphorus",2014-07-07
"1985","6/20/2010","Died","Lindsey","Yes","ANHU","Male","adult-like",1,"Summer","found on the ground","Non-selasphorus spp.","3995_ANHU","Non-Selasphorus",2010-06-20
"1986","4/11/1997","Released","Lindsey","Yes","Non-selasphorus","unknown","Nestling",0,"Spring","found on the ground","Non-selasphorus spp.","1208_ANHU","Selasphorus",1997-04-11
"1987","9/6/2000","Died","Lindsey","No","Selasphorus","Female-like ","adult-like",0,"Fall","found on the ground","Selasphorus spp.","1906_ALHU","Selasphorus",2000-09-06
"1988","3/5/2003","Died","Lindsey","No","ANHU","Female-like ","adult-like",1,"Spring","unknown","Non-selasphorus spp.","2400_ANHU","Non-Selasphorus",2003-03-05
"1989","3/5/2013","Died","Lindsey","Yes","ANHU","Male","adult-like",1,"Spring","found on the ground","Non-selasphorus spp.","4626_ANHU","Non-Selasphorus",2013-03-05
"1990","9/22/1997","Died","Lindsey","Yes","ANHU","Female-like ","adult-like",1,"Fall","caught by domestic animal","Non-selasphorus spp.","1309_ANHU","Non-Selasphorus",1997-09-22
"1991","4/16/2014","Died","Lindsey","Yes","ANHU","Male","adult-like",0,"Spring","suspect torpor-like state","Non-selasphorus spp.","4956_ANHU","Non-Selasphorus",2014-04-16
"1992","3/29/2009","Died","Lindsey","Yes","ANHU","Female-like ","adult-like",3,"Spring","found on the ground","Non-selasphorus spp.","3668_ANHU","Non-Selasphorus",2009-03-29
"1993","3/26/2006","Released","Lindsey","No","Selasphorus","Female-like ","adult-like",0,"Spring","caught by domestic animal","Selasphorus spp.","3039_RUHU","Selasphorus",2006-03-26
"1994","6/6/2016","Released","Santa Barbara","No","ANHU","Female-like ","adult-like",-47,"Summer","nest-related","Non-selasphorus spp.","6909_ANHU","Non-Selasphorus",2016-06-06
"1995","6/7/2011","Died","Lindsey","No","ANHU","Male","adult-like",0,"Summer","found on the ground","Non-selasphorus spp.","4242_ANHU","Non-Selasphorus",2011-06-07
"1996","2/10/2011","Died","Lindsey","No","Non-selasphorus","unknown","Nestling",1,"Winter","nest-related","Non-selasphorus spp.","4096_ANHU","Selasphorus",2011-02-10
"1997","2/19/2004","Released","Lindsey","Yes","Non-selasphorus","unknown","Nestling",2,"Winter","nest-related","Non-selasphorus spp.","2612_ANHU","Selasphorus",2004-02-19
"1998","3/11/2016","Died","Lindsey","No","ANHU","Male","adult-like",0,"Spring","suspect torpor-like state","Non-selasphorus spp.","5520_ANHU","Non-Selasphorus",2016-03-11
"1999","5/28/2014","Died","Lindsey","No","Non-selasphorus","unknown","Nestling",1,"Spring","nest-related","Non-selasphorus spp.","5017_ANHU","Selasphorus",2014-05-28
"2000","1/10/2016","Died","Santa Barbara","No","ANHU","Female-like ","adult-like",0,"Winter","found on the ground","Non-selasphorus spp.","6838_ANHU","Non-Selasphorus",2016-01-10
"2001","4/8/2011","Released","Lindsey","No","ANHU","Male","adult-like",0,"Spring","found on the ground","Non-selasphorus spp.","4161_ANHU","Non-Selasphorus",2011-04-08
"2002","6/6/2014","Died","Lindsey","Yes","ANHU","Female-like ","adult-like",1,"Summer","window hit","Non-selasphorus spp.","5030_ANHU","Non-Selasphorus",2014-06-06
"2003","3/23/2001","Released","Lindsey","Yes","Selasphorus","unknown","Nestling",2,"Spring","found on the ground","Selasphorus spp.","1998_ALHU","Selasphorus",2001-03-23
"2004","4/18/2006","Died","Lindsey","No","Selasphorus","Female-like ","adult-like",0,"Spring","found on the ground","Selasphorus spp.","3063_RUHU","Selasphorus",2006-04-18
"2005","7/20/1992","Released","Lindsey","No","ANHU","Female-like ","adult-like",0,"Summer","found on the ground","Non-selasphorus spp.","345_ANHU","Non-Selasphorus",1992-07-20
"2006","7/2/2006","Died","Lindsey","No","ANHU","Female-like ","adult-like",0,"Summer","caught by domestic animal","Non-selasphorus spp.","3131_ANHU","Non-Selasphorus",2006-07-02
"2007","4/3/2016","Died","Lindsey","No","ANHU","Female-like ","adult-like",0,"Spring","found on the ground","Non-selasphorus spp.","5563_ANHU","Non-Selasphorus",2016-04-03
"2008","3/10/2016","Died","Santa Barbara","No","ANHU","Female-like ","adult-like",1,"Spring","nest-related","Non-selasphorus spp.","6849_ANHU","Non-Selasphorus",2016-03-10
"2009","3/13/2007","Died","Lindsey","Yes","Non-selasphorus","unknown","Nestling",1,"Spring","nest-related","Non-selasphorus spp.","3224_ANHU","Selasphorus",2007-03-13
"2010","6/19/2014","Released","malibu","Yes","Selasphorus","Female-like ","adult-like",4,"Summer","unknown","Selasphorus spp.","6145_ALHU","Selasphorus",2014-06-19
"2011","12/26/1997","Died","Lindsey","Yes","ANHU","Female-like ","adult-like",0,"Winter","nest-related","Non-selasphorus spp.","1325_ANHU","Non-Selasphorus",1997-12-26
"2012","5/8/2002","Died","Lindsey","No","Selasphorus","unknown","Nestling",0,"Spring","caught by domestic animal","Selasphorus spp.","2236_ALHU","Selasphorus",2002-05-08
"2013","2/18/2003","Died","Lindsey","Yes","ANHU","Female-like ","adult-like",0,"Winter","found on the ground","Non-selasphorus spp.","2388_ANHU","Non-Selasphorus",2003-02-18
"2014","5/13/2011","Released","Lindsey","Yes","Non-selasphorus","unknown","Nestling",0,"Spring","found on the ground","Non-selasphorus spp.","4206_ANHU","Selasphorus",2011-05-13
"2015","12/31/2015","Released","malibu","No","ANHU","Female-like ","adult-like",262,"Winter","unknown","Non-selasphorus spp.","6561_ANHU","Non-Selasphorus",2015-12-31
"2016","7/18/1992","Died","Lindsey","No","ANHU","Female-like ","adult-like",1,"Summer","found on the ground","Non-selasphorus spp.","343_ANHU","Non-Selasphorus",1992-07-18
"2017","1/25/2015","Died","Lindsey","No","ANHU","Female-like ","adult-like",0,"Winter","window hit","Non-selasphorus spp.","5157_ANHU","Non-Selasphorus",2015-01-25
"2018","2/20/2011","Died","Lindsey","Yes","Non-selasphorus","unknown","Nestling",0,"Winter","nest-related","Non-selasphorus spp.","4104_ANHU","Selasphorus",2011-02-20
"2019","2/12/2016","Died","Lindsey","No","ANHU","Male","adult-like",0,"Winter","found on the ground","Non-selasphorus spp.","5489_ANHU","Non-Selasphorus",2016-02-12
"2020","4/4/1999","Released","Lindsey","Yes","ANHU","Female-like ","adult-like",1,"Spring","found on the ground","Non-selasphorus spp.","1576_ANHU","Non-Selasphorus",1999-04-04
"2021","6/17/2007","Died","Lindsey","Yes","ANHU","Female-like ","adult-like",0,"Summer","found on the ground","Non-selasphorus spp.","3326_ANHU","Non-Selasphorus",2007-06-17
"2022","5/28/2013","Died","malibu","No","Selasphorus","Female-like ","adult-like",1,"Spring","unknown","Selasphorus spp.","5954_ALHU","Selasphorus",2013-05-28
"2023","3/25/2014","Died","malibu","No","Selasphorus","Female-like ","adult-like",0,"Spring","unknown","Selasphorus spp.","6070_ALHU","Selasphorus",2014-03-25
"2024","3/17/2014","Died","malibu","Yes","ANHU","Male","adult-like",1,"Spring","found on the ground","Non-selasphorus spp.","6063_ANHU","Non-Selasphorus",2014-03-17
"2025","4/10/2016","Died","malibu","No","Selasphorus","Female-like ","adult-like",1,"Spring","caught by domestic animal","Selasphorus spp.","6672_ALHU","Selasphorus",2016-04-10
"2026","6/25/2007","Died","Lindsey","Yes","Non-selasphorus","unknown","Nestling",0,"Summer","found on the ground","Non-selasphorus spp.","3339_ANHU","Selasphorus",2007-06-25
"2027","3/3/2013","Released","Lindsey","Yes","Non-selasphorus","unknown","Nestling",0,"Spring","nest-related","Non-selasphorus spp.","4625_ANHU","Selasphorus",2013-03-03
"2028","6/21/2016","Released","Santa Barbara","No","ANHU","Female-like ","adult-like",0,"Summer","found on the ground","Non-selasphorus spp.","6887_ANHU","Non-Selasphorus",2016-06-21
"2029","3/29/2014","Released","Lindsey","Yes","Non-selasphorus","unknown","Nestling",0,"Spring","nest-related","Non-selasphorus spp.","4925_ANHU","Selasphorus",2014-03-29
"2030","7/9/2000","Died","Lindsey","Yes","ANHU","Female-like ","adult-like",1,"Summer","found on the ground","Non-selasphorus spp.","1886_ANHU","Non-Selasphorus",2000-07-09
"2031","4/28/1999","Released","Lindsey","No","Non-selasphorus","unknown","Nestling",0,"Spring","nest-related","Non-selasphorus spp.","1610_ANHU","Selasphorus",1999-04-28
"2032","8/29/1995","Released","Lindsey","No","Selasphorus","Female-like ","adult-like",0,"Summer","caught by domestic animal","Selasphorus spp.","920_ALHU","Selasphorus",1995-08-29
"2033","4/30/2010","Died","Lindsey","No","ANHU","Female-like ","adult-like",0,"Spring","caught by domestic animal","Non-selasphorus spp.","3940_ANHU","Non-Selasphorus",2010-04-30
"2034","10/18/2009","Died","Lindsey","No","ANHU","Male","adult-like",0,"Fall","window hit","Non-selasphorus spp.","3826_ANHU","Non-Selasphorus",2009-10-18
"2035","3/30/2014","Died","Lindsey","No","Selasphorus","Female-like ","adult-like",0,"Spring","unknown","Selasphorus spp.","4926_ALHU","Selasphorus",2014-03-30
"2036","4/30/2010","Died","Lindsey","Yes","ANHU","Female-like ","adult-like",0,"Spring","found on the ground","Non-selasphorus spp.","3937_ANHU","Non-Selasphorus",2010-04-30
"2037","6/14/2013","Released","malibu","Yes","Non-selasphorus","unknown","Nestling",0,"Summer","found on the ground","Non-selasphorus spp.","5851_ANHU","Selasphorus",2013-06-14
"2038","2/14/2016","Died","Lindsey","No","ANHU","Female-like ","adult-like",0,"Winter","window hit","Non-selasphorus spp.","5490_ANHU","Non-Selasphorus",2016-02-14
"2039","10/14/1997","Died","Lindsey","Yes","ANHU","Female-like ","adult-like",0,"Fall","found on the ground","Non-selasphorus spp.","1312_ANHU","Non-Selasphorus",1997-10-14
"2040","5/30/2004","Released","Lindsey","No","ANHU","Female-like ","adult-like",0,"Spring","found on the ground","Non-selasphorus spp.","2707_ANHU","Non-Selasphorus",2004-05-30
"2041","7/1/2010","Released","Lindsey","No","Non-selasphorus","unknown","Nestling",0,"Summer","found on the ground","Non-selasphorus spp.","4010_ANHU","Selasphorus",2010-07-01
"2042","3/29/2006","Died","Lindsey","Yes","ANHU","Female-like ","adult-like",0,"Spring","caught by domestic animal","Non-selasphorus spp.","3045_ANHU","Non-Selasphorus",2006-03-29
"2043","6/19/2014","Died","malibu","No","Selasphorus","Female-like ","adult-like",0,"Summer","caught by domestic animal","Selasphorus spp.","6143_ALHU","Selasphorus",2014-06-19
"2044","2/23/2010","Died","Lindsey","No","Non-selasphorus","unknown","Nestling",0,"Winter","found on the ground","Non-selasphorus spp.","3871_ANHU","Selasphorus",2010-02-23
"2045","5/23/2013","Released","malibu","Yes","Selasphorus","unknown","Nestling",1,"Spring","nest-related","Selasphorus spp.","5811_ALHU","Selasphorus",2013-05-23
"2046","6/9/2015","Died","Lindsey","No","Non-selasphorus","unknown","Nestling",0,"Summer","found on the ground","Non-selasphorus spp.","5369_ANHU","Selasphorus",2015-06-09
"2047","4/27/1993","Died","Lindsey","No","Non-selasphorus","unknown","Nestling",0,"Spring","found on the ground","Non-selasphorus spp.","455_ANHU","Selasphorus",1993-04-27
"2048","1/15/1999","Died","Lindsey","Yes","ANHU","Female-like ","adult-like",0,"Winter","found on the ground","Non-selasphorus spp.","1529_ANHU","Non-Selasphorus",1999-01-15
"2049","10/29/2000","Released","Lindsey","No","ANHU","Female-like ","adult-like",0,"Fall","window hit","Non-selasphorus spp.","1920_ANHU","Non-Selasphorus",2000-10-29
"2050","3/15/2015","Died","Lindsey","No","ANHU","Male","adult-like",0,"Spring","window hit","Non-selasphorus spp.","5211_ANHU","Non-Selasphorus",2015-03-15
"2051","5/29/2016","Released","malibu","No","Selasphorus","Female-like ","adult-like",0,"Spring","unknown","Selasphorus spp.","6780_ALHU","Selasphorus",2016-05-29
"2052","5/30/1991","Released","Lindsey","No","Non-selasphorus","unknown","Nestling",0,"Spring","nest-related","Non-selasphorus spp.","108_ANHU","Selasphorus",1991-05-30
"2053","3/13/2003","Died","Lindsey","No","Selasphorus","Female-like ","adult-like",0,"Spring","suspect torpor-like state","Selasphorus spp.","2411_ALHU","Selasphorus",2003-03-13
"2054","1/11/2014","Died","Lindsey","Yes","ANHU","Male","adult-like",0,"Winter","found on the ground","Non-selasphorus spp.","4859_ANHU","Non-Selasphorus",2014-01-11
"2055","3/22/2014","Died","malibu","Yes","Selasphorus","unknown","Nestling",0,"Spring","caught by domestic animal","Selasphorus spp.","6066_ALHU","Selasphorus",2014-03-22
"2056","7/22/2005","Died","Lindsey","No","ANHU","Female-like ","adult-like",0,"Summer","caught by domestic animal","Non-selasphorus spp.","2963_ANHU","Non-Selasphorus",2005-07-22
"2057","2/14/1994","Released","Lindsey","Yes","ANHU","Female-like ","adult-like",4,"Winter","unknown","Non-selasphorus spp.","567_ANHU","Non-Selasphorus",1994-02-14
"2058","3/15/2016","Died","Lindsey","No","ANHU","Female-like ","adult-like",1,"Spring","found on the ground","Non-selasphorus spp.","5532_ANHU","Non-Selasphorus",2016-03-15
"2059","6/4/2014","Died","malibu","Yes","BCHU","Female-like ","adult-like",0,"Summer","found on the ground","Non-selasphorus spp.","6126_BCHU","Non-Selasphorus",2014-06-04
"2060","2/22/2005","Died","Lindsey","No","ANHU","Female-like ","adult-like",0,"Winter","unknown","Non-selasphorus spp.","2804_ANHU","Non-Selasphorus",2005-02-22
"2061","3/7/2015","Released","malibu","No","Selasphorus","unknown","Nestling",0,"Spring","unknown","Selasphorus spp.","6506_ALHU","Selasphorus",2015-03-07
"2062","12/31/2015","Died","Lindsey","No","ANHU","Female-like ","adult-like",1,"Winter","found inside","Non-selasphorus spp.","5466_ANHU","Non-Selasphorus",2015-12-31
"2063","3/28/2014","Died","malibu","Yes","ANHU","Female-like ","adult-like",3,"Spring","unknown","Non-selasphorus spp.","6072_ANHU","Non-Selasphorus",2014-03-28
"2064","2/25/2000","Died","Lindsey","No","ANHU","Female-like ","adult-like",0,"Winter","window hit","Non-selasphorus spp.","1743_ANHU","Non-Selasphorus",2000-02-25
"2065","6/27/2007","Died","Lindsey","No","ANHU","Female-like ","adult-like",0,"Summer","found on the ground","Non-selasphorus spp.","3340_ANHU","Non-Selasphorus",2007-06-27
"2066","5/6/2001","Released","Lindsey","Yes","Non-selasphorus","unknown","Nestling",1,"Spring","found on the ground","Non-selasphorus spp.","2038_ANHU","Selasphorus",2001-05-06
"2067","3/21/2009","Died","Lindsey","No","ANHU","Female-like ","adult-like",0,"Spring","found on the ground","Non-selasphorus spp.","3656_ANHU","Non-Selasphorus",2009-03-21
"2068","2/15/2002","Died","Lindsey","No","ANHU","Female-like ","adult-like",0,"Winter","found on the ground","Non-selasphorus spp.","2155_ANHU","Non-Selasphorus",2002-02-15
"2069","9/4/1996","Died","Lindsey","Yes","ANHU","Female-like ","adult-like",1,"Fall","caught by domestic animal","Non-selasphorus spp.","1118_ANHU","Non-Selasphorus",1996-09-04
"2070","12/12/2013","Released","Lindsey","Yes","ANHU","Male","adult-like",3,"Winter","suspect torpor-like state","Non-selasphorus spp.","4846_ANHU","Non-Selasphorus",2013-12-12
"2071","11/20/2015","Died","Lindsey","No","ANHU","Female-like ","adult-like",0,"Fall","window hit","Non-selasphorus spp.","5450_ANHU","Non-Selasphorus",2015-11-20
"2072","6/14/2013","Released","Lindsey","No","Non-selasphorus","unknown","Nestling",0,"Summer","nest-related","Non-selasphorus spp.","4759_ANHU","Selasphorus",2013-06-14
"2073","3/31/1992","Released","Lindsey","No","Non-selasphorus","unknown","Nestling",0,"Spring","found on the ground","Non-selasphorus spp.","232_ANHU","Selasphorus",1992-03-31
"2074","2/13/1995","Died","Lindsey","No","ANHU","Female-like ","adult-like",0,"Winter","window hit","Non-selasphorus spp.","750_ANHU","Non-Selasphorus",1995-02-13
"2075","4/13/2012","Died","Lindsey","No","ANHU","Female-like ","adult-like",0,"Spring","unknown","Non-selasphorus spp.","4430_ANHU","Non-Selasphorus",2012-04-13
"2076","5/4/1995","Died","Lindsey","Yes","Non-selasphorus","unknown","Nestling",0,"Spring","nest-related","Non-selasphorus spp.","832_ANHU","Selasphorus",1995-05-04
"2077","6/25/1998","Released","Lindsey","No","Non-selasphorus","unknown","Nestling",0,"Summer","nest-related","Non-selasphorus spp.","1447_ANHU","Selasphorus",1998-06-25
"2078","9/23/2016","Died","malibu","Yes","ANHU","Female-like ","adult-like",0,"Fall","found on the ground","Non-selasphorus spp.","6803_ANHU","Non-Selasphorus",2016-09-23
"2079","5/23/1993","Died","Lindsey","No","ANHU","Female-like ","adult-like",0,"Spring","suspect torpor-like state","Non-selasphorus spp.","476_ANHU","Non-Selasphorus",1993-05-23
"2080","4/13/2013","Released","Lindsey","No","Non-selasphorus","unknown","Nestling",1,"Spring","found on the ground","Non-selasphorus spp.","4691_ANHU","Selasphorus",2013-04-13
"2081","2/15/2012","Released","Lindsey","No","Non-selasphorus","unknown","Nestling",0,"Winter","nest-related","Non-selasphorus spp.","4360_ANHU","Selasphorus",2012-02-15
"2082","6/30/2014","Died","malibu","Yes","Selasphorus","Female-like ","adult-like",0,"Summer","found on the ground","Selasphorus spp.","6155_ALHU","Selasphorus",2014-06-30
"2083","9/2/2006","Died","Lindsey","Yes","Selasphorus","Female-like ","adult-like",0,"Fall","suspect torpor-like state","Selasphorus spp.","3152_ALHU","Selasphorus",2006-09-02
"2084","5/19/2016","Released","Lindsey","No","Non-selasphorus","unknown","Nestling",0,"Spring","nest-related","Non-selasphorus spp.","5611_ANHU","Selasphorus",2016-05-19
"2085","6/20/1991","Released","Lindsey","No","ANHU","Female-like ","adult-like",0,"Summer","caught by domestic animal","Non-selasphorus spp.","129_ANHU","Non-Selasphorus",1991-06-20
"2086","5/10/2012","Died","Lindsey","No","ANHU","Male","adult-like",0,"Spring","window hit","Non-selasphorus spp.","4465_ANHU","Non-Selasphorus",2012-05-10
"2087","5/9/1997","Released","Lindsey","Yes","Selasphorus","Female-like ","adult-like",0,"Spring","found on the ground","Selasphorus spp.","1230_ALHU","Selasphorus",1997-05-09
"2088","7/15/2015","Died","malibu","No","Selasphorus","Female-like ","adult-like",0,"Summer","unknown","Selasphorus spp.","6580_ALHU","Selasphorus",2015-07-15
"2089","6/19/2013","Released","malibu","No","ANHU","Female-like ","adult-like",1,"Summer","unknown","Non-selasphorus spp.","5994_ANHU","Non-Selasphorus",2013-06-19
"2090","6/24/2003","Released","Lindsey","No","Non-selasphorus","unknown","Nestling",0,"Summer","found on the ground","Non-selasphorus spp.","2524_ANHU","Selasphorus",2003-06-24
"2091","4/6/2013","Died","Lindsey","Yes","ANHU","Male","adult-like",0,"Spring","found on the ground","Non-selasphorus spp.","4675_ANHU","Non-Selasphorus",2013-04-06
"2092","4/14/2012","Died","Lindsey","No","ANHU","Female-like ","adult-like",0,"Spring","caught by domestic animal","Non-selasphorus spp.","4432_ANHU","Non-Selasphorus",2012-04-14
"2093","12/12/2012","Died","Lindsey","No","ANHU","Female-like ","adult-like",0,"Winter","unknown","Non-selasphorus spp.","4585_ANHU","Non-Selasphorus",2012-12-12
"2094","4/21/1996","Died","Lindsey","No","Selasphorus","Female-like ","adult-like",0,"Spring","found on the ground","Selasphorus spp.","1032_ALHU","Selasphorus",1996-04-21
"2095","7/3/2005","Released","Lindsey","Yes","ANHU","Female-like ","adult-like",1,"Summer","found on the ground","Non-selasphorus spp.","2946_ANHU","Non-Selasphorus",2005-07-03
"2096","2/24/2008","Died","Lindsey","Yes","ANHU","Female-like ","adult-like",0,"Winter","window hit","Non-selasphorus spp.","3421_ANHU","Non-Selasphorus",2008-02-24
"2097","6/1/2010","Died","Lindsey","Yes","ANHU","Female-like ","adult-like",0,"Summer","suspect torpor-like state","Non-selasphorus spp.","3974_ANHU","Non-Selasphorus",2010-06-01
"2098","4/3/2002","Released","Lindsey","Yes","Non-selasphorus","unknown","Nestling",1,"Spring","nest-related","Non-selasphorus spp.","2195_ANHU","Selasphorus",2002-04-03
"2099","5/10/1999","Died","Lindsey","No","ANHU","Female-like ","adult-like",0,"Spring","caught by domestic animal","Non-selasphorus spp.","1625_ANHU","Non-Selasphorus",1999-05-10
"2100","3/24/1995","Released","Lindsey","No","ANHU","Female-like ","adult-like",0,"Spring","window hit","Non-selasphorus spp.","790_ANHU","Non-Selasphorus",1995-03-24
"2101","6/16/2006","Died","Lindsey","No","Selasphorus","unknown","Nestling",0,"Summer","found on the ground","Selasphorus spp.","3113_ALHU","Selasphorus",2006-06-16
"2102","3/1/1998","Died","Lindsey","Yes","ANHU","Female-like ","adult-like",0,"Spring","caught by domestic animal","Non-selasphorus spp.","1348_ANHU","Non-Selasphorus",1998-03-01
"2103","5/29/1993","Died","Lindsey","No","ANHU","Female-like ","adult-like",1,"Spring","caught by domestic animal","Non-selasphorus spp.","479_ANHU","Non-Selasphorus",1993-05-29
"2104","6/22/2006","Died","Lindsey","No","ANHU","Female-like ","adult-like",31,"Summer","found on the ground","Non-selasphorus spp.","3121_ANHU","Non-Selasphorus",2006-06-22
"2105","4/8/2015","Died","malibu","Yes","Selasphorus","Female-like ","adult-like",0,"Spring","unknown","Selasphorus spp.","6383_ALHU","Selasphorus",2015-04-08
"2106","4/11/2013","Released","Lindsey","Yes","Non-selasphorus","unknown","Nestling",0,"Spring","found on the ground","Non-selasphorus spp.","4682_ANHU","Selasphorus",2013-04-11
"2107","12/28/2015","Died","Lindsey","Yes","ANHU","Male","adult-like",0,"Winter","found on the ground","Non-selasphorus spp.","5464_ANHU","Non-Selasphorus",2015-12-28
"2108","12/19/1993","Died","Lindsey","No","ANHU","Female-like ","adult-like",0,"Winter","found on the ground","Non-selasphorus spp.","560_ANHU","Non-Selasphorus",1993-12-19
"2109","3/6/2010","Died","Lindsey","Yes","ANHU","Female-like ","adult-like",0,"Spring","found on the ground","Non-selasphorus spp.","3880_ANHU","Non-Selasphorus",2010-03-06
"2110","7/13/2012","Died","Lindsey","No","ANHU","Female-like ","adult-like",0,"Summer","found on the ground","Non-selasphorus spp.","4526_ANHU","Non-Selasphorus",2012-07-13
"2111","3/24/2014","Released","malibu","No","ANHU","Female-like ","adult-like",0,"Spring","unknown","Non-selasphorus spp.","6195_ANHU","Non-Selasphorus",2014-03-24
"2112","3/12/2014","Released","Lindsey","No","Non-selasphorus","unknown","Nestling",0,"Spring","unknown","Non-selasphorus spp.","4898_ANHU","Selasphorus",2014-03-12
"2113","8/12/2004","Died","Lindsey","Yes","Selasphorus","Female-like ","adult-like",2,"Summer","unknown","Selasphorus spp.","2756_ALHU","Selasphorus",2004-08-12
"2114","3/9/2005","Died","Lindsey","Yes","ANHU","Female-like ","adult-like",0,"Spring","unknown","Non-selasphorus spp.","2813_ANHU","Non-Selasphorus",2005-03-09
"2115","3/5/2002","Died","Lindsey","No","ANHU","Female-like ","adult-like",1,"Spring","nest-related","Non-selasphorus spp.","2169_ANHU","Non-Selasphorus",2002-03-05
"2116","7/31/2010","Died","Lindsey","No","ANHU","Female-like ","adult-like",0,"Summer","caught by domestic animal","Non-selasphorus spp.","4041_ANHU","Non-Selasphorus",2010-07-31
"2117","7/3/2014","Died","Lindsey","Yes","Non-selasphorus","unknown","Nestling",1,"Summer","found on the ground","Non-selasphorus spp.","5072_ANHU","Selasphorus",2014-07-03
"2118","3/3/2016","Released","Lindsey","No","Non-selasphorus","unknown","Nestling",0,"Spring","found on the ground","Non-selasphorus spp.","5513_ANHU","Selasphorus",2016-03-03
"2119","5/29/2015","Died","malibu","No","Selasphorus","Female-like ","adult-like",0,"Spring","unknown","Selasphorus spp.","6442_ALHU","Selasphorus",2015-05-29
"2120","4/9/2000","Died","Lindsey","Yes","ANHU","Female-like ","adult-like",0,"Spring","found on the ground","Non-selasphorus spp.","1788_ANHU","Non-Selasphorus",2000-04-09
"2121","9/20/2013","Died","Lindsey","No","ANHU","Female-like ","adult-like",0,"Fall","found inside","Non-selasphorus spp.","4815_ANHU","Non-Selasphorus",2013-09-20
"2122","1/28/2001","Died","Lindsey","No","ANHU","Female-like ","adult-like",0,"Winter","found on the ground","Non-selasphorus spp.","1948_ANHU","Non-Selasphorus",2001-01-28
"2123","4/14/2014","Died","malibu","Yes","Selasphorus","unknown","Nestling",0,"Spring","caught by domestic animal","Selasphorus spp.","6094_ALHU","Selasphorus",2014-04-14
"2124","2/26/1995","Released","Lindsey","No","Non-selasphorus","unknown","Nestling",0,"Winter","found on the ground","Non-selasphorus spp.","759_ANHU","Selasphorus",1995-02-26
"2125","4/23/1997","Released","Lindsey","Yes","Non-selasphorus","unknown","Nestling",0,"Spring","found on the ground","Non-selasphorus spp.","1217_ANHU","Selasphorus",1997-04-23
"2126","10/22/2015","Died","malibu","Yes","ANHU","Female-like ","adult-like",0,"Fall","found on the ground","Non-selasphorus spp.","6534_ANHU","Non-Selasphorus",2015-10-22
"2127","6/29/2015","Released","malibu","No","ANHU","Female-like ","adult-like",0,"Summer","unknown","Non-selasphorus spp.","6591_ANHU","Non-Selasphorus",2015-06-29
"2128","12/26/2009","Died","Lindsey","No","ANHU","Female-like ","adult-like",0,"Winter","found on the ground","Non-selasphorus spp.","3839_ANHU","Non-Selasphorus",2009-12-26
"2129","2/3/2004","Released","Lindsey","No","ANHU","Female-like ","adult-like",0,"Winter","found on the ground","Non-selasphorus spp.","2598_ANHU","Non-Selasphorus",2004-02-03
"2130","3/28/2011","Released","Lindsey","No","ANHU","Male","adult-like",0,"Spring","window hit","Non-selasphorus spp.","4140_ANHU","Non-Selasphorus",2011-03-28
"2131","7/7/2001","Died","Lindsey","Yes","ANHU","Female-like ","adult-like",1,"Summer","found on the ground","Non-selasphorus spp.","2090_ANHU","Non-Selasphorus",2001-07-07
"2132","7/16/1993","Died","Lindsey","No","Non-selasphorus","unknown","Nestling",1,"Summer","nest-related","Non-selasphorus spp.","526_ANHU","Selasphorus",1993-07-16
"2133","7/12/1999","Released","Lindsey","Yes","ANHU","Female-like ","adult-like",0,"Summer","found on the ground","Non-selasphorus spp.","1689_ANHU","Non-Selasphorus",1999-07-12
"2134","4/18/1998","Released","Lindsey","No","Non-selasphorus","unknown","Nestling",0,"Spring","found on the ground","Non-selasphorus spp.","1388_ANHU","Selasphorus",1998-04-18
"2135","11/24/1993","Died","Lindsey","Yes","ANHU","Female-like ","adult-like",0,"Fall","found on the ground","Non-selasphorus spp.","557_ANHU","Non-Selasphorus",1993-11-24
"2136","4/5/1991","Died","Lindsey","Yes","ANHU","Female-like ","adult-like",1,"Spring","found on the ground","Non-selasphorus spp.","53_ANHU","Non-Selasphorus",1991-04-05
"2137","10/25/2003","Released","Lindsey","No","ANHU","Female-like ","adult-like",0,"Fall","window hit","Non-selasphorus spp.","2577_ANHU","Non-Selasphorus",2003-10-25
"2138","2/27/1996","Died","Lindsey","Yes","ANHU","Female-like ","adult-like",1,"Winter","found on the ground","Non-selasphorus spp.","959_ANHU","Non-Selasphorus",1996-02-27
"2139","5/6/2010","Released","Lindsey","No","ANHU","Female-like ","adult-like",0,"Spring","found on the ground","Non-selasphorus spp.","3945_ANHU","Non-Selasphorus",2010-05-06
"2140","4/29/2002","Died","Lindsey","No","ANHU","Female-like ","adult-like",1,"Spring","unknown","Non-selasphorus spp.","2227_ANHU","Non-Selasphorus",2002-04-29
"2141","6/10/1999","Released","Lindsey","No","Selasphorus","unknown","Nestling",0,"Summer","nest-related","Selasphorus spp.","1651_ALHU","Selasphorus",1999-06-10
"2142","2/20/2011","Died","Lindsey","No","Non-selasphorus","unknown","Nestling",1,"Winter","nest-related","Non-selasphorus spp.","4102_ANHU","Selasphorus",2011-02-20
"2143","3/13/2014","Released","malibu","No","Non-selasphorus","unknown","Nestling",0,"Spring","nest-related","Non-selasphorus spp.","6060_ANHU","Selasphorus",2014-03-13
"2144","4/25/2007","Released","Lindsey","No","Non-selasphorus","unknown","Nestling",0,"Spring","found on the ground","Non-selasphorus spp.","3265_ANHU","Selasphorus",2007-04-25
"2145","3/1/2006","Released","Lindsey","No","Non-selasphorus","unknown","Nestling",0,"Spring","nest-related","Non-selasphorus spp.","3012_ANHU","Selasphorus",2006-03-01
"2146","3/24/1992","Died","Lindsey","No","ANHU","Female-like ","adult-like",0,"Spring","unknown","Non-selasphorus spp.","228_ANHU","Non-Selasphorus",1992-03-24
"2147","6/2/2016","Died","Lindsey","No","ANHU","Female-like ","adult-like",0,"Summer","unknown","Non-selasphorus spp.","5623_ANHU","Non-Selasphorus",2016-06-02
"2148","3/27/2015","Died","Lindsey","No","Non-selasphorus","unknown","Nestling",0,"Spring","found on the ground","Non-selasphorus spp.","5232_ANHU","Selasphorus",2015-03-27
"2149","7/21/2011","Died","Lindsey","No","ANHU","Female-like ","adult-like",0,"Summer","found on the ground","Non-selasphorus spp.","4280_ANHU","Non-Selasphorus",2011-07-21
"2150","8/29/2007","Died","Lindsey","Yes","ANHU","Female-like ","adult-like",1,"Summer","found on the ground","Non-selasphorus spp.","3366_ANHU","Non-Selasphorus",2007-08-29
"2151","6/29/2014","Died","malibu","Yes","Selasphorus","unknown","Nestling",1,"Summer","nest-related","Selasphorus spp.","6154_ALHU","Selasphorus",2014-06-29
"2152","9/21/2016","Died","Santa Barbara","No","ANHU","Female-like ","adult-like",0,"Fall","unknown","Non-selasphorus spp.","6925_ANHU","Non-Selasphorus",2016-09-21
"2153","6/5/2008","Died","Lindsey","No","ANHU","Female-like ","adult-like",0,"Summer","unknown","Non-selasphorus spp.","3512_ANHU","Non-Selasphorus",2008-06-05
"2154","5/25/2004","Died","Lindsey","No","ANHU","Female-like ","adult-like",0,"Spring","caught by domestic animal","Non-selasphorus spp.","2700_ANHU","Non-Selasphorus",2004-05-25
"2155","6/19/1995","Died","Lindsey","No","Non-selasphorus","unknown","Nestling",0,"Summer","nest-related","Non-selasphorus spp.","873_BCHU","Selasphorus",1995-06-19
"2156","7/15/2015","Released","Lindsey","Yes","Selasphorus","unknown","Nestling",0,"Summer","nest-related","Selasphorus spp.","5419_ALHU","Selasphorus",2015-07-15
"2157","3/1/2006","Died","Lindsey","No","ANHU","Female-like ","adult-like",0,"Spring","window hit","Non-selasphorus spp.","3014_ANHU","Non-Selasphorus",2006-03-01
"2158","3/29/2012","Died","Lindsey","No","Non-selasphorus","unknown","Nestling",0,"Spring","found on the ground","Non-selasphorus spp.","4407_ANHU","Selasphorus",2012-03-29
"2159","6/9/1994","Released","Lindsey","No","ANHU","Female-like ","adult-like",0,"Summer","found on the ground","Non-selasphorus spp.","667_ANHU","Non-Selasphorus",1994-06-09
"2160","4/23/2012","Died","Lindsey","No","ANHU","Female-like ","adult-like",0,"Spring","unknown","Non-selasphorus spp.","4441_ANHU","Non-Selasphorus",2012-04-23
"2161","5/30/2014","Died","malibu","Yes","Selasphorus","Female-like ","adult-like",2,"Spring","window hit","Selasphorus spp.","6122_ALHU","Selasphorus",2014-05-30
"2162","7/11/2001","Died","Lindsey","Yes","ANHU","Female-like ","adult-like",0,"Summer","found on the ground","Non-selasphorus spp.","2093_ANHU","Non-Selasphorus",2001-07-11
"2163","5/28/2003","Died","Lindsey","No","ANHU","Female-like ","adult-like",0,"Spring","unknown","Non-selasphorus spp.","2498_ANHU","Non-Selasphorus",2003-05-28
"2164","1/3/1999","Died","Lindsey","Yes","ANHU","Female-like ","adult-like",0,"Winter","found on the ground","Non-selasphorus spp.","1523_ANHU","Non-Selasphorus",1999-01-03
"2165","2/17/2012","Died","Lindsey","Yes","ANHU","Male","adult-like",0,"Winter","window hit","Non-selasphorus spp.","4361_ANHU","Non-Selasphorus",2012-02-17
"2166","7/7/2003","Released","Lindsey","Yes","ANHU","Female-like ","adult-like",9,"Summer","caught by domestic animal","Non-selasphorus spp.","2537_ANHU","Non-Selasphorus",2003-07-07
"2167","1/10/2016","Died","Santa Barbara","No","ANHU","Female-like ","adult-like",0,"Winter","unknown","Non-selasphorus spp.","6836_ANHU","Non-Selasphorus",2016-01-10
"2168","6/23/2015","Died","Lindsey","No","ANHU","Female-like ","adult-like",0,"Summer","found on the ground","Non-selasphorus spp.","5394_ANHU","Non-Selasphorus",2015-06-23
"2169","4/8/2002","Died","Lindsey","No","ANHU","Female-like ","adult-like",0,"Spring","found on the ground","Non-selasphorus spp.","2204_ANHU","Non-Selasphorus",2002-04-08
"2170","4/29/2015","Released","Lindsey","No","ANHU","Female-like ","adult-like",0,"Spring","found on the ground","Non-selasphorus spp.","5301_ANHU","Non-Selasphorus",2015-04-29
"2171","6/30/1994","Died","Lindsey","No","ANHU","Female-like ","adult-like",0,"Summer","found on the ground","Non-selasphorus spp.","688_ANHU","Non-Selasphorus",1994-06-30
"2172","5/27/2003","Released","Lindsey","No","ANHU","Female-like ","adult-like",0,"Spring","window hit","Non-selasphorus spp.","2495_ANHU","Non-Selasphorus",2003-05-27
"2173","3/29/1997","Died","Lindsey","No","ANHU","Female-like ","adult-like",0,"Spring","caught by domestic animal","Non-selasphorus spp.","1198_ANHU","Non-Selasphorus",1997-03-29
"2174","8/3/2015","Released","Lindsey","Yes","ANHU","Male","adult-like",1,"Summer","found on the ground","Non-selasphorus spp.","5425_ANHU","Non-Selasphorus",2015-08-03
"2175","11/15/2015","Died","Lindsey","No","ANHU","Female-like ","adult-like",0,"Fall","found inside","Non-selasphorus spp.","5448_ANHU","Non-Selasphorus",2015-11-15
"2176","4/21/2000","Released","Lindsey","No","Non-selasphorus","unknown","Nestling",0,"Spring","unknown","Non-selasphorus spp.","1804_ANHU","Selasphorus",2000-04-21
"2177","6/21/2002","Died","Lindsey","No","ANHU","Female-like ","adult-like",0,"Summer","window hit","Non-selasphorus spp.","2279_ANHU","Non-Selasphorus",2002-06-21
"2178","3/10/2016","Released","Santa Barbara","No","ANHU","Female-like ","adult-like",0,"Spring","found on the ground","Non-selasphorus spp.","6850_ANHU","Non-Selasphorus",2016-03-10
"2179","10/19/2010","Died","Lindsey","No","ANHU","Male","adult-like",0,"Fall","found on the ground","Non-selasphorus spp.","4066_ANHU","Non-Selasphorus",2010-10-19
"2180","4/14/1992","Released","Lindsey","No","Selasphorus","unknown","Nestling",0,"Spring","caught by domestic animal","Selasphorus spp.","252_ALHU","Selasphorus",1992-04-14
"2181","4/26/2016","Released","Lindsey","No","ANHU","Female-like ","adult-like",0,"Spring","nest-related","Non-selasphorus spp.","5591_ANHU","Non-Selasphorus",2016-04-26
"2182","6/12/2013","Released","malibu","Yes","Selasphorus","unknown","Nestling",0,"Summer","found on the ground","Selasphorus spp.","5847_ALHU","Selasphorus",2013-06-12
"2183","6/14/2016","Died","Lindsey","Yes","Non-selasphorus","unknown","Nestling",0,"Summer","unknown","Non-selasphorus spp.","5645_ANHU","Selasphorus",2016-06-14
"2184","7/27/2010","Died","Lindsey","No","ANHU","Male","adult-like",0,"Summer","found on the ground","Non-selasphorus spp.","4037_ANHU","Non-Selasphorus",2010-07-27
"2185","3/12/2000","Died","Lindsey","No","ANHU","Female-like ","adult-like",1,"Spring","caught by domestic animal","Non-selasphorus spp.","1762_ANHU","Non-Selasphorus",2000-03-12
"2186","6/22/1995","Died","Lindsey","No","ANHU","Female-like ","adult-like",0,"Summer","window hit","Non-selasphorus spp.","877_ANHU","Non-Selasphorus",1995-06-22
"2187","3/5/2008","Released","Lindsey","Yes","ANHU","Female-like ","adult-like",0,"Spring","found on the ground","Non-selasphorus spp.","3425_ANHU","Non-Selasphorus",2008-03-05
"2188","2/25/1994","Died","Lindsey","No","ANHU","Female-like ","adult-like",0,"Winter","found on the ground","Non-selasphorus spp.","574_ANHU","Non-Selasphorus",1994-02-25
"2189","4/14/1996","Died","Lindsey","No","Selasphorus","unknown","Nestling",0,"Spring","nest-related","Selasphorus spp.","1021_ALHU","Selasphorus",1996-04-14
"2190","3/24/2014","Released","Lindsey","No","Non-selasphorus","unknown","Nestling",0,"Spring","found on the ground","Non-selasphorus spp.","4917_ANHU","Selasphorus",2014-03-24
"2191","2/24/1993","Died","Lindsey","No","ANHU","Female-like ","adult-like",3,"Winter","caught by domestic animal","Non-selasphorus spp.","382_ANHU","Non-Selasphorus",1993-02-24
"2192","6/14/2006","Died","Lindsey","No","ANHU","Female-like ","adult-like",0,"Summer","window hit","Non-selasphorus spp.","3107_ANHU","Non-Selasphorus",2006-06-14
"2193","6/5/2014","Released","Lindsey","No","ANHU","Female-like ","adult-like",0,"Summer","caught by domestic animal","Non-selasphorus spp.","5029_ANHU","Non-Selasphorus",2014-06-05
"2194","4/18/2013","Died","Lindsey","No","Selasphorus","unknown","Nestling",0,"Spring","found on the ground","Selasphorus spp.","4697_ALHU","Selasphorus",2013-04-18
"2195","3/21/1993","Released","Lindsey","No","Non-selasphorus","unknown","Nestling",0,"Spring","found on the ground","Non-selasphorus spp.","409_ANHU","Selasphorus",1993-03-21
"2196","3/25/1999","Released","Lindsey","Yes","ANHU","Female-like ","adult-like",0,"Spring","found on the ground","Non-selasphorus spp.","1565_ANHU","Non-Selasphorus",1999-03-25
"2197","5/3/2003","Died","Lindsey","Yes","Non-selasphorus","unknown","Nestling",0,"Spring","nest-related","Non-selasphorus spp.","2472_ANHU","Selasphorus",2003-05-03
"2198","2/22/2013","Died","Lindsey","Yes","Non-selasphorus","unknown","Nestling",0,"Winter","nest-related","Non-selasphorus spp.","4614_ANHU","Selasphorus",2013-02-22
"2199","12/19/2005","Died","Lindsey","Yes","ANHU","Female-like ","adult-like",0,"Winter","found on the ground","Non-selasphorus spp.","2986_ANHU","Non-Selasphorus",2005-12-19
"2200","3/18/2008","Released","Lindsey","No","Non-selasphorus","unknown","Nestling",1,"Spring","unknown","Non-selasphorus spp.","3434_ANHU","Selasphorus",2008-03-18
"2201","7/14/2010","Released","Lindsey","No","Non-selasphorus","unknown","Nestling",0,"Summer","found on the ground","Non-selasphorus spp.","4020_ANHU","Selasphorus",2010-07-14
"2202","7/1/2005","Released","Lindsey","Yes","Non-selasphorus","unknown","Nestling",0,"Summer","found on the ground","Non-selasphorus spp.","2943_ANHU","Selasphorus",2005-07-01
"2203","4/18/2014","Died","Lindsey","No","ANHU","Male","adult-like",0,"Spring","window hit","Non-selasphorus spp.","4958_ANHU","Non-Selasphorus",2014-04-18
"2204","11/10/1998","Died","Lindsey","Yes","ANHU","Female-like ","adult-like",1,"Fall","found inside","Non-selasphorus spp.","1514_ANHU","Non-Selasphorus",1998-11-10
"2205","1/14/1998","Released","Lindsey","No","ANHU","Female-like ","adult-like",0,"Winter","window hit","Non-selasphorus spp.","1327_ANHU","Non-Selasphorus",1998-01-14
"2206","7/12/2016","Died","Santa Barbara","No","ANHU","Female-like ","adult-like",8,"Summer","found on the ground","Non-selasphorus spp.","6905_ANHU","Non-Selasphorus",2016-07-12
"2207","3/25/2015","Released","Lindsey","Yes","Non-selasphorus","unknown","Nestling",1,"Spring","found on the ground","Non-selasphorus spp.","5228_ANHU","Selasphorus",2015-03-25
"2208","4/2/2004","Released","Lindsey","Yes","ANHU","Female-like ","adult-like",0,"Spring","caught by domestic animal","Non-selasphorus spp.","2649_ANHU","Non-Selasphorus",2004-04-02
"2209","5/31/2014","Released","malibu","No","Selasphorus","Female-like ","adult-like",1,"Spring","unknown","Selasphorus spp.","6123_ALHU","Selasphorus",2014-05-31
"2210","1/10/2001","Died","Lindsey","Yes","ANHU","Female-like ","adult-like",1,"Winter","found on the ground","Non-selasphorus spp.","1938_ANHU","Non-Selasphorus",2001-01-10
"2211","4/28/2016","Released","Santa Barbara","No","ANHU","Female-like ","adult-like",0,"Spring","found on the ground","Non-selasphorus spp.","6868_ANHU","Non-Selasphorus",2016-04-28
"2212","6/16/2013","Released","Lindsey","No","ANHU","Female-like ","adult-like",0,"Summer","caught by domestic animal","Non-selasphorus spp.","4764_ANHU","Non-Selasphorus",2013-06-16
"2213","4/7/2016","Died","Lindsey","No","ANHU","Female-like ","adult-like",0,"Spring","found on the ground","Non-selasphorus spp.","5569_ANHU","Non-Selasphorus",2016-04-07
"2214","9/5/2015","Died","malibu","Yes","Selasphorus","Female-like ","adult-like",0,"Fall","unknown","Selasphorus spp.","6495_ALHU","Selasphorus",2015-09-05
"2215","5/23/2010","Died","Lindsey","No","ANHU","Female-like ","adult-like",0,"Spring","found on the ground","Non-selasphorus spp.","3964_ANHU","Non-Selasphorus",2010-05-23
"2216","5/27/2011","Died","Lindsey","Yes","ANHU","Male","adult-like",1,"Spring","caught by domestic animal","Non-selasphorus spp.","4221_ANHU","Non-Selasphorus",2011-05-27
"2217","4/3/1993","Died","Lindsey","Yes","ANHU","Female-like ","adult-like",0,"Spring","suspect torpor-like state","Non-selasphorus spp.","417_ANHU","Non-Selasphorus",1993-04-03
"2218","3/6/2002","Died","Lindsey","No","ANHU","Female-like ","adult-like",0,"Spring","found on the ground","Non-selasphorus spp.","2170_ANHU","Non-Selasphorus",2002-03-06
"2219","6/29/1992","Released","Lindsey","No","ANHU","Female-like ","adult-like",0,"Summer","unknown","Non-selasphorus spp.","333_ANHU","Non-Selasphorus",1992-06-29
"2220","4/27/1991","Died","Lindsey","Yes","ANHU","Female-like ","adult-like",2,"Spring","window hit","Non-selasphorus spp.","82_ANHU","Non-Selasphorus",1991-04-27
"2221","3/27/1999","Released","Lindsey","No","Non-selasphorus","unknown","Nestling",0,"Spring","found on the ground","Non-selasphorus spp.","1567_ANHU","Selasphorus",1999-03-27
"2222","3/14/2013","Released","Lindsey","Yes","Non-selasphorus","unknown","Nestling",1,"Spring","found on the ground","Non-selasphorus spp.","4641_ANHU","Selasphorus",2013-03-14
"2223","9/18/2010","Released","Lindsey","No","ANHU","Male","adult-like",1,"Fall","caught by domestic animal","Non-selasphorus spp.","4058_ANHU","Non-Selasphorus",2010-09-18
"2224","8/17/1999","Died","Lindsey","No","ANHU","Female-like ","adult-like",0,"Summer","caught by domestic animal","Non-selasphorus spp.","1704_ANHU","Non-Selasphorus",1999-08-17
"2225","5/17/1995","Died","Lindsey","No","ANHU","Female-like ","adult-like",0,"Spring","unknown","Non-selasphorus spp.","844_ANHU","Non-Selasphorus",1995-05-17
"2226","3/15/2013","Died","Lindsey","No","ANHU","Female-like ","adult-like",2,"Spring","found on the ground","Non-selasphorus spp.","4644_ANHU","Non-Selasphorus",2013-03-15
"2227","3/1/2016","Released","malibu","No","ANHU","Female-like ","adult-like",0,"Spring","nest-related","Non-selasphorus spp.","6658_ANHU","Non-Selasphorus",2016-03-01
"2228","5/27/1995","Released","Lindsey","Yes","Non-selasphorus","unknown","Nestling",3,"Spring","found on the ground","Non-selasphorus spp.","850_ANHU","Selasphorus",1995-05-27
"2229","5/29/1991","Died","Lindsey","No","Selasphorus","Female-like ","adult-like",0,"Spring","caught by domestic animal","Selasphorus spp.","107_ALHU","Selasphorus",1991-05-29
"2230","7/19/2003","Died","Lindsey","Yes","ANHU","Female-like ","adult-like",0,"Summer","found on the ground","Non-selasphorus spp.","2547_ANHU","Non-Selasphorus",2003-07-19
"2231","4/24/2013","Died","Lindsey","No","ANHU","Female-like ","adult-like",0,"Spring","found on the ground","Non-selasphorus spp.","4703_ANHU","Non-Selasphorus",2013-04-24
"2232","4/8/1998","Released","Lindsey","No","Non-selasphorus","unknown","Nestling",0,"Spring","nest-related","Non-selasphorus spp.","1372_ANHU","Selasphorus",1998-04-08
"2233","3/22/2015","Died","malibu","No","ANHU","Female-like ","adult-like",0,"Spring","unknown","Non-selasphorus spp.","6528_ANHU","Non-Selasphorus",2015-03-22
"2234","7/9/1998","Died","Lindsey","Yes","Non-selasphorus","unknown","Nestling",1,"Summer","nest-related","Non-selasphorus spp.","1461_BCHU","Selasphorus",1998-07-09
"2235","2/17/2013","Died","malibu","No","ANHU","Female-like ","adult-like",1,"Winter","caught by domestic animal","Non-selasphorus spp.","5739_ANHU","Non-Selasphorus",2013-02-17
"2236","4/14/2003","Died","Lindsey","Yes","ANHU","Female-like ","adult-like",1,"Spring","window hit","Non-selasphorus spp.","2449_ANHU","Non-Selasphorus",2003-04-14
"2237","10/7/2005","Died","Lindsey","Yes","ANHU","Female-like ","adult-like",1,"Fall","caught by domestic animal","Non-selasphorus spp.","2972_ANHU","Non-Selasphorus",2005-10-07
"2238","6/15/2010","Died","Lindsey","No","ANHU","Male","adult-like",0,"Summer","found on the ground","Non-selasphorus spp.","3988_ANHU","Non-Selasphorus",2010-06-15
"2239","1/22/2001","Died","Lindsey","No","ANHU","Female-like ","adult-like",0,"Winter","unknown","Non-selasphorus spp.","1944_ANHU","Non-Selasphorus",2001-01-22
"2240","4/6/2007","Released","Lindsey","No","ANHU","Female-like ","adult-like",0,"Spring","found on the ground","Non-selasphorus spp.","3243_ANHU","Non-Selasphorus",2007-04-06
"2241","10/6/2011","Died","Lindsey","Yes","ANHU","Female-like ","adult-like",0,"Fall","found on the ground","Non-selasphorus spp.","4312_ANHU","Non-Selasphorus",2011-10-06
"2242","5/1/2000","Died","Lindsey","No","ANHU","Female-like ","adult-like",0,"Spring","found on the ground","Non-selasphorus spp.","1815_ANHU","Non-Selasphorus",2000-05-01
"2243","11/9/1993","Died","Lindsey","No","ANHU","Female-like ","adult-like",0,"Fall","found on the ground","Non-selasphorus spp.","552_ANHU","Non-Selasphorus",1993-11-09
"2244","5/27/2015","Died","malibu","Yes","Selasphorus","Female-like ","adult-like",0,"Spring","found on the ground","Selasphorus spp.","6437_ALHU","Selasphorus",2015-05-27
"2245","6/14/1996","Released","Lindsey","No","Non-selasphorus","unknown","Nestling",0,"Summer","unknown","Non-selasphorus spp.","1079_ANHU","Selasphorus",1996-06-14
"2246","7/5/2009","Died","Lindsey","No","ANHU","Female-like ","adult-like",0,"Summer","found on the ground","Non-selasphorus spp.","3779_ANHU","Non-Selasphorus",2009-07-05
"2247","1/27/2014","Died","Lindsey","No","ANHU","Male","adult-like",0,"Winter","found on the ground","Non-selasphorus spp.","4867_ANHU","Non-Selasphorus",2014-01-27
"2248","9/4/2005","Died","Lindsey","No","ANHU","Female-like ","adult-like",0,"Fall","caught by domestic animal","Non-selasphorus spp.","2969_ANHU","Non-Selasphorus",2005-09-04
"2249","5/24/1995","Died","Lindsey","No","ANHU","Female-like ","adult-like",0,"Spring","found on the ground","Non-selasphorus spp.","849_ANHU","Non-Selasphorus",1995-05-24
"2250","2/26/2000","Died","Lindsey","No","Non-selasphorus","unknown","Nestling",0,"Winter","found on the ground","Non-selasphorus spp.","1745_ANHU","Selasphorus",2000-02-26
"2251","8/2/2001","Died","Lindsey","No","ANHU","Female-like ","adult-like",0,"Summer","caught by domestic animal","Non-selasphorus spp.","2107_ANHU","Non-Selasphorus",2001-08-02
"2252","4/2/2007","Died","Lindsey","Yes","ANHU","Female-like ","adult-like",0,"Spring","window hit","Non-selasphorus spp.","3240_ANHU","Non-Selasphorus",2007-04-02
"2253","9/19/2010","Died","Lindsey","No","ANHU","Female-like ","adult-like",0,"Fall","found on the ground","Non-selasphorus spp.","4059_ANHU","Non-Selasphorus",2010-09-19
"2254","6/17/2013","Released","malibu","No","Selasphorus","Female-like ","adult-like",1,"Summer","unknown","Selasphorus spp.","5988_ALHU","Selasphorus",2013-06-17
"2255","2/17/2015","Died","Lindsey","No","ANHU","Female-like ","adult-like",0,"Winter","found on the ground","Non-selasphorus spp.","5182_ANHU","Non-Selasphorus",2015-02-17
"2256","3/29/1994","Released","Lindsey","Yes","Non-selasphorus","unknown","Nestling",2,"Spring","found on the ground","Non-selasphorus spp.","595_ANHU","Selasphorus",1994-03-29
"2257","6/6/2003","Released","Lindsey","No","Non-selasphorus","unknown","Nestling",0,"Summer","nest-related","Non-selasphorus spp.","2502_ANHU","Selasphorus",2003-06-06
"2258","6/17/2013","Died","Lindsey","Yes","Non-selasphorus","unknown","Nestling",1,"Summer","found on the ground","Non-selasphorus spp.","4765_ANHU","Selasphorus",2013-06-17
"2259","3/15/2015","Died","Lindsey","No","Selasphorus","Female-like ","adult-like",0,"Spring","unknown","Selasphorus spp.","5212_ALHU","Selasphorus",2015-03-15
"2260","1/15/1999","Died","Lindsey","No","ANHU","Female-like ","adult-like",0,"Winter","suspect torpor-like state","Non-selasphorus spp.","1528_ANHU","Non-Selasphorus",1999-01-15
"2261","3/14/2014","Released","Lindsey","No","Non-selasphorus","unknown","Nestling",0,"Spring","caught by domestic animal","Non-selasphorus spp.","4902_ANHU","Selasphorus",2014-03-14
"2262","6/18/2008","Released","Lindsey","No","Non-selasphorus","unknown","Nestling",0,"Summer","caught by domestic animal","Non-selasphorus spp.","3528_ANHU","Selasphorus",2008-06-18
"2263","4/19/2001","Released","Lindsey","No","Selasphorus","unknown","Nestling",0,"Spring","caught by domestic animal","Selasphorus spp.","2020_ALHU","Selasphorus",2001-04-19
"2264","4/2/2009","Died","Lindsey","No","Selasphorus","Male","adult-like",0,"Spring","unknown","Selasphorus spp.","3674_RUHU","Selasphorus",2009-04-02
"2265","10/31/2001","Died","Lindsey","Yes","ANHU","Female-like ","adult-like",1,"Fall","found on the ground","Non-selasphorus spp.","2128_ANHU","Non-Selasphorus",2001-10-31
"2266","10/21/2002","Died","Lindsey","No","ANHU","Female-like ","adult-like",0,"Fall","caught by domestic animal","Non-selasphorus spp.","2341_ANHU","Non-Selasphorus",2002-10-21
"2267","3/29/1997","Died","Lindsey","No","ANHU","Female-like ","adult-like",0,"Spring","found on the ground","Non-selasphorus spp.","1197_ANHU","Non-Selasphorus",1997-03-29
"2268","1/13/2009","Died","Lindsey","No","ANHU","Male","adult-like",0,"Winter","window hit","Non-selasphorus spp.","3602_ANHU","Non-Selasphorus",2009-01-13
"2269","5/20/2006","Released","Lindsey","No","Non-selasphorus","unknown","Nestling",0,"Spring","nest-related","Non-selasphorus spp.","3094_ANHU","Selasphorus",2006-05-20
"2270","9/5/2012","Died","Lindsey","No","ANHU","Male","adult-like",0,"Fall","caught by domestic animal","Non-selasphorus spp.","4563_ANHU","Non-Selasphorus",2012-09-05
"2271","6/16/2016","Released","Lindsey","Yes","ANHU","Female-like ","adult-like",0,"Summer","found on the ground","Non-selasphorus spp.","5649_ANHU","Non-Selasphorus",2016-06-16
"2272","2/26/2010","Died","Lindsey","No","ANHU","Female-like ","adult-like",0,"Winter","caught by domestic animal","Non-selasphorus spp.","3872_ANHU","Non-Selasphorus",2010-02-26
"2273","2/21/2015","Released","malibu","No","Selasphorus","unknown","Nestling",0,"Winter","nest-related","Selasphorus spp.","6359_ALHU","Selasphorus",2015-02-21
"2274","4/5/2005","Released","Lindsey","Yes","Selasphorus","unknown","Nestling",0,"Spring","nest-related","Selasphorus spp.","2844_ALHU","Selasphorus",2005-04-05
"2275","2/15/2015","Died","Lindsey","No","ANHU","Male","adult-like",0,"Winter","window hit","Non-selasphorus spp.","5178_ANHU","Non-Selasphorus",2015-02-15
"2276","1/4/2014","Released","Lindsey","No","ANHU","Female-like ","adult-like",0,"Winter","window hit","Non-selasphorus spp.","4855_ANHU","Non-Selasphorus",2014-01-04
"2277","6/14/2004","Released","Lindsey","Yes","Non-selasphorus","unknown","Nestling",0,"Summer","found on the ground","Non-selasphorus spp.","2719_ANHU","Selasphorus",2004-06-14
"2278","11/14/2005","Died","Lindsey","No","ANHU","Female-like ","adult-like",0,"Fall","window hit","Non-selasphorus spp.","2983_ANHU","Non-Selasphorus",2005-11-14
"2279","7/19/2011","Died","Lindsey","No","ANHU","Female-like ","adult-like",0,"Summer","window hit","Non-selasphorus spp.","4279_ANHU","Non-Selasphorus",2011-07-19
"2280","6/11/1992","Died","Lindsey","No","Non-selasphorus","unknown","Nestling",0,"Summer","nest-related","Non-selasphorus spp.","314_ANHU","Selasphorus",1992-06-11
"2281","6/18/2016","Died","Santa Barbara","No","Selasphorus","Female-like ","adult-like",0,"Summer","found on the ground","Selasphorus spp.","6884_RUHU","Selasphorus",2016-06-18
"2282","6/27/2015","Released","malibu","No","ANHU","Female-like ","adult-like",0,"Summer","unknown","Non-selasphorus spp.","6592_ANHU","Non-Selasphorus",2015-06-27
"2283","4/3/2000","Died","Lindsey","Yes","ANHU","Female-like ","adult-like",0,"Spring","suspect torpor-like state","Non-selasphorus spp.","1782_ANHU","Non-Selasphorus",2000-04-03
"2284","4/14/2003","Released","Lindsey","No","Non-selasphorus","unknown","Nestling",1,"Spring","nest-related","Non-selasphorus spp.","2451_ANHU","Selasphorus",2003-04-14
"2285","6/20/2000","Released","Lindsey","No","Non-selasphorus","unknown","Nestling",0,"Summer","found on the ground","Non-selasphorus spp.","1861_BCHU","Selasphorus",2000-06-20
"2286","5/18/2012","Released","Lindsey","Yes","Non-selasphorus","unknown","Nestling",1,"Spring","nest-related","Non-selasphorus spp.","4473_ANHU","Selasphorus",2012-05-18
"2287","5/23/2000","Died","Lindsey","No","ANHU","Female-like ","adult-like",0,"Spring","found on the ground","Non-selasphorus spp.","1833_ANHU","Non-Selasphorus",2000-05-23
"2288","4/13/1995","Died","Lindsey","No","ANHU","Female-like ","adult-like",0,"Spring","found on the ground","Non-selasphorus spp.","814_ANHU","Non-Selasphorus",1995-04-13
"2289","6/6/2015","Released","Lindsey","Yes","Selasphorus","unknown","Nestling",0,"Summer","found on the ground","Selasphorus spp.","5363_ALHU","Selasphorus",2015-06-06
"2290","3/26/2012","Released","Lindsey","No","ANHU","Female-like ","adult-like",5,"Spring","found on the ground","Non-selasphorus spp.","4404_ANHU","Non-Selasphorus",2012-03-26
"2291","6/30/1993","Died","Lindsey","Yes","ANHU","Female-like ","adult-like",13,"Summer","unknown","Non-selasphorus spp.","512_ANHU","Non-Selasphorus",1993-06-30
"2292","2/11/2001","Died","Lindsey","No","ANHU","Female-like ","adult-like",0,"Winter","found on the ground","Non-selasphorus spp.","1956_ANHU","Non-Selasphorus",2001-02-11
"2293","6/19/2014","Died","malibu","Yes","Selasphorus","unknown","Nestling",4,"Summer","unknown","Selasphorus spp.","6146_ALHU","Selasphorus",2014-06-19
"2294","4/14/2013","Died","Lindsey","No","ANHU","Female-like ","adult-like",0,"Spring","found on the ground","Non-selasphorus spp.","4694_ANHU","Non-Selasphorus",2013-04-14
"2295","6/18/2014","Died","malibu","Yes","Selasphorus","Female-like ","adult-like",1,"Summer","found on the ground","Selasphorus spp.","6142_ALHU","Selasphorus",2014-06-18
"2296","7/3/2010","Released","Lindsey","Yes","Non-selasphorus","unknown","Nestling",0,"Summer","nest-related","Non-selasphorus spp.","4016_ANHU","Selasphorus",2010-07-03
"2297","9/12/1993","Died","Lindsey","No","ANHU","Female-like ","adult-like",0,"Fall","caught by domestic animal","Non-selasphorus spp.","541_ANHU","Non-Selasphorus",1993-09-12
"2298","4/28/2016","Released","malibu","No","Non-selasphorus","unknown","Nestling",0,"Spring","unknown","Non-selasphorus spp.","6594_ANHU","Selasphorus",2016-04-28
"2299","3/2/2012","Released","Lindsey","No","Non-selasphorus","unknown","Nestling",0,"Spring","unknown","Non-selasphorus spp.","4371_ANHU","Selasphorus",2012-03-02
"2300","2/21/2007","Died","Lindsey","No","Non-selasphorus","unknown","Nestling",0,"Winter","nest-related","Non-selasphorus spp.","3206_ANHU","Selasphorus",2007-02-21
"2301","12/4/2013","Died","malibu","No","ANHU","Female-like ","adult-like",1,"Winter","caught by domestic animal","Non-selasphorus spp.","5924_ANHU","Non-Selasphorus",2013-12-04
"2302","3/12/2009","Died","Lindsey","No","ANHU","Male","adult-like",0,"Spring","found on the ground","Non-selasphorus spp.","3646_ANHU","Non-Selasphorus",2009-03-12
"2303","3/23/1996","Released","Lindsey","No","Non-selasphorus","unknown","Nestling",0,"Spring","found on the ground","Non-selasphorus spp.","990_ANHU","Selasphorus",1996-03-23
"2304","2/20/2002","Released","Lindsey","Yes","ANHU","Female-like ","adult-like",1,"Winter","found on the ground","Non-selasphorus spp.","2159_ANHU","Non-Selasphorus",2002-02-20
"2305","3/22/2016","Died","Lindsey","No","ANHU","Female-like ","adult-like",0,"Spring","found inside","Non-selasphorus spp.","5544_ANHU","Non-Selasphorus",2016-03-22
"2306","2/17/1998","Died","Lindsey","No","ANHU","Female-like ","adult-like",0,"Winter","window hit","Non-selasphorus spp.","1335_ANHU","Non-Selasphorus",1998-02-17
"2307","1/11/2016","Died","Lindsey","No","ANHU","Female-like ","adult-like",0,"Winter","unknown","Non-selasphorus spp.","5471_ANHU","Non-Selasphorus",2016-01-11
"2308","2/26/1992","Died","Lindsey","No","Non-selasphorus","unknown","Nestling",0,"Winter","unknown","Non-selasphorus spp.","213_ANHU","Selasphorus",1992-02-26
"2309","11/21/2013","Died","Lindsey","No","ANHU","Male","adult-like",0,"Fall","window hit","Non-selasphorus spp.","4830_ANHU","Non-Selasphorus",2013-11-21
"2310","7/11/1996","Died","Lindsey","No","ANHU","Female-like ","adult-like",0,"Summer","window hit","Non-selasphorus spp.","1100_ANHU","Non-Selasphorus",1996-07-11
"2311","3/30/2000","Died","Lindsey","No","ANHU","Female-like ","adult-like",0,"Spring","window hit","Non-selasphorus spp.","1774_ANHU","Non-Selasphorus",2000-03-30
"2312","8/19/2001","Died","Lindsey","No","Selasphorus","Female-like ","adult-like",0,"Summer","found on the ground","Selasphorus spp.","2115_ALHU","Selasphorus",2001-08-19
"2313","7/3/1995","Died","Lindsey","Yes","ANHU","Female-like ","adult-like",32,"Summer","found on the ground","Non-selasphorus spp.","889_ANHU","Non-Selasphorus",1995-07-03
"2314","4/8/2004","Died","Lindsey","Yes","Non-selasphorus","unknown","Nestling",1,"Spring","nest-related","Non-selasphorus spp.","2654_ANHU","Selasphorus",2004-04-08
"2315","6/3/2013","Released","Lindsey","No","Non-selasphorus","unknown","Nestling",0,"Summer","nest-related","Non-selasphorus spp.","4744_ANHU","Selasphorus",2013-06-03
"2316","4/9/2000","Died","Lindsey","No","ANHU","Female-like ","adult-like",0,"Spring","nest-related","Non-selasphorus spp.","1787_ANHU","Non-Selasphorus",2000-04-09
"2317","6/16/2014","Died","Lindsey","Yes","ANHU","Male","adult-like",1,"Summer","found on the ground","Non-selasphorus spp.","5053_ANHU","Non-Selasphorus",2014-06-16
"2318","3/20/2013","Released","Lindsey","No","Non-selasphorus","unknown","Nestling",1,"Spring","found on the ground","Non-selasphorus spp.","4650_ANHU","Selasphorus",2013-03-20
"2319","4/16/2002","Released","Lindsey","Yes","Non-selasphorus","unknown","Nestling",0,"Spring","unknown","Non-selasphorus spp.","2218_ANHU","Selasphorus",2002-04-16
"2320","6/4/2008","Died","Lindsey","Yes","ANHU","Female-like ","adult-like",0,"Summer","found on the ground","Non-selasphorus spp.","3510_ANHU","Non-Selasphorus",2008-06-04
"2321","4/15/2007","Died","Lindsey","No","ANHU","Female-like ","adult-like",0,"Spring","caught by domestic animal","Non-selasphorus spp.","3253_ANHU","Non-Selasphorus",2007-04-15
"2322","5/27/2004","Died","Lindsey","Yes","ANHU","Female-like ","adult-like",1,"Spring","caught by domestic animal","Non-selasphorus spp.","2702_ANHU","Non-Selasphorus",2004-05-27
"2323","7/2/2010","Died","Lindsey","No","Non-selasphorus","unknown","Nestling",0,"Summer","found on the ground","Non-selasphorus spp.","4012_ANHU","Selasphorus",2010-07-02
"2324","3/19/2016","Released","Santa Barbara","Yes","Selasphorus","unknown","Nestling",0,"Spring","nest-related","Selasphorus spp.","6852_ALHU","Selasphorus",2016-03-19
"2325","4/21/2011","Released","Lindsey","No","ANHU","Female-like ","adult-like",0,"Spring","window hit","Non-selasphorus spp.","4182_ANHU","Non-Selasphorus",2011-04-21
"2326","4/4/2014","Released","Lindsey","No","ANHU","Male","adult-like",0,"Spring","found on the ground","Non-selasphorus spp.","4936_ANHU","Non-Selasphorus",2014-04-04
"2327","2/1/2002","Died","Lindsey","No","ANHU","Female-like ","adult-like",0,"Winter","window hit","Non-selasphorus spp.","2150_ANHU","Non-Selasphorus",2002-02-01
"2328","10/15/2009","Died","Lindsey","No","ANHU","Male","adult-like",0,"Fall","found on the ground","Non-selasphorus spp.","3824_ANHU","Non-Selasphorus",2009-10-15
"2329","6/5/2013","Died","malibu","Yes","Selasphorus","Female-like ","adult-like",0,"Summer","window hit","Selasphorus spp.","5838_ALHU","Selasphorus",2013-06-05
"2330","4/4/2015","Died","malibu","Yes","ANHU","Female-like ","adult-like",0,"Spring","window hit","Non-selasphorus spp.","6380_ANHU","Non-Selasphorus",2015-04-04
"2331","8/11/2008","Died","Lindsey","Yes","Non-selasphorus","unknown","Nestling",0,"Summer","nest-related","Non-selasphorus spp.","3563_BCHU","Selasphorus",2008-08-11
"2332","1/17/1992","Died","Lindsey","No","ANHU","Female-like ","adult-like",0,"Winter","unknown","Non-selasphorus spp.","199_ANHU","Non-Selasphorus",1992-01-17
"2333","6/1/2000","Released","Lindsey","Yes","ANHU","Female-like ","adult-like",2,"Summer","caught by domestic animal","Non-selasphorus spp.","1839_ANHU","Non-Selasphorus",2000-06-01
"2334","2/27/2013","Died","malibu","No","ANHU","Female-like ","adult-like",0,"Winter","unknown","Non-selasphorus spp.","5917_ANHU","Non-Selasphorus",2013-02-27
"2335","6/15/2004","Released","Lindsey","No","ANHU","Female-like ","adult-like",0,"Summer","found on the ground","Non-selasphorus spp.","2720_ANHU","Non-Selasphorus",2004-06-15
"2336","2/26/2000","Released","Lindsey","No","Non-selasphorus","unknown","Nestling",0,"Winter","nest-related","Non-selasphorus spp.","1747_ANHU","Selasphorus",2000-02-26
"2337","3/29/2005","Died","Lindsey","Yes","Non-selasphorus","unknown","Nestling",1,"Spring","found on the ground","Non-selasphorus spp.","2831_ANHU","Selasphorus",2005-03-29
"2338","8/5/2015","Died","Lindsey","No","ANHU","Female-like ","adult-like",0,"Summer","window hit","Non-selasphorus spp.","5427_ANHU","Non-Selasphorus",2015-08-05
"2339","5/31/2010","Died","Lindsey","No","ANHU","Female-like ","adult-like",0,"Spring","found on the ground","Non-selasphorus spp.","3971_ANHU","Non-Selasphorus",2010-05-31
"2340","11/23/1993","Died","Lindsey","No","ANHU","Female-like ","adult-like",0,"Fall","found on the ground","Non-selasphorus spp.","556_ANHU","Non-Selasphorus",1993-11-23
"2341","1/7/2010","Died","Lindsey","No","ANHU","Male","adult-like",1,"Winter","window hit","Non-selasphorus spp.","3843_ANHU","Non-Selasphorus",2010-01-07
"2342","6/1/1996","Released","Lindsey","No","Non-selasphorus","unknown","Nestling",0,"Summer","nest-related","Non-selasphorus spp.","1064_ANHU","Selasphorus",1996-06-01
"2343","4/21/2014","Released","malibu","No","Selasphorus","Female-like ","adult-like",0,"Spring","unknown","Selasphorus spp.","6275_ALHU","Selasphorus",2014-04-21
"2344","2/2/2010","Died","Lindsey","No","ANHU","Male","adult-like",0,"Winter","found on the ground","Non-selasphorus spp.","3854_ANHU","Non-Selasphorus",2010-02-02
"2345","3/17/2015","Died","malibu","No","Selasphorus","Female-like ","adult-like",1,"Spring","unknown","Selasphorus spp.","6369_ALHU","Selasphorus",2015-03-17
"2346","5/17/1999","Died","Lindsey","Yes","Selasphorus","unknown","Nestling",1,"Spring","nest-related","Selasphorus spp.","1636_ALHU","Selasphorus",1999-05-17
"2347","2/24/2009","Died","Lindsey","Yes","ANHU","Male","adult-like",0,"Winter","window hit","Non-selasphorus spp.","3624_ANHU","Non-Selasphorus",2009-02-24
"2348","11/23/2001","Died","Lindsey","No","ANHU","Female-like ","adult-like",0,"Fall","unknown","Non-selasphorus spp.","2132_ANHU","Non-Selasphorus",2001-11-23
"2349","6/3/2005","Released","Lindsey","No","ANHU","Female-like ","adult-like",0,"Summer","found on the ground","Non-selasphorus spp.","2902_ANHU","Non-Selasphorus",2005-06-03
"2350","7/9/2009","Died","Lindsey","Yes","ANHU","Male","adult-like",3,"Summer","found on the ground","Non-selasphorus spp.","3783_ANHU","Non-Selasphorus",2009-07-09
"2351","11/13/2000","Died","Lindsey","No","ANHU","Female-like ","adult-like",0,"Fall","found on the ground","Non-selasphorus spp.","1928_ANHU","Non-Selasphorus",2000-11-13
"2352","6/20/2013","Released","malibu","No","Selasphorus","Female-like ","adult-like",1,"Summer","unknown","Selasphorus spp.","5998_ALHU","Selasphorus",2013-06-20
"2353","1/20/2006","Died","Lindsey","No","ANHU","Female-like ","adult-like",1,"Winter","found on the ground","Non-selasphorus spp.","2990_ANHU","Non-Selasphorus",2006-01-20
"2354","4/6/2013","Died","malibu","No","ANHU","Female-like ","adult-like",0,"Spring","unknown","Non-selasphorus spp.","5928_ANHU","Non-Selasphorus",2013-04-06
"2355","5/7/2012","Died","Lindsey","No","Selasphorus","unknown","Nestling",0,"Spring","unknown","Selasphorus spp.","4461_ALHU","Selasphorus",2012-05-07
"2356","4/12/2012","Died","Lindsey","Yes","ANHU","Female-like ","adult-like",0,"Spring","window hit","Non-selasphorus spp.","4427_ANHU","Non-Selasphorus",2012-04-12
"2357","4/11/1993","Died","Lindsey","No","ANHU","Female-like ","adult-like",0,"Spring","found on the ground","Non-selasphorus spp.","433_ANHU","Non-Selasphorus",1993-04-11
"2358","2/9/2010","Released","Lindsey","No","ANHU","Male","adult-like",0,"Winter","window hit","Non-selasphorus spp.","3857_ANHU","Non-Selasphorus",2010-02-09
"2359","9/30/2013","Died","malibu","Yes","ANHU","Male","adult-like",3,"Fall","unknown","Non-selasphorus spp.","5896_ANHU","Non-Selasphorus",2013-09-30
"2360","7/5/2009","Died","Lindsey","Yes","ANHU","Female-like ","adult-like",1,"Summer","caught by domestic animal","Non-selasphorus spp.","3778_ANHU","Non-Selasphorus",2009-07-05
"2361","6/10/2013","Died","malibu","No","Selasphorus","Female-like ","adult-like",0,"Summer","unknown","Selasphorus spp.","5967_ALHU","Selasphorus",2013-06-10
"2362","7/17/1995","Released","Lindsey","Yes","Selasphorus","Female-like ","adult-like",2,"Summer","found on the ground","Selasphorus spp.","900_ALHU","Selasphorus",1995-07-17
"2363","6/4/1992","Died","Lindsey","Yes","BCHU","Female-like ","adult-like",4,"Summer","nest-related","Non-selasphorus spp.","301_BCHU","Non-Selasphorus",1992-06-04
"2364","5/23/1991","Released","Lindsey","Yes","ANHU","Female-like ","adult-like",5,"Spring","unknown","Non-selasphorus spp.","99_ANHU","Non-Selasphorus",1991-05-23
"2365","3/25/2007","Died","Lindsey","No","Selasphorus","Female-like ","adult-like",0,"Spring","window hit","Selasphorus spp.","3234_RUHU","Selasphorus",2007-03-25
"2366","11/29/2002","Died","Lindsey","No","ANHU","Female-like ","adult-like",1,"Fall","found on the ground","Non-selasphorus spp.","2355_ANHU","Non-Selasphorus",2002-11-29
"2367","4/21/1999","Died","Lindsey","No","ANHU","Female-like ","adult-like",0,"Spring","found on the ground","Non-selasphorus spp.","1602_ANHU","Non-Selasphorus",1999-04-21
"2368","8/7/2013","Died","Lindsey","Yes","ANHU","Female-like ","adult-like",1,"Summer","suspect torpor-like state","Non-selasphorus spp.","4801_ANHU","Non-Selasphorus",2013-08-07
"2369","10/15/2014","Died","Lindsey","Yes","ANHU","Female-like ","adult-like",1,"Fall","found on the ground","Non-selasphorus spp.","5116_ANHU","Non-Selasphorus",2014-10-15
"2370","1/9/2014","Died","malibu","Yes","Selasphorus","Female-like ","adult-like",1,"Winter","unknown","Selasphorus spp.","6027_ALHU","Selasphorus",2014-01-09
"2371","4/14/2013","Died","Lindsey","No","Non-selasphorus","unknown","Nestling",1,"Spring","nest-related","Non-selasphorus spp.","4692_ANHU","Selasphorus",2013-04-14
"2372","5/9/2011","Died","Lindsey","No","ANHU","Female-like ","adult-like",1,"Spring","window hit","Non-selasphorus spp.","4201_ANHU","Non-Selasphorus",2011-05-09
"2373","4/15/2013","Died","malibu","No","Selasphorus","unknown","Nestling",1,"Spring","unknown","Selasphorus spp.","5774_ALHU","Selasphorus",2013-04-15
"2374","12/12/2011","Released","Lindsey","No","ANHU","Male","adult-like",0,"Winter","window hit","Non-selasphorus spp.","4334_ANHU","Non-Selasphorus",2011-12-12
"2375","11/26/2010","Released","Lindsey","Yes","ANHU","Male","adult-like",0,"Fall","unknown","Non-selasphorus spp.","4076_ANHU","Non-Selasphorus",2010-11-26
"2376","2/1/2014","Died","Lindsey","No","ANHU","Female-like ","adult-like",0,"Winter","found on the ground","Non-selasphorus spp.","4868_ANHU","Non-Selasphorus",2014-02-01
"2377","5/21/2016","Died","Santa Barbara","Yes","ANHU","Female-like ","adult-like",0,"Spring","unknown","Non-selasphorus spp.","6876_ANHU","Non-Selasphorus",2016-05-21
"2378","4/4/1993","Died","Lindsey","Yes","ANHU","Female-like ","adult-like",0,"Spring","found on the ground","Non-selasphorus spp.","418_ANHU","Non-Selasphorus",1993-04-04
"2379","6/22/2003","Died","Lindsey","Yes","ANHU","Female-like ","adult-like",1,"Summer","caught by domestic animal","Non-selasphorus spp.","2522_ANHU","Non-Selasphorus",2003-06-22
"2380","6/21/2014","Died","Lindsey","No","ANHU","Female-like ","adult-like",0,"Summer","unknown","Non-selasphorus spp.","5058_ANHU","Non-Selasphorus",2014-06-21
"2381","4/17/2015","Died","malibu","No","Selasphorus","Female-like ","adult-like",1,"Spring","unknown","Selasphorus spp.","6395_ALHU","Selasphorus",2015-04-17
"2382","6/14/2015","Died","Lindsey","No","ANHU","Female-like ","adult-like",0,"Summer","found on the ground","Non-selasphorus spp.","5381_ANHU","Non-Selasphorus",2015-06-14
"2383","4/17/1994","Died","Lindsey","No","ANHU","Female-like ","adult-like",0,"Spring","found on the ground","Non-selasphorus spp.","621_ANHU","Non-Selasphorus",1994-04-17
"2384","5/30/1996","Died","Lindsey","Yes","ANHU","Female-like ","adult-like",21,"Spring","found on the ground","Non-selasphorus spp.","1056_ANHU","Non-Selasphorus",1996-05-30
"2385","3/20/2013","Died","Lindsey","No","ANHU","Female-like ","adult-like",0,"Spring","found inside","Non-selasphorus spp.","4651_ANHU","Non-Selasphorus",2013-03-20
"2386","7/5/2001","Died","Lindsey","No","ANHU","Female-like ","adult-like",0,"Summer","found inside","Non-selasphorus spp.","2086_ANHU","Non-Selasphorus",2001-07-05
"2387","4/13/2011","Released","Lindsey","Yes","ANHU","Female-like ","adult-like",1,"Spring","unknown","Non-selasphorus spp.","4169_ANHU","Non-Selasphorus",2011-04-13
"2388","2/5/1992","Released","Lindsey","Yes","ANHU","Female-like ","adult-like",0,"Winter","found on the ground","Non-selasphorus spp.","204_ANHU","Non-Selasphorus",1992-02-05
"2389","3/12/2004","Released","Lindsey","No","Non-selasphorus","unknown","Nestling",0,"Spring","nest-related","Non-selasphorus spp.","2634_ANHU","Selasphorus",2004-03-12
"2390","5/11/1998","Released","Lindsey","Yes","Non-selasphorus","unknown","Nestling",1,"Spring","found on the ground","Non-selasphorus spp.","1411_ANHU","Selasphorus",1998-05-11
"2391","4/16/2000","Died","Lindsey","No","Non-selasphorus","unknown","Nestling",1,"Spring","nest-related","Non-selasphorus spp.","1795_ANHU","Selasphorus",2000-04-16
"2392","2/11/2005","Died","Lindsey","No","ANHU","Female-like ","adult-like",0,"Winter","found on the ground","Non-selasphorus spp.","2797_ANHU","Non-Selasphorus",2005-02-11
"2393","5/13/1994","Released","Lindsey","No","ANHU","Female-like ","adult-like",0,"Spring","found on the ground","Non-selasphorus spp.","640_ANHU","Non-Selasphorus",1994-05-13
"2394","5/19/2015","Died","Lindsey","No","ANHU","Female-like ","adult-like",0,"Spring","found on the ground","Non-selasphorus spp.","5325_ANHU","Non-Selasphorus",2015-05-19
"2395","6/24/2009","Released","Lindsey","Yes","Non-selasphorus","unknown","Nestling",1,"Summer","found on the ground","Non-selasphorus spp.","3766_ANHU","Selasphorus",2009-06-24
"2396","3/21/2013","Died","Lindsey","Yes","ANHU","Male","adult-like",0,"Spring","found on the ground","Non-selasphorus spp.","4652_ANHU","Non-Selasphorus",2013-03-21
"2397","4/12/2008","Released","Lindsey","No","Non-selasphorus","unknown","Nestling",1,"Spring","nest-related","Non-selasphorus spp.","3468_ANHU","Selasphorus",2008-04-12
"2398","3/20/2004","Died","Lindsey","Yes","ANHU","Female-like ","adult-like",1,"Spring","found on the ground","Non-selasphorus spp.","2640_ANHU","Non-Selasphorus",2004-03-20
"2399","11/8/2002","Died","Lindsey","Yes","ANHU","Female-like ","adult-like",0,"Fall","found on the ground","Non-selasphorus spp.","2346_ANHU","Non-Selasphorus",2002-11-08
"2400","3/23/1994","Released","Lindsey","Yes","Non-selasphorus","unknown","Nestling",1,"Spring","nest-related","Non-selasphorus spp.","593_ANHU","Selasphorus",1994-03-23
"2401","6/30/2010","Died","Lindsey","Yes","Non-selasphorus","unknown","Nestling",1,"Summer","nest-related","Non-selasphorus spp.","4009_ANHU","Selasphorus",2010-06-30
"2402","4/6/1991","Died","Lindsey","No","ANHU","Female-like ","adult-like",1,"Spring","unknown","Non-selasphorus spp.","60_ANHU","Non-Selasphorus",1991-04-06
"2403","6/30/2006","Released","Lindsey","Yes","ANHU","Female-like ","adult-like",0,"Summer","found on the ground","Non-selasphorus spp.","3130_ANHU","Non-Selasphorus",2006-06-30
"2404","2/9/2004","Died","Lindsey","No","ANHU","Female-like ","adult-like",0,"Winter","caught by domestic animal","Non-selasphorus spp.","2605_ANHU","Non-Selasphorus",2004-02-09
"2405","3/17/2006","Released","Lindsey","No","ANHU","Female-like ","adult-like",0,"Spring","found on the ground","Non-selasphorus spp.","3028_ANHU","Non-Selasphorus",2006-03-17
"2406","5/5/1991","Died","Lindsey","No","ANHU","Female-like ","adult-like",0,"Spring","found on the ground","Non-selasphorus spp.","89_ANHU","Non-Selasphorus",1991-05-05
"2407","3/4/2013","Died","malibu","No","Selasphorus","Female-like ","adult-like",0,"Spring","unknown","Selasphorus spp.","5751_ALHU","Selasphorus",2013-03-04
"2408","1/24/2009","Released","Lindsey","No","ANHU","Male","adult-like",0,"Winter","caught by domestic animal","Non-selasphorus spp.","3606_ANHU","Non-Selasphorus",2009-01-24
"2409","5/26/2001","Released","Lindsey","Yes","Non-selasphorus","unknown","Nestling",1,"Spring","found on the ground","Non-selasphorus spp.","2050_ANHU","Selasphorus",2001-05-26
"2410","4/16/2015","Died","Lindsey","No","ANHU","Male","adult-like",0,"Spring","window hit","Non-selasphorus spp.","5276_ANHU","Non-Selasphorus",2015-04-16
"2411","2/20/2016","Died","Lindsey","No","ANHU","Female-like ","adult-like",0,"Winter","found on the ground","Non-selasphorus spp.","5497_ANHU","Non-Selasphorus",2016-02-20
"2412","3/26/2013","Released","malibu","No","Selasphorus","unknown","Nestling",0,"Spring","nest-related","Selasphorus spp.","5761_ALHU","Selasphorus",2013-03-26
"2413","1/27/2005","Released","Lindsey","Yes","ANHU","Female-like ","adult-like",1,"Winter","found on the ground","Non-selasphorus spp.","2788_ANHU","Non-Selasphorus",2005-01-27
"2414","5/27/2012","Died","Lindsey","Yes","Selasphorus","Female-like ","adult-like",0,"Spring","found on the ground","Selasphorus spp.","4481_ALHU","Selasphorus",2012-05-27
"2415","3/20/2002","Released","Lindsey","No","Non-selasphorus","unknown","Nestling",0,"Spring","nest-related","Non-selasphorus spp.","2180_ANHU","Selasphorus",2002-03-20
"2416","4/26/2012","Released","Lindsey","Yes","ANHU","Male","adult-like",0,"Spring","found inside","Non-selasphorus spp.","4444_ANHU","Non-Selasphorus",2012-04-26
"2417","5/16/2014","Died","malibu","Yes","Selasphorus","unknown","Nestling",0,"Spring","nest-related","Selasphorus spp.","6228_ALHU","Selasphorus",2014-05-16
"2418","6/1/2007","Released","Lindsey","No","Non-selasphorus","unknown","Nestling",0,"Summer","nest-related","Non-selasphorus spp.","3304_ANHU","Selasphorus",2007-06-01
"2419","6/4/2005","Died","Lindsey","Yes","ANHU","Female-like ","adult-like",0,"Summer","found on the ground","Non-selasphorus spp.","2904_ANHU","Non-Selasphorus",2005-06-04
"2420","6/9/2010","Died","Lindsey","No","Selasphorus","Female-like ","adult-like",0,"Summer","found on the ground","Selasphorus spp.","3980_ALHU","Selasphorus",2010-06-09
"2421","6/7/2013","Released","Lindsey","Yes","Non-selasphorus","unknown","Nestling",1,"Summer","found on the ground","Non-selasphorus spp.","4748_ANHU","Selasphorus",2013-06-07
"2422","1/14/2015","Died","Lindsey","No","ANHU","Female-like ","adult-like",0,"Winter","window hit","Non-selasphorus spp.","5149_ANHU","Non-Selasphorus",2015-01-14
"2423","6/2/1994","Died","Lindsey","No","ANHU","Female-like ","adult-like",0,"Summer","caught by domestic animal","Non-selasphorus spp.","660_ANHU","Non-Selasphorus",1994-06-02
"2424","4/17/2009","Released","Lindsey","No","ANHU","Female-like ","adult-like",0,"Spring","caught by domestic animal","Non-selasphorus spp.","3694_ANHU","Non-Selasphorus",2009-04-17
"2425","4/11/1998","Died","Lindsey","Yes","Selasphorus","Female-like ","adult-like",1,"Spring","window hit","Selasphorus spp.","1375_RUHU","Selasphorus",1998-04-11
"2426","12/29/2014","Died","Lindsey","No","ANHU","Male","adult-like",0,"Winter","found on the ground","Non-selasphorus spp.","5143_ANHU","Non-Selasphorus",2014-12-29
"2427","3/21/2016","Released","Lindsey","Yes","ANHU","Female-like ","adult-like",0,"Spring","found on the ground","Non-selasphorus spp.","5543_ANHU","Non-Selasphorus",2016-03-21
"2428","4/21/2004","Died","Lindsey","No","ANHU","Female-like ","adult-like",0,"Spring","unknown","Non-selasphorus spp.","2667_ANHU","Non-Selasphorus",2004-04-21
"2429","4/7/2004","Released","Lindsey","No","ANHU","Female-like ","adult-like",0,"Spring","caught by domestic animal","Non-selasphorus spp.","2652_ANHU","Non-Selasphorus",2004-04-07
"2430","6/3/2002","Died","Lindsey","Yes","ANHU","Female-like ","adult-like",0,"Summer","caught by domestic animal","Non-selasphorus spp.","2265_ANHU","Non-Selasphorus",2002-06-03
"2431","5/11/1995","Died","Lindsey","No","Selasphorus","unknown","Nestling",0,"Spring","unknown","Selasphorus spp.","840_ALHU","Selasphorus",1995-05-11
"2432","5/4/2011","Died","Lindsey","No","ANHU","Female-like ","adult-like",0,"Spring","unknown","Non-selasphorus spp.","4196_ANHU","Non-Selasphorus",2011-05-04
"2433","5/14/2015","Released","malibu","No","Selasphorus","unknown","Nestling",0,"Spring","unknown","Selasphorus spp.","6604_ALHU","Selasphorus",2015-05-14
"2434","6/12/1993","Died","Lindsey","No","ANHU","Female-like ","adult-like",0,"Summer","caught by domestic animal","Non-selasphorus spp.","494_ANHU","Non-Selasphorus",1993-06-12
"2435","4/11/2012","Died","Lindsey","No","ANHU","Male","adult-like",0,"Spring","found on the ground","Non-selasphorus spp.","4425_ANHU","Non-Selasphorus",2012-04-11
"2436","3/28/2013","Released","malibu","No","Selasphorus","unknown","Nestling",0,"Spring","nest-related","Selasphorus spp.","5765_ALHU","Selasphorus",2013-03-28
"2437","3/17/2007","Died","Lindsey","Yes","ANHU","Female-like ","adult-like",0,"Spring","suspect torpor-like state","Non-selasphorus spp.","3225_ANHU","Non-Selasphorus",2007-03-17
"2438","1/16/1992","Died","Lindsey","No","ANHU","Female-like ","adult-like",0,"Winter","caught by domestic animal","Non-selasphorus spp.","198_ANHU","Non-Selasphorus",1992-01-16
"2439","4/30/2004","Released","Lindsey","No","Non-selasphorus","unknown","Nestling",0,"Spring","found on the ground","Non-selasphorus spp.","2680_ANHU","Selasphorus",2004-04-30
"2440","9/6/2000","Died","Lindsey","No","ANHU","Female-like ","adult-like",0,"Fall","window hit","Non-selasphorus spp.","1907_ANHU","Non-Selasphorus",2000-09-06
"2441","6/4/2016","Died","Lindsey","Yes","ANHU","Female-like ","adult-like",1,"Summer","caught by domestic animal","Non-selasphorus spp.","5624_ANHU","Non-Selasphorus",2016-06-04
"2442","2/9/2015","Died","malibu","Yes","Selasphorus","Female-like ","adult-like",1,"Winter","found on the ground","Selasphorus spp.","6353_ALHU","Selasphorus",2015-02-09
"2443","6/8/2007","Died","Lindsey","No","ANHU","Female-like ","adult-like",0,"Summer","found on the ground","Non-selasphorus spp.","3313_ANHU","Non-Selasphorus",2007-06-08
"2444","10/15/2016","Died","malibu","Yes","Selasphorus","Male","adult-like",3,"Fall","unknown","Selasphorus spp.","6813_ALHU","Selasphorus",2016-10-15
"2445","3/3/1997","Died","Lindsey","Yes","Non-selasphorus","unknown","Nestling",0,"Spring","found on the ground","Non-selasphorus spp.","1166_ANHU","Selasphorus",1997-03-03
"2446","6/9/1998","Released","Lindsey","Yes","Selasphorus","unknown","Nestling",0,"Summer","nest-related","Selasphorus spp.","1437_ALHU","Selasphorus",1998-06-09
"2447","4/27/2014","Released","malibu","No","Selasphorus","Female-like ","adult-like",0,"Spring","unknown","Selasphorus spp.","6285_ALHU","Selasphorus",2014-04-27
"2448","4/12/2016","Died","malibu","Yes","Selasphorus","unknown","Nestling",0,"Spring","found on the ground","Selasphorus spp.","6693_ALHU","Selasphorus",2016-04-12
"2449","8/10/1993","Died","Lindsey","No","Selasphorus","Female-like ","adult-like",0,"Summer","caught by domestic animal","Selasphorus spp.","536_ALHU","Selasphorus",1993-08-10
"2450","7/26/2016","Died","Santa Barbara","No","ANHU","Female-like ","adult-like",0,"Summer","found on the ground","Non-selasphorus spp.","6910_ANHU","Non-Selasphorus",2016-07-26
"2451","7/5/2005","Died","Lindsey","No","ANHU","Female-like ","adult-like",0,"Summer","found on the ground","Non-selasphorus spp.","2948_ANHU","Non-Selasphorus",2005-07-05
"2452","6/26/1992","Released","Lindsey","No","ANHU","Female-like ","adult-like",1,"Summer","unknown","Non-selasphorus spp.","331_ANHU","Non-Selasphorus",1992-06-26
"2453","4/27/2016","Released","malibu","No","Selasphorus","Female-like ","adult-like",0,"Spring","unknown","Selasphorus spp.","6700_ALHU","Selasphorus",2016-04-27
"2454","3/21/2008","Released","Lindsey","No","ANHU","Female-like ","adult-like",0,"Spring","found on the ground","Non-selasphorus spp.","3442_ANHU","Non-Selasphorus",2008-03-21
"2455","6/17/2015","Released","malibu","Yes","ANHU","Female-like ","adult-like",2,"Summer","found on the ground","Non-selasphorus spp.","6463_ANHU","Non-Selasphorus",2015-06-17
"2456","2/12/2004","Died","Lindsey","No","ANHU","Female-like ","adult-like",0,"Winter","found on the ground","Non-selasphorus spp.","2606_ANHU","Non-Selasphorus",2004-02-12
"2457","10/28/1996","Died","Lindsey","No","ANHU","Female-like ","adult-like",0,"Fall","found on the ground","Non-selasphorus spp.","1130_ANHU","Non-Selasphorus",1996-10-28
"2458","4/13/2009","Died","Lindsey","No","Non-selasphorus","unknown","Nestling",0,"Spring","nest-related","Non-selasphorus spp.","3689_ANHU","Selasphorus",2009-04-13
"2459","3/25/2000","Died","Lindsey","Yes","ANHU","Female-like ","adult-like",6,"Spring","found on the ground","Non-selasphorus spp.","1771_ANHU","Non-Selasphorus",2000-03-25
"2460","7/24/2016","Died","Lindsey","No","ANHU","Female-like ","adult-like",0,"Summer","found on the ground","Non-selasphorus spp.","5688_ANHU","Non-Selasphorus",2016-07-24
"2461","10/12/1996","Died","Lindsey","Yes","ANHU","Female-like ","adult-like",1,"Fall","caught by domestic animal","Non-selasphorus spp.","1125_ANHU","Non-Selasphorus",1996-10-12
"2462","2/25/2001","Died","Lindsey","No","ANHU","Female-like ","adult-like",0,"Winter","found on the ground","Non-selasphorus spp.","1965_ANHU","Non-Selasphorus",2001-02-25
"2463","4/11/2007","Died","Lindsey","Yes","ANHU","Female-like ","adult-like",1,"Spring","window hit","Non-selasphorus spp.","3250_ANHU","Non-Selasphorus",2007-04-11
"2464","6/16/2006","Died","Lindsey","No","Non-selasphorus","unknown","Nestling",0,"Summer","found on the ground","Non-selasphorus spp.","3112_ANHU","Selasphorus",2006-06-16
"2465","5/3/1999","Died","Lindsey","No","ANHU","Female-like ","adult-like",0,"Spring","found on the ground","Non-selasphorus spp.","1620_ANHU","Non-Selasphorus",1999-05-03
"2466","3/11/2014","Released","Lindsey","No","ANHU","Male","adult-like",0,"Spring","found on the ground","Non-selasphorus spp.","4895_ANHU","Non-Selasphorus",2014-03-11
"2467","4/11/1994","Died","Lindsey","No","Non-selasphorus","unknown","Nestling",0,"Spring","nest-related","Non-selasphorus spp.","609_ANHU","Selasphorus",1994-04-11
"2468","4/9/2009","Died","Lindsey","Yes","ANHU","Male","adult-like",1,"Spring","suspect torpor-like state","Non-selasphorus spp.","3685_ANHU","Non-Selasphorus",2009-04-09
"2469","4/30/2001","Released","Lindsey","No","Non-selasphorus","unknown","Nestling",0,"Spring","nest-related","Non-selasphorus spp.","2033_ANHU","Selasphorus",2001-04-30
"2470","9/18/2015","Released","malibu","No","Selasphorus","Female-like ","adult-like",180,"Fall","unknown","Selasphorus spp.","6508_ALHU","Selasphorus",2015-09-18
"2471","6/3/1996","Died","Lindsey","Yes","Non-selasphorus","unknown","Nestling",1,"Summer","caught by domestic animal","Non-selasphorus spp.","1067_ANHU","Selasphorus",1996-06-03
"2472","3/13/2014","Died","malibu","Yes","ANHU","Female-like ","adult-like",1,"Spring","unknown","Non-selasphorus spp.","6061_ANHU","Non-Selasphorus",2014-03-13
"2473","1/11/2008","Died","Lindsey","No","ANHU","Male","adult-like",0,"Winter","suspect torpor-like state","Non-selasphorus spp.","3400_ANHU","Non-Selasphorus",2008-01-11
"2474","9/6/1995","Died","Lindsey","No","ANHU","Female-like ","adult-like",0,"Fall","window hit","Non-selasphorus spp.","923_ANHU","Non-Selasphorus",1995-09-06
"2475","8/4/1997","Died","Lindsey","No","BCHU","Female-like ","adult-like",0,"Summer","found on the ground","Non-selasphorus spp.","1297_BCHU","Non-Selasphorus",1997-08-04
"2476","6/16/2002","Died","Lindsey","Yes","ANHU","Female-like ","adult-like",0,"Summer","found on the ground","Non-selasphorus spp.","2273_ANHU","Non-Selasphorus",2002-06-16
"2477","4/9/2000","Died","Lindsey","Yes","ANHU","Female-like ","adult-like",0,"Spring","found on the ground","Non-selasphorus spp.","1790_ANHU","Non-Selasphorus",2000-04-09
"2478","6/19/2015","Released","Lindsey","No","Non-selasphorus","unknown","Nestling",0,"Summer","found on the ground","Non-selasphorus spp.","5390_ANHU","Selasphorus",2015-06-19
"2479","5/29/2011","Released","Lindsey","Yes","Non-selasphorus","unknown","Nestling",0,"Spring","nest-related","Non-selasphorus spp.","4226_ANHU","Selasphorus",2011-05-29
"2480","6/6/2014","Released","malibu","Yes","ANHU","Female-like ","adult-like",0,"Summer","nest-related","Non-selasphorus spp.","6260_ANHU","Non-Selasphorus",2014-06-06
"2481","5/4/1995","Released","Lindsey","Yes","ANHU","Female-like ","adult-like",0,"Spring","found on the ground","Non-selasphorus spp.","833_ANHU","Non-Selasphorus",1995-05-04
"2482","5/8/2012","Died","Lindsey","No","ANHU","Male","adult-like",1,"Spring","window hit","Non-selasphorus spp.","4462_ANHU","Non-Selasphorus",2012-05-08
"2483","4/30/2013","Released","Lindsey","Yes","ANHU","Male","adult-like",0,"Spring","found on the ground","Non-selasphorus spp.","4709_ANHU","Non-Selasphorus",2013-04-30
"2484","6/4/2006","Died","Lindsey","Yes","ANHU","Female-like ","adult-like",0,"Summer","found on the ground","Non-selasphorus spp.","3101_ANHU","Non-Selasphorus",2006-06-04
"2485","5/17/2000","Died","Lindsey","No","ANHU","Female-like ","adult-like",0,"Spring","unknown","Non-selasphorus spp.","1826_ANHU","Non-Selasphorus",2000-05-17
"2486","2/17/2015","Died","Lindsey","Yes","ANHU","Female-like ","adult-like",1,"Winter","found on the ground","Non-selasphorus spp.","5181_ANHU","Non-Selasphorus",2015-02-17
"2487","4/15/2002","Died","Lindsey","No","ANHU","Female-like ","adult-like",1,"Spring","window hit","Non-selasphorus spp.","2216_ANHU","Non-Selasphorus",2002-04-15
"2488","6/4/1995","Released","Lindsey","No","Non-selasphorus","unknown","Nestling",0,"Summer","nest-related","Non-selasphorus spp.","855_ANHU","Selasphorus",1995-06-04
"2489","4/23/1994","Died","Lindsey","Yes","ANHU","Female-like ","adult-like",1,"Spring","caught by domestic animal","Non-selasphorus spp.","628_ANHU","Non-Selasphorus",1994-04-23
"2490","6/10/2014","Released","malibu","Yes","Selasphorus","Female-like ","adult-like",2,"Summer","unknown","Selasphorus spp.","6287_ALHU","Selasphorus",2014-06-10
"2491","3/24/2003","Died","Lindsey","No","ANHU","Female-like ","adult-like",0,"Spring","window hit","Non-selasphorus spp.","2422_ANHU","Non-Selasphorus",2003-03-24
"2492","4/24/2016","Released","Lindsey","No","ANHU","Female-like ","adult-like",0,"Spring","found on the ground","Non-selasphorus spp.","5589_ANHU","Non-Selasphorus",2016-04-24
"2493","6/13/1992","Released","Lindsey","No","Non-selasphorus","unknown","Nestling",0,"Summer","nest-related","Non-selasphorus spp.","317_ANHU","Selasphorus",1992-06-13
"2494","8/1/1999","Died","Lindsey","No","ANHU","Female-like ","adult-like",1,"Summer","caught by domestic animal","Non-selasphorus spp.","1697_ANHU","Non-Selasphorus",1999-08-01
"2495","5/28/2014","Released","Lindsey","No","ANHU","Female-like ","adult-like",0,"Spring","nest-related","Non-selasphorus spp.","5018_ANHU","Non-Selasphorus",2014-05-28
"2496","5/29/2004","Released","Lindsey","No","Non-selasphorus","unknown","Nestling",0,"Spring","unknown","Non-selasphorus spp.","2705_ANHU","Selasphorus",2004-05-29
"2497","11/4/2006","Released","Lindsey","No","ANHU","Female-like ","adult-like",0,"Fall","found on the ground","Non-selasphorus spp.","3165_ANHU","Non-Selasphorus",2006-11-04
"2498","5/6/2013","Released","malibu","No","ANHU","Female-like ","adult-like",0,"Spring","unknown","Non-selasphorus spp.","5933_ANHU","Non-Selasphorus",2013-05-06
"2499","5/8/2015","Released","Lindsey","Yes","Non-selasphorus","unknown","Nestling",3,"Spring","unknown","Non-selasphorus spp.","5311_ANHU","Selasphorus",2015-05-08
"2500","3/26/2015","Died","malibu","Yes","ANHU","Female-like ","adult-like",0,"Spring","window hit","Non-selasphorus spp.","6374_ANHU","Non-Selasphorus",2015-03-26
"2501","7/31/2013","Died","malibu","No","ANHU","Female-like ","adult-like",0,"Summer","unknown","Non-selasphorus spp.","6021_ANHU","Non-Selasphorus",2013-07-31
"2502","5/30/1996","Died","Lindsey","No","Non-selasphorus","unknown","Nestling",0,"Spring","nest-related","Non-selasphorus spp.","1057_ANHU","Selasphorus",1996-05-30
"2503","5/25/2002","Released","Lindsey","No","Non-selasphorus","unknown","Nestling",0,"Spring","found on the ground","Non-selasphorus spp.","2256_ANHU","Selasphorus",2002-05-25
"2504","4/13/1992","Died","Lindsey","No","ANHU","Female-like ","adult-like",0,"Spring","found on the ground","Non-selasphorus spp.","250_ANHU","Non-Selasphorus",1992-04-13
"2505","5/23/2014","Died","Lindsey","No","ANHU","Male","adult-like",0,"Spring","found on the ground","Non-selasphorus spp.","5010_ANHU","Non-Selasphorus",2014-05-23
"2506","3/21/2016","Released","Lindsey","Yes","ANHU","Female-like ","adult-like",0,"Spring","found on the ground","Non-selasphorus spp.","5542_ANHU","Non-Selasphorus",2016-03-21
"2507","4/1/1996","Died","Lindsey","No","ANHU","Female-like ","adult-like",1,"Spring","found on the ground","Non-selasphorus spp.","1004_ANHU","Non-Selasphorus",1996-04-01
"2508","3/21/2016","Released","malibu","No","ANHU","Female-like ","adult-like",0,"Spring","window hit","Non-selasphorus spp.","6682_ANHU","Non-Selasphorus",2016-03-21
"2509","4/19/2009","Released","Lindsey","Yes","ANHU","Female-like ","adult-like",0,"Spring","found inside","Non-selasphorus spp.","3697_ANHU","Non-Selasphorus",2009-04-19
"2510","11/9/2007","Died","Lindsey","No","ANHU","Female-like ","adult-like",0,"Fall","found on the ground","Non-selasphorus spp.","3383_ANHU","Non-Selasphorus",2007-11-09
"2511","6/19/2005","Released","Lindsey","Yes","Non-selasphorus","unknown","Nestling",0,"Summer","found on the ground","Non-selasphorus spp.","2924_ANHU","Selasphorus",2005-06-19
"2512","6/1/1991","Died","Lindsey","No","Non-selasphorus","unknown","Nestling",0,"Summer","nest-related","Non-selasphorus spp.","113_ANHU","Selasphorus",1991-06-01
"2513","9/17/2008","Died","Lindsey","No","ANHU","Female-like ","adult-like",0,"Fall","caught by domestic animal","Non-selasphorus spp.","3576_ANHU","Non-Selasphorus",2008-09-17
"2514","4/19/2007","Released","Lindsey","No","ANHU","Female-like ","adult-like",0,"Spring","found on the ground","Non-selasphorus spp.","3261_ANHU","Non-Selasphorus",2007-04-19
"2515","6/16/2014","Released","malibu","No","Selasphorus","Female-like ","adult-like",0,"Summer","unknown","Selasphorus spp.","6303_ALHU","Selasphorus",2014-06-16
"2516","3/18/1992","Died","Lindsey","No","ANHU","Female-like ","adult-like",0,"Spring","window hit","Non-selasphorus spp.","222_ANHU","Non-Selasphorus",1992-03-18
"2517","5/16/1999","Released","Lindsey","No","ANHU","Female-like ","adult-like",0,"Spring","caught by domestic animal","Non-selasphorus spp.","1633_ANHU","Non-Selasphorus",1999-05-16
"2518","7/19/1998","Died","Lindsey","Yes","Selasphorus","Female-like ","adult-like",1,"Summer","found on the ground","Selasphorus spp.","1477_ALHU","Selasphorus",1998-07-19
"2519","11/15/2013","Released","Lindsey","No","ANHU","Female-like ","adult-like",0,"Fall","found on the ground","Non-selasphorus spp.","4827_ANHU","Non-Selasphorus",2013-11-15
"2520","4/3/2015","Released","malibu","No","Selasphorus","Female-like ","adult-like",1,"Spring","found inside","Selasphorus spp.","6536_ALHU","Selasphorus",2015-04-03
"2521","2/3/2015","Died","Lindsey","No","ANHU","Female-like ","adult-like",0,"Winter","window hit","Non-selasphorus spp.","5165_ANHU","Non-Selasphorus",2015-02-03
"2522","3/14/2016","Released","Lindsey","Yes","ANHU","Female-like ","adult-like",1,"Spring","nest-related","Non-selasphorus spp.","5529_ANHU","Non-Selasphorus",2016-03-14
"2523","6/28/2015","Released","Lindsey","No","Non-selasphorus","unknown","Nestling",0,"Summer","found on the ground","Non-selasphorus spp.","5402_ANHU","Selasphorus",2015-06-28
"2524","2/25/2006","Died","Lindsey","No","ANHU","Female-like ","adult-like",0,"Winter","found on the ground","Non-selasphorus spp.","3007_ANHU","Non-Selasphorus",2006-02-25
"2525","7/5/1999","Died","Lindsey","Yes","ANHU","Female-like ","adult-like",3,"Summer","found on the ground","Non-selasphorus spp.","1687_ANHU","Non-Selasphorus",1999-07-05
"2526","7/3/2015","Released","malibu","No","Selasphorus","Female-like ","adult-like",0,"Summer","unknown","Selasphorus spp.","6587_ALHU","Selasphorus",2015-07-03
"2527","6/12/2014","Released","Lindsey","No","ANHU","Male","adult-like",0,"Summer","found inside","Non-selasphorus spp.","5042_ANHU","Non-Selasphorus",2014-06-12
"2528","4/1/2000","Died","Lindsey","No","Selasphorus","Female-like ","adult-like",0,"Spring","found inside","Selasphorus spp.","1779_ALHU","Selasphorus",2000-04-01
"2529","3/10/2007","Died","Lindsey","No","ANHU","Female-like ","adult-like",1,"Spring","found on the ground","Non-selasphorus spp.","3219_ANHU","Non-Selasphorus",2007-03-10
"2530","6/28/2011","Died","Lindsey","Yes","ANHU","Female-like ","adult-like",1,"Summer","unknown","Non-selasphorus spp.","4263_ANHU","Non-Selasphorus",2011-06-28
"2531","4/24/2010","Died","Lindsey","No","Selasphorus","Female-like ","adult-like",0,"Spring","caught by domestic animal","Selasphorus spp.","3929_ALHU","Selasphorus",2010-04-24
"2532","6/4/2014","Died","Lindsey","Yes","ANHU","Female-like ","adult-like",0,"Summer","found inside","Non-selasphorus spp.","5027_ANHU","Non-Selasphorus",2014-06-04
"2533","4/23/2007","Released","Lindsey","No","Non-selasphorus","unknown","Nestling",1,"Spring","nest-related","Non-selasphorus spp.","3263_ANHU","Selasphorus",2007-04-23
"2534","2/25/1998","Died","Lindsey","No","Non-selasphorus","unknown","Nestling",0,"Winter","nest-related","Non-selasphorus spp.","1344_ANHU","Selasphorus",1998-02-25
"2535","4/13/2012","Died","Lindsey","Yes","ANHU","Male","adult-like",0,"Spring","found on the ground","Non-selasphorus spp.","4428_ANHU","Non-Selasphorus",2012-04-13
"2536","12/1/2000","Died","Lindsey","No","ANHU","Female-like ","adult-like",7,"Winter","window hit","Non-selasphorus spp.","1931_ANHU","Non-Selasphorus",2000-12-01
"2537","7/23/2013","Died","Lindsey","No","ANHU","Female-like ","adult-like",0,"Summer","caught by domestic animal","Non-selasphorus spp.","4795_ANHU","Non-Selasphorus",2013-07-23
"2538","4/6/2016","Released","malibu","No","Selasphorus","unknown","Nestling",0,"Spring","nest-related","Selasphorus spp.","6725_ALHU","Selasphorus",2016-04-06
"2539","7/15/2011","Died","Lindsey","No","ANHU","Female-like ","adult-like",0,"Summer","found on the ground","Non-selasphorus spp.","4276_ANHU","Non-Selasphorus",2011-07-15
"2540","4/1/2015","Died","Lindsey","No","ANHU","Female-like ","adult-like",0,"Spring","found on the ground","Non-selasphorus spp.","5240_ANHU","Non-Selasphorus",2015-04-01
"2541","1/9/2003","Died","Lindsey","Yes","ANHU","Female-like ","adult-like",1,"Winter","found on the ground","Non-selasphorus spp.","2365_ANHU","Non-Selasphorus",2003-01-09
"2542","6/23/2007","Died","Lindsey","No","ANHU","Female-like ","adult-like",0,"Summer","found on the ground","Non-selasphorus spp.","3336_ANHU","Non-Selasphorus",2007-06-23
"2543","2/28/1992","Released","Lindsey","No","ANHU","Female-like ","adult-like",0,"Winter","window hit","Non-selasphorus spp.","214_ANHU","Non-Selasphorus",1992-02-28
"2544","3/26/2016","Died","Lindsey","Yes","ANHU","Female-like ","adult-like",0,"Spring","found on the ground","Non-selasphorus spp.","5550_ANHU","Non-Selasphorus",2016-03-26
"2545","1/26/2000","Released","Lindsey","No","ANHU","Female-like ","adult-like",0,"Winter","caught by domestic animal","Non-selasphorus spp.","1732_ANHU","Non-Selasphorus",2000-01-26
"2546","6/21/2013","Died","malibu","Yes","Selasphorus","unknown","Nestling",0,"Summer","nest-related","Selasphorus spp.","5861_ALHU","Selasphorus",2013-06-21
"2547","6/7/2016","Died","malibu","No","Selasphorus","Female-like ","adult-like",0,"Summer","unknown","Selasphorus spp.","6752_ALHU","Selasphorus",2016-06-07
"2548","8/31/1999","Released","Lindsey","Yes","ANHU","Female-like ","adult-like",0,"Summer","caught by domestic animal","Non-selasphorus spp.","1709_ANHU","Non-Selasphorus",1999-08-31
"2549","2/12/2011","Died","Lindsey","Yes","ANHU","Male","adult-like",0,"Winter","unknown","Non-selasphorus spp.","4099_ANHU","Non-Selasphorus",2011-02-12
"2550","3/26/2015","Died","malibu","Yes","Selasphorus","Female-like ","adult-like",1,"Spring","unknown","Selasphorus spp.","6373_ALHU","Selasphorus",2015-03-26
"2551","6/11/2010","Released","Lindsey","No","Non-selasphorus","unknown","Nestling",0,"Summer","nest-related","Non-selasphorus spp.","3985_ANHU","Selasphorus",2010-06-11
"2552","1/15/2002","Died","Lindsey","No","Non-selasphorus","unknown","Nestling",1,"Winter","nest-related","Non-selasphorus spp.","2145_ANHU","Selasphorus",2002-01-15
"2553","7/17/2000","Died","Lindsey","No","ANHU","Female-like ","adult-like",0,"Summer","found on the ground","Non-selasphorus spp.","1892_ANHU","Non-Selasphorus",2000-07-17
"2554","7/30/2002","Released","Lindsey","No","ANHU","Female-like ","adult-like",0,"Summer","found inside","Non-selasphorus spp.","2319_ANHU","Non-Selasphorus",2002-07-30
"2555","7/19/2000","Died","Lindsey","Yes","ANHU","Female-like ","adult-like",1,"Summer","unknown","Non-selasphorus spp.","1893_ANHU","Non-Selasphorus",2000-07-19
"2556","3/4/2016","Died","Lindsey","No","ANHU","Male","adult-like",0,"Spring","suspect torpor-like state","Non-selasphorus spp.","5514_ANHU","Non-Selasphorus",2016-03-04
"2557","6/26/1998","Released","Lindsey","Yes","ANHU","Female-like ","adult-like",1,"Summer","found on the ground","Non-selasphorus spp.","1449_ANHU","Non-Selasphorus",1998-06-26
"2558","6/26/2014","Released","Lindsey","Yes","Non-selasphorus","unknown","Nestling",0,"Summer","found on the ground","Non-selasphorus spp.","5065_ANHU","Selasphorus",2014-06-26
"2559","2/26/2000","Died","Lindsey","No","ANHU","Female-like ","adult-like",0,"Winter","found on the ground","Non-selasphorus spp.","1744_ANHU","Non-Selasphorus",2000-02-26
"2560","5/10/2010","Died","Lindsey","No","ANHU","Male","adult-like",0,"Spring","window hit","Non-selasphorus spp.","3951_ANHU","Non-Selasphorus",2010-05-10
"2561","12/27/2014","Died","malibu","Yes","ANHU","Female-like ","adult-like",0,"Winter","caught by domestic animal","Non-selasphorus spp.","6332_ANHU","Non-Selasphorus",2014-12-27
"2562","4/26/2014","Died","malibu","No","Selasphorus","Female-like ","adult-like",0,"Spring","unknown","Selasphorus spp.","6271_ALHU","Selasphorus",2014-04-26
"2563","6/18/2002","Released","Lindsey","No","Non-selasphorus","unknown","Nestling",0,"Summer","nest-related","Non-selasphorus spp.","2275_ANHU","Selasphorus",2002-06-18
"2564","4/23/2016","Released","Lindsey","No","Non-selasphorus","unknown","Nestling",0,"Spring","nest-related","Non-selasphorus spp.","5586_ANHU","Selasphorus",2016-04-23
"2565","5/4/2014","Died","malibu","No","Selasphorus","Female-like ","adult-like",0,"Spring","unknown","Selasphorus spp.","6217_ALHU","Selasphorus",2014-05-04
"2566","6/14/2014","Released","malibu","No","ANHU","Female-like ","adult-like",0,"Summer","unknown","Non-selasphorus spp.","6297_ANHU","Non-Selasphorus",2014-06-14
"2567","6/15/2007","Released","Lindsey","Yes","Non-selasphorus","unknown","Nestling",0,"Summer","nest-related","Non-selasphorus spp.","3322_ANHU","Selasphorus",2007-06-15
"2568","7/27/1997","Died","Lindsey","Yes","ANHU","Female-like ","adult-like",1,"Summer","found on the ground","Non-selasphorus spp.","1293_ANHU","Non-Selasphorus",1997-07-27
"2569","6/24/2005","Died","Lindsey","No","ANHU","Female-like ","adult-like",0,"Summer","caught by domestic animal","Non-selasphorus spp.","2932_ANHU","Non-Selasphorus",2005-06-24
"2570","2/18/2011","Died","Lindsey","No","ANHU","Female-like ","adult-like",4,"Winter","window hit","Non-selasphorus spp.","4101_ANHU","Non-Selasphorus",2011-02-18
"2571","4/13/1998","Died","Lindsey","No","Non-selasphorus","unknown","Nestling",0,"Spring","nest-related","Non-selasphorus spp.","1381_ANHU","Selasphorus",1998-04-13
"2572","3/15/2005","Released","Lindsey","No","Non-selasphorus","unknown","Nestling",0,"Spring","found on the ground","Non-selasphorus spp.","2819_ANHU","Selasphorus",2005-03-15
"2573","12/29/2010","Died","Lindsey","No","ANHU","Male","adult-like",0,"Winter","found on the ground","Non-selasphorus spp.","4085_ANHU","Non-Selasphorus",2010-12-29
"2574","1/9/2011","Released","Lindsey","No","ANHU","Male","adult-like",0,"Winter","found inside","Non-selasphorus spp.","4089_ANHU","Non-Selasphorus",2011-01-09
"2575","9/12/1991","Died","Lindsey","No","ANHU","Female-like ","adult-like",0,"Fall","unknown","Non-selasphorus spp.","176_ANHU","Non-Selasphorus",1991-09-12
"2576","10/6/1999","Died","Lindsey","Yes","ANHU","Female-like ","adult-like",0,"Fall","caught by domestic animal","Non-selasphorus spp.","1714_ANHU","Non-Selasphorus",1999-10-06
"2577","7/27/1997","Died","Lindsey","No","ANHU","Female-like ","adult-like",0,"Summer","unknown","Non-selasphorus spp.","1294_ANHU","Non-Selasphorus",1997-07-27
"2578","5/18/2007","Released","Lindsey","No","ANHU","Female-like ","adult-like",0,"Spring","window hit","Non-selasphorus spp.","3287_ANHU","Non-Selasphorus",2007-05-18
"2579","3/3/2016","Released","Santa Barbara","Yes","ANHU","Female-like ","adult-like",0,"Spring","window hit","Non-selasphorus spp.","6846_ANHU","Non-Selasphorus",2016-03-03
"2580","11/29/2007","Died","Lindsey","No","ANHU","Female-like ","adult-like",0,"Fall","caught by domestic animal","Non-selasphorus spp.","3386_ANHU","Non-Selasphorus",2007-11-29
"2581","4/9/2004","Died","Lindsey","No","Non-selasphorus","unknown","Nestling",0,"Spring","found on the ground","Non-selasphorus spp.","2655_ANHU","Selasphorus",2004-04-09
"2582","12/18/2006","Died","Lindsey","No","ANHU","Female-like ","adult-like",0,"Winter","caught by domestic animal","Non-selasphorus spp.","3181_ANHU","Non-Selasphorus",2006-12-18
"2583","2/25/2004","Released","Lindsey","Yes","ANHU","Female-like ","adult-like",4,"Winter","found on the ground","Non-selasphorus spp.","2617_ANHU","Non-Selasphorus",2004-02-25
"2584","8/29/2003","Died","Lindsey","Yes","ANHU","Female-like ","adult-like",0,"Summer","found on the ground","Non-selasphorus spp.","2562_ANHU","Non-Selasphorus",2003-08-29
"2585","5/26/2015","Died","Lindsey","Yes","Non-selasphorus","unknown","Nestling",0,"Spring","nest-related","Non-selasphorus spp.","5340_ANHU","Selasphorus",2015-05-26
"2586","11/17/2014","Died","Lindsey","No","ANHU","Male","adult-like",0,"Fall","found on the ground","Non-selasphorus spp.","5126_ANHU","Non-Selasphorus",2014-11-17
"2587","6/22/2009","Released","Lindsey","No","Non-selasphorus","unknown","Nestling",0,"Summer","found on the ground","Non-selasphorus spp.","3764_ANHU","Selasphorus",2009-06-22
"2588","10/14/2012","Died","Lindsey","Yes","ANHU","Female-like ","adult-like",0,"Fall","found on the ground","Non-selasphorus spp.","4574_ANHU","Non-Selasphorus",2012-10-14
"2589","3/3/2001","Released","Lindsey","No","ANHU","Female-like ","adult-like",0,"Spring","found on the ground","Non-selasphorus spp.","1970_ANHU","Non-Selasphorus",2001-03-03
"2590","2/20/2001","Died","Lindsey","No","ANHU","Female-like ","adult-like",0,"Winter","found on the ground","Non-selasphorus spp.","1961_ANHU","Non-Selasphorus",2001-02-20
"2591","6/5/2015","Released","Lindsey","No","Non-selasphorus","unknown","Nestling",0,"Summer","found on the ground","Non-selasphorus spp.","5358_ANHU","Selasphorus",2015-06-05
"2592","8/14/1999","Died","Lindsey","No","ANHU","Female-like ","adult-like",0,"Summer","caught by domestic animal","Non-selasphorus spp.","1702_ANHU","Non-Selasphorus",1999-08-14
"2593","7/22/2004","Released","Lindsey","No","ANHU","Female-like ","adult-like",0,"Summer","found on the ground","Non-selasphorus spp.","2751_ANHU","Non-Selasphorus",2004-07-22
"2594","4/8/2000","Died","Lindsey","Yes","Non-selasphorus","unknown","Nestling",7,"Spring","unknown","Non-selasphorus spp.","1785_ANHU","Selasphorus",2000-04-08
"2595","12/3/1997","Died","Lindsey","No","ANHU","Female-like ","adult-like",0,"Winter","found on the ground","Non-selasphorus spp.","1320_ANHU","Non-Selasphorus",1997-12-03
"2596","4/6/2015","Died","Lindsey","Yes","ANHU","Female-like ","adult-like",0,"Spring","unknown","Non-selasphorus spp.","5251_ANHU","Non-Selasphorus",2015-04-06
"2597","5/14/2005","Died","Lindsey","Yes","ANHU","Female-like ","adult-like",1,"Spring","found on the ground","Non-selasphorus spp.","2879_ANHU","Non-Selasphorus",2005-05-14
"2598","7/14/2005","Released","Lindsey","Yes","ANHU","Female-like ","adult-like",1,"Summer","window hit","Non-selasphorus spp.","2959_ANHU","Non-Selasphorus",2005-07-14
"2599","9/21/2015","Released","malibu","No","Selasphorus","Female-like ","adult-like",0,"Fall","unknown","Selasphorus spp.","6572_ALHU","Selasphorus",2015-09-21
"2600","3/9/2010","Released","Lindsey","Yes","Non-selasphorus","unknown","Nestling",1,"Spring","nest-related","Non-selasphorus spp.","3884_ANHU","Selasphorus",2010-03-09
"2601","5/15/1997","Released","Lindsey","No","ANHU","Female-like ","adult-like",0,"Spring","found on the ground","Non-selasphorus spp.","1234_ANHU","Non-Selasphorus",1997-05-15
"2602","4/20/1998","Died","Lindsey","Yes","ANHU","Female-like ","adult-like",0,"Spring","found on the ground","Non-selasphorus spp.","1390_ANHU","Non-Selasphorus",1998-04-20
"2603","1/2/1991","Released","Lindsey","Yes","ANHU","Female-like ","adult-like",0,"Winter","unknown","Non-selasphorus spp.","2_ANHU","Non-Selasphorus",1991-01-02
"2604","6/24/1997","Released","Lindsey","No","Non-selasphorus","unknown","Nestling",0,"Summer","unknown","Non-selasphorus spp.","1275_ANHU","Selasphorus",1997-06-24
"2605","6/3/1998","Released","Lindsey","No","Non-selasphorus","unknown","Nestling",0,"Summer","nest-related","Non-selasphorus spp.","1434_ANHU","Selasphorus",1998-06-03
"2606","6/7/2000","Died","Lindsey","Yes","ANHU","Female-like ","adult-like",0,"Summer","unknown","Non-selasphorus spp.","1844_ANHU","Non-Selasphorus",2000-06-07
"2607","5/19/1993","Released","Lindsey","No","ANHU","Female-like ","adult-like",0,"Spring","found on the ground","Non-selasphorus spp.","470_ANHU","Non-Selasphorus",1993-05-19
"2608","11/12/1995","Died","Lindsey","Yes","ANHU","Female-like ","adult-like",0,"Fall","found on the ground","Non-selasphorus spp.","932_ANHU","Non-Selasphorus",1995-11-12
"2609","7/24/2009","Released","Lindsey","Yes","ANHU","Female-like ","adult-like",1,"Summer","caught by domestic animal","Non-selasphorus spp.","3798_ANHU","Non-Selasphorus",2009-07-24
"2610","6/19/2013","Released","Lindsey","No","Selasphorus","unknown","Nestling",1,"Summer","nest-related","Selasphorus spp.","4770_ALHU","Selasphorus",2013-06-19
"2611","7/30/2009","Died","Lindsey","No","ANHU","Female-like ","adult-like",0,"Summer","caught by domestic animal","Non-selasphorus spp.","3801_ANHU","Non-Selasphorus",2009-07-30
"2612","6/9/2007","Died","Lindsey","No","ANHU","Female-like ","adult-like",0,"Summer","found on the ground","Non-selasphorus spp.","3315_ANHU","Non-Selasphorus",2007-06-09
"2613","6/14/2001","Died","Lindsey","Yes","ANHU","Female-like ","adult-like",2,"Summer","found on the ground","Non-selasphorus spp.","2068_ANHU","Non-Selasphorus",2001-06-14
"2614","7/23/2016","Died","Lindsey","No","ANHU","Male","adult-like",0,"Summer","found inside","Non-selasphorus spp.","5687_ANHU","Non-Selasphorus",2016-07-23
"2615","5/26/2004","Released","Lindsey","No","Non-selasphorus","unknown","Nestling",0,"Spring","found on the ground","Non-selasphorus spp.","2701_ANHU","Selasphorus",2004-05-26
"2616","4/20/2011","Died","Lindsey","No","ANHU","Female-like ","adult-like",0,"Spring","found on the ground","Non-selasphorus spp.","4180_ANHU","Non-Selasphorus",2011-04-20
"2617","3/9/2010","Died","Lindsey","Yes","Non-selasphorus","unknown","Nestling",1,"Spring","nest-related","Non-selasphorus spp.","3885_ANHU","Selasphorus",2010-03-09
"2618","5/19/1994","Released","Lindsey","No","Non-selasphorus","unknown","Nestling",0,"Spring","nest-related","Non-selasphorus spp.","645_ANHU","Selasphorus",1994-05-19
"2619","4/4/2015","Died","Lindsey","No","Selasphorus","Male","adult-like",0,"Spring","suspect torpor-like state","Selasphorus spp.","5246_RUHU","Selasphorus",2015-04-04
"2620","1/17/2004","Died","Lindsey","No","ANHU","Female-like ","adult-like",0,"Winter","found on the ground","Non-selasphorus spp.","2589_ANHU","Non-Selasphorus",2004-01-17
"2621","6/9/1995","Died","Lindsey","No","ANHU","Female-like ","adult-like",0,"Summer","suspect torpor-like state","Non-selasphorus spp.","861_ANHU","Non-Selasphorus",1995-06-09
"2622","3/9/2007","Died","Lindsey","No","ANHU","Female-like ","adult-like",0,"Spring","found on the ground","Non-selasphorus spp.","3216_ANHU","Non-Selasphorus",2007-03-09
"2623","12/14/1997","Died","Lindsey","No","ANHU","Female-like ","adult-like",0,"Winter","caught by domestic animal","Non-selasphorus spp.","1322_ANHU","Non-Selasphorus",1997-12-14
"2624","7/24/1991","Died","Lindsey","Yes","ANHU","Female-like ","adult-like",1,"Summer","unknown","Non-selasphorus spp.","154_ANHU","Non-Selasphorus",1991-07-24
"2625","6/7/2009","Released","Lindsey","No","Non-selasphorus","unknown","Nestling",0,"Summer","nest-related","Non-selasphorus spp.","3748_ANHU","Selasphorus",2009-06-07
"2626","2/28/2008","Died","Lindsey","No","ANHU","Female-like ","adult-like",0,"Winter","found on the ground","Non-selasphorus spp.","3422_ANHU","Non-Selasphorus",2008-02-28
"2627","4/2/2004","Released","Lindsey","No","ANHU","Female-like ","adult-like",0,"Spring","window hit","Non-selasphorus spp.","2648_ANHU","Non-Selasphorus",2004-04-02
"2628","7/2/2014","Died","malibu","No","Selasphorus","Female-like ","adult-like",2,"Summer","unknown","Selasphorus spp.","6319_ALHU","Selasphorus",2014-07-02
"2629","6/9/2013","Released","Lindsey","No","Non-selasphorus","unknown","Nestling",0,"Summer","nest-related","Non-selasphorus spp.","4754_ANHU","Selasphorus",2013-06-09
"2630","4/27/1997","Died","Lindsey","No","ANHU","Female-like ","adult-like",0,"Spring","caught by domestic animal","Non-selasphorus spp.","1222_ANHU","Non-Selasphorus",1997-04-27
"2631","4/5/1992","Died","Lindsey","Yes","ANHU","Female-like ","adult-like",0,"Spring","found on the ground","Non-selasphorus spp.","238_ANHU","Non-Selasphorus",1992-04-05
"2632","8/30/2012","Died","Lindsey","No","Selasphorus","Male","adult-like",0,"Summer","found on the ground","Selasphorus spp.","4560_ALHU","Selasphorus",2012-08-30
"2633","2/2/2007","Released","Lindsey","No","ANHU","Female-like ","adult-like",0,"Winter","found on the ground","Non-selasphorus spp.","3197_ANHU","Non-Selasphorus",2007-02-02
"2634","5/30/2014","Released","malibu","No","Selasphorus","unknown","Nestling",2,"Spring","unknown","Selasphorus spp.","6251_ALHU","Selasphorus",2014-05-30
"2635","8/11/1992","Died","Lindsey","Yes","ANHU","Female-like ","adult-like",0,"Summer","found on the ground","Non-selasphorus spp.","356_ANHU","Non-Selasphorus",1992-08-11
"2636","8/12/2012","Died","Lindsey","No","ANHU","Male","adult-like",1,"Summer","caught by domestic animal","Non-selasphorus spp.","4552_ANHU","Non-Selasphorus",2012-08-12
"2637","3/18/2015","Released","malibu","No","Selasphorus","Female-like ","adult-like",0,"Spring","unknown","Selasphorus spp.","6512_ALHU","Selasphorus",2015-03-18
"2638","3/30/1996","Died","Lindsey","Yes","Selasphorus","Female-like ","adult-like",0,"Spring","found on the ground","Selasphorus spp.","1001_RUHU","Selasphorus",1996-03-30
"2639","11/21/2015","Died","Lindsey","No","ANHU","Male","adult-like",0,"Fall","found on the ground","Non-selasphorus spp.","5451_ANHU","Non-Selasphorus",2015-11-21
"2640","7/1/2013","Died","malibu","No","Selasphorus","Female-like ","adult-like",18,"Summer","unknown","Selasphorus spp.","6010_ALHU","Selasphorus",2013-07-01
"2641","2/28/2014","Released","malibu","Yes","Selasphorus","unknown","Nestling",1,"Winter","caught by domestic animal","Selasphorus spp.","6050_ALHU","Selasphorus",2014-02-28
"2642","2/20/1999","Released","Lindsey","No","ANHU","Female-like ","adult-like",0,"Winter","unknown","Non-selasphorus spp.","1541_ANHU","Non-Selasphorus",1999-02-20
"2643","2/21/1997","Released","Lindsey","No","Non-selasphorus","unknown","Nestling",1,"Winter","found on the ground","Non-selasphorus spp.","1161_ANHU","Selasphorus",1997-02-21
"2644","4/24/2000","Died","Lindsey","No","ANHU","Female-like ","adult-like",0,"Spring","found on the ground","Non-selasphorus spp.","1809_ANHU","Non-Selasphorus",2000-04-24
"2645","3/17/2008","Died","Lindsey","Yes","Non-selasphorus","unknown","Nestling",0,"Spring","found on the ground","Non-selasphorus spp.","3433_ANHU","Selasphorus",2008-03-17
"2646","9/20/2002","Died","Lindsey","No","ANHU","Female-like ","adult-like",0,"Fall","found on the ground","Non-selasphorus spp.","2335_ANHU","Non-Selasphorus",2002-09-20
"2647","5/20/2015","Released","Lindsey","No","Non-selasphorus","unknown","Nestling",0,"Spring","nest-related","Non-selasphorus spp.","5327_ANHU","Selasphorus",2015-05-20
"2648","5/31/2007","Released","Lindsey","Yes","Non-selasphorus","unknown","Nestling",0,"Spring","found on the ground","Non-selasphorus spp.","3303_ANHU","Selasphorus",2007-05-31
"2649","6/2/1996","Released","Lindsey","Yes","Selasphorus","Female-like ","adult-like",0,"Summer","found on the ground","Selasphorus spp.","1065_ALHU","Selasphorus",1996-06-02
"2650","3/19/1999","Died","Lindsey","No","ANHU","Female-like ","adult-like",0,"Spring","suspect torpor-like state","Non-selasphorus spp.","1559_ANHU","Non-Selasphorus",1999-03-19
"2651","4/27/2011","Died","Lindsey","No","ANHU","Female-like ","adult-like",0,"Spring","unknown","Non-selasphorus spp.","4186_ANHU","Non-Selasphorus",2011-04-27
"2652","9/4/2012","Died","Lindsey","No","ANHU","Female-like ","adult-like",0,"Fall","found on the ground","Non-selasphorus spp.","4562_ANHU","Non-Selasphorus",2012-09-04
"2653","4/8/2008","Died","Lindsey","Yes","ANHU","Male","adult-like",0,"Spring","found on the ground","Non-selasphorus spp.","3463_ANHU","Non-Selasphorus",2008-04-08
"2654","3/25/1999","Died","Lindsey","No","Selasphorus","Female-like ","adult-like",0,"Spring","caught by domestic animal","Selasphorus spp.","1566_RUHU","Selasphorus",1999-03-25
"2655","5/8/2004","Died","Lindsey","No","ANHU","Female-like ","adult-like",0,"Spring","window hit","Non-selasphorus spp.","2686_ANHU","Non-Selasphorus",2004-05-08
"2656","4/27/2013","Died","Lindsey","Yes","ANHU","Male","adult-like",0,"Spring","found on the ground","Non-selasphorus spp.","4708_ANHU","Non-Selasphorus",2013-04-27
"2657","2/19/1998","Released","Lindsey","Yes","Non-selasphorus","unknown","Nestling",0,"Winter","unknown","Non-selasphorus spp.","1339_ANHU","Selasphorus",1998-02-19
"2658","5/27/1997","Died","Lindsey","Yes","Non-selasphorus","unknown","Nestling",1,"Spring","caught by domestic animal","Non-selasphorus spp.","1249_ANHU","Selasphorus",1997-05-27
"2659","6/28/1996","Died","Lindsey","No","ANHU","Female-like ","adult-like",0,"Summer","found on the ground","Non-selasphorus spp.","1089_ANHU","Non-Selasphorus",1996-06-28
"2660","5/14/2015","Released","malibu","No","ANHU","Female-like ","adult-like",0,"Spring","nest-related","Non-selasphorus spp.","6600_ANHU","Non-Selasphorus",2015-05-14
"2661","11/16/1995","Released","Lindsey","No","BCHU","Female-like ","adult-like",27,"Fall","unknown","Non-selasphorus spp.","933_BCHU","Non-Selasphorus",1995-11-16
"2662","12/29/2011","Died","Lindsey","No","ANHU","Male","adult-like",1,"Winter","found on the ground","Non-selasphorus spp.","4341_ANHU","Non-Selasphorus",2011-12-29
"2663","3/17/1994","Died","Lindsey","No","ANHU","Female-like ","adult-like",0,"Spring","found on the ground","Non-selasphorus spp.","587_ANHU","Non-Selasphorus",1994-03-17
"2664","7/6/2010","Released","Lindsey","No","Selasphorus","Female-like ","adult-like",0,"Summer","found on the ground","Selasphorus spp.","4018_ALHU","Selasphorus",2010-07-06
"2665","6/23/2004","Died","Lindsey","Yes","ANHU","Female-like ","adult-like",0,"Summer","window hit","Non-selasphorus spp.","2731_ANHU","Non-Selasphorus",2004-06-23
"2666","3/4/2009","Released","Lindsey","No","Non-selasphorus","unknown","Nestling",0,"Spring","found on the ground","Non-selasphorus spp.","3632_ANHU","Selasphorus",2009-03-04
"2667","12/26/2002","Died","Lindsey","Yes","ANHU","Female-like ","adult-like",3,"Winter","found on the ground","Non-selasphorus spp.","2361_ANHU","Non-Selasphorus",2002-12-26
"2668","6/5/1992","Released","Lindsey","No","Non-selasphorus","unknown","Nestling",0,"Summer","unknown","Non-selasphorus spp.","304_ANHU","Selasphorus",1992-06-05
"2669","6/27/1997","Released","Lindsey","No","Non-selasphorus","unknown","Nestling",0,"Summer","unknown","Non-selasphorus spp.","1277_ANHU","Selasphorus",1997-06-27
"2670","5/16/2016","Released","malibu","Yes","ANHU","Female-like ","adult-like",0,"Spring","found on the ground","Non-selasphorus spp.","6726_ANHU","Non-Selasphorus",2016-05-16
"2671","4/12/2013","Died","Lindsey","Yes","ANHU","Male","adult-like",0,"Spring","found on the ground","Non-selasphorus spp.","4686_ANHU","Non-Selasphorus",2013-04-12
"2672","7/22/2007","Died","Lindsey","No","ANHU","Female-like ","adult-like",0,"Summer","found on the ground","Non-selasphorus spp.","3356_ANHU","Non-Selasphorus",2007-07-22
"2673","4/12/1996","Died","Lindsey","Yes","ANHU","Female-like ","adult-like",1,"Spring","caught by domestic animal","Non-selasphorus spp.","1019_ANHU","Non-Selasphorus",1996-04-12
"2674","4/23/2015","Died","Lindsey","No","ANHU","Male","adult-like",0,"Spring","found on the ground","Non-selasphorus spp.","5287_ANHU","Non-Selasphorus",2015-04-23
"2675","4/28/2003","Released","Lindsey","No","ANHU","Female-like ","adult-like",0,"Spring","found on the ground","Non-selasphorus spp.","2465_ANHU","Non-Selasphorus",2003-04-28
"2676","4/8/2006","Died","Lindsey","No","ANHU","Female-like ","adult-like",0,"Spring","window hit","Non-selasphorus spp.","3053_ANHU","Non-Selasphorus",2006-04-08
"2677","9/11/1998","Died","Lindsey","No","ANHU","Female-like ","adult-like",0,"Fall","caught by domestic animal","Non-selasphorus spp.","1499_ANHU","Non-Selasphorus",1998-09-11
"2678","3/5/1999","Died","Lindsey","No","ANHU","Female-like ","adult-like",0,"Spring","window hit","Non-selasphorus spp.","1548_ANHU","Non-Selasphorus",1999-03-05
"2679","7/26/2011","Died","Lindsey","No","ANHU","Male","adult-like",0,"Summer","found on the ground","Non-selasphorus spp.","4284_ANHU","Non-Selasphorus",2011-07-26
"2680","4/10/1995","Released","Lindsey","No","Non-selasphorus","unknown","Nestling",1,"Spring","nest-related","Non-selasphorus spp.","811_ANHU","Selasphorus",1995-04-10
"2681","10/21/2016","Died","malibu","Yes","Selasphorus","Female-like ","adult-like",0,"Fall","caught by domestic animal","Selasphorus spp.","6814_ALHU","Selasphorus",2016-10-21
"2682","6/10/1994","Released","Lindsey","No","ANHU","Female-like ","adult-like",0,"Summer","unknown","Non-selasphorus spp.","669_ANHU","Non-Selasphorus",1994-06-10
"2683","3/17/2009","Died","Lindsey","No","ANHU","Female-like ","adult-like",1,"Spring","found on the ground","Non-selasphorus spp.","3652_ANHU","Non-Selasphorus",2009-03-17
"2684","6/2/1991","Died","Lindsey","No","ANHU","Female-like ","adult-like",1,"Summer","window hit","Non-selasphorus spp.","114_ANHU","Non-Selasphorus",1991-06-02
"2685","6/3/1993","Released","Lindsey","No","Non-selasphorus","unknown","Nestling",0,"Summer","found on the ground","Non-selasphorus spp.","487_ANHU","Selasphorus",1993-06-03
"2686","2/25/2003","Released","Lindsey","Yes","ANHU","Female-like ","adult-like",2,"Winter","found on the ground","Non-selasphorus spp.","2396_ANHU","Non-Selasphorus",2003-02-25
"2687","3/21/2015","Died","Lindsey","Yes","ANHU","Male","adult-like",0,"Spring","found on the ground","Non-selasphorus spp.","5222_ANHU","Non-Selasphorus",2015-03-21
"2688","7/4/2006","Released","Lindsey","No","Non-selasphorus","unknown","Nestling",0,"Summer","found on the ground","Non-selasphorus spp.","3134_ANHU","Selasphorus",2006-07-04
"2689","4/6/1993","Died","Lindsey","No","ANHU","Female-like ","adult-like",0,"Spring","window hit","Non-selasphorus spp.","425_ANHU","Non-Selasphorus",1993-04-06
"2690","1/21/1999","Died","Lindsey","No","ANHU","Female-like ","adult-like",0,"Winter","caught by domestic animal","Non-selasphorus spp.","1534_ANHU","Non-Selasphorus",1999-01-21
"2691","6/27/2015","Released","Lindsey","Yes","ANHU","Female-like ","adult-like",1,"Summer","found on the ground","Non-selasphorus spp.","5398_ANHU","Non-Selasphorus",2015-06-27
"2692","4/10/1992","Released","Lindsey","No","ANHU","Female-like ","adult-like",22,"Spring","unknown","Non-selasphorus spp.","245_ANHU","Non-Selasphorus",1992-04-10
"2693","6/7/2006","Released","Lindsey","Yes","ANHU","Female-like ","adult-like",0,"Summer","nest-related","Non-selasphorus spp.","3102_ANHU","Non-Selasphorus",2006-06-07
"2694","9/6/2008","Died","Lindsey","No","ANHU","Female-like ","adult-like",0,"Fall","found on the ground","Non-selasphorus spp.","3569_ANHU","Non-Selasphorus",2008-09-06
"2695","4/10/2000","Died","Lindsey","No","ANHU","Female-like ","adult-like",0,"Spring","window hit","Non-selasphorus spp.","1792_ANHU","Non-Selasphorus",2000-04-10
"2696","8/26/2012","Died","Lindsey","No","ANHU","Female-like ","adult-like",0,"Summer","found on the ground","Non-selasphorus spp.","4557_ANHU","Non-Selasphorus",2012-08-26
"2697","8/8/2015","Died","malibu","Yes","Selasphorus","Female-like ","adult-like",0,"Summer","found on the ground","Selasphorus spp.","6489_ALHU","Selasphorus",2015-08-08
"2698","7/3/1997","Died","Lindsey","No","Selasphorus","Female-like ","adult-like",0,"Summer","caught by domestic animal","Selasphorus spp.","1281_ALHU","Selasphorus",1997-07-03
"2699","5/7/1991","Died","Lindsey","No","Non-selasphorus","unknown","Nestling",1,"Spring","nest-related","Non-selasphorus spp.","92_ANHU","Selasphorus",1991-05-07
"2700","6/22/2012","Died","Lindsey","Yes","Non-selasphorus","unknown","Nestling",1,"Summer","found on the ground","Non-selasphorus spp.","4505_ANHU","Selasphorus",2012-06-22
"2701","6/25/2008","Released","Lindsey","Yes","ANHU","Female-like ","adult-like",2,"Summer","unknown","Non-selasphorus spp.","3536_ANHU","Non-Selasphorus",2008-06-25
"2702","6/24/2000","Died","Lindsey","Yes","Non-selasphorus","unknown","Nestling",3,"Summer","nest-related","Non-selasphorus spp.","1870_ANHU","Selasphorus",2000-06-24
"2703","4/1/2014","Died","Lindsey","No","ANHU","Female-like ","adult-like",0,"Spring","unknown","Non-selasphorus spp.","4928_ANHU","Non-Selasphorus",2014-04-01
"2704","4/21/1998","Released","Lindsey","No","Non-selasphorus","unknown","Nestling",0,"Spring","found on the ground","Non-selasphorus spp.","1392_ANHU","Selasphorus",1998-04-21
"2705","3/18/2014","Died","malibu","No","ANHU","Female-like ","adult-like",0,"Spring","unknown","Non-selasphorus spp.","6188_ANHU","Non-Selasphorus",2014-03-18
"2706","5/24/2016","Released","Lindsey","No","ANHU","Female-like ","adult-like",0,"Spring","found on the ground","Non-selasphorus spp.","5616_ANHU","Non-Selasphorus",2016-05-24
"2707","3/25/2008","Died","Lindsey","Yes","Non-selasphorus","unknown","Nestling",0,"Spring","found on the ground","Non-selasphorus spp.","3444_ANHU","Selasphorus",2008-03-25
"2708","3/31/2005","Died","Lindsey","No","ANHU","Female-like ","adult-like",0,"Spring","found inside","Non-selasphorus spp.","2835_ANHU","Non-Selasphorus",2005-03-31
"2709","6/17/2014","Released","malibu","Yes","Selasphorus","unknown","Nestling",0,"Summer","found on the ground","Selasphorus spp.","6141_ALHU","Selasphorus",2014-06-17
"2710","3/13/2011","Released","Lindsey","Yes","Non-selasphorus","unknown","Nestling",0,"Spring","nest-related","Non-selasphorus spp.","4119_ANHU","Selasphorus",2011-03-13
"2711","6/14/2013","Died","malibu","Yes","Selasphorus","Female-like ","adult-like",1,"Summer","found on the ground","Selasphorus spp.","5853_ALHU","Selasphorus",2013-06-14
"2712","2/18/2003","Released","Lindsey","No","ANHU","Female-like ","adult-like",0,"Winter","nest-related","Non-selasphorus spp.","2389_ANHU","Non-Selasphorus",2003-02-18
"2713","7/10/2013","Died","malibu","Yes","Selasphorus","Female-like ","adult-like",2,"Summer","caught by domestic animal","Selasphorus spp.","5875_ALHU","Selasphorus",2013-07-10
"2714","3/14/1997","Released","Lindsey","Yes","Non-selasphorus","unknown","Nestling",0,"Spring","found on the ground","Non-selasphorus spp.","1175_ANHU","Selasphorus",1997-03-14
"2715","3/29/1998","Released","Lindsey","No","ANHU","Female-like ","adult-like",0,"Spring","found on the ground","Non-selasphorus spp.","1362_ANHU","Non-Selasphorus",1998-03-29
"2716","3/1/2004","Released","Lindsey","Yes","ANHU","Female-like ","adult-like",1,"Spring","found on the ground","Non-selasphorus spp.","2623_ANHU","Non-Selasphorus",2004-03-01
"2717","3/15/2005","Died","Lindsey","No","Non-selasphorus","unknown","Nestling",0,"Spring","found on the ground","Non-selasphorus spp.","2818_ANHU","Selasphorus",2005-03-15
"2718","3/31/2012","Died","Lindsey","No","ANHU","Female-like ","adult-like",0,"Spring","found inside","Non-selasphorus spp.","4409_ANHU","Non-Selasphorus",2012-03-31
"2719","4/2/2013","Released","Lindsey","Yes","Non-selasphorus","unknown","Nestling",0,"Spring","found on the ground","Non-selasphorus spp.","4668_ANHU","Selasphorus",2013-04-02
"2720","10/24/2016","Released","malibu","No","ANHU","Female-like ","adult-like",0,"Fall","window hit","Non-selasphorus spp.","6815_ANHU","Non-Selasphorus",2016-10-24
"2721","7/17/2016","Died","Santa Barbara","No","ANHU","Female-like ","adult-like",0,"Summer","found on the ground","Non-selasphorus spp.","6907_ANHU","Non-Selasphorus",2016-07-17
"2722","5/13/2014","Released","Lindsey","No","Non-selasphorus","unknown","Nestling",0,"Spring","found on the ground","Non-selasphorus spp.","5004_ANHU","Selasphorus",2014-05-13
"2723","6/19/1997","Released","Lindsey","Yes","Non-selasphorus","unknown","Nestling",0,"Summer","nest-related","Non-selasphorus spp.","1267_ANHU","Selasphorus",1997-06-19
"2724","8/26/2008","Released","Lindsey","Yes","Selasphorus","Male","adult-like",0,"Summer","caught by domestic animal","Selasphorus spp.","3567_ALHU","Selasphorus",2008-08-26
"2725","3/23/2016","Died","malibu","No","ANHU","Female-like ","adult-like",0,"Spring","nest-related","Non-selasphorus spp.","6648_ANHU","Non-Selasphorus",2016-03-23
"2726","7/15/2009","Died","Lindsey","Yes","Non-selasphorus","unknown","Nestling",0,"Summer","caught by domestic animal","Non-selasphorus spp.","3789_ANHU","Selasphorus",2009-07-15
"2727","5/4/1997","Released","Lindsey","Yes","ANHU","Female-like ","adult-like",0,"Spring","unknown","Non-selasphorus spp.","1225_ANHU","Non-Selasphorus",1997-05-04
"2728","1/24/2011","Died","Lindsey","No","ANHU","Female-like ","adult-like",0,"Winter","found on the ground","Non-selasphorus spp.","4090_ANHU","Non-Selasphorus",2011-01-24
"2729","9/7/2007","Died","Lindsey","No","ANHU","Female-like ","adult-like",0,"Fall","caught by domestic animal","Non-selasphorus spp.","3369_ANHU","Non-Selasphorus",2007-09-07
"2730","6/15/2014","Released","Lindsey","No","Non-selasphorus","unknown","Nestling",0,"Summer","found on the ground","Non-selasphorus spp.","5051_ANHU","Selasphorus",2014-06-15
"2731","1/13/2015","Died","Lindsey","No","ANHU","Female-like ","adult-like",0,"Winter","found on the ground","Non-selasphorus spp.","5148_ANHU","Non-Selasphorus",2015-01-13
"2732","2/23/2008","Released","Lindsey","No","ANHU","Female-like ","adult-like",0,"Winter","suspect torpor-like state","Non-selasphorus spp.","3420_ANHU","Non-Selasphorus",2008-02-23
"2733","3/23/2016","Died","Lindsey","Yes","Non-selasphorus","unknown","Nestling",1,"Spring","found on the ground","Non-selasphorus spp.","5545_ANHU","Selasphorus",2016-03-23
"2734","12/29/2006","Died","Lindsey","No","ANHU","Female-like ","adult-like",0,"Winter","found on the ground","Non-selasphorus spp.","3185_ANHU","Non-Selasphorus",2006-12-29
"2735","7/7/2012","Died","Lindsey","No","ANHU","Male","adult-like",0,"Summer","found on the ground","Non-selasphorus spp.","4523_ANHU","Non-Selasphorus",2012-07-07
"2736","8/30/2002","Died","Lindsey","Yes","ANHU","Female-like ","adult-like",1,"Summer","window hit","Non-selasphorus spp.","2330_ANHU","Non-Selasphorus",2002-08-30
"2737","2/29/2008","Died","Lindsey","No","ANHU","Female-like ","adult-like",0,"Winter","found on the ground","Non-selasphorus spp.","3424_ANHU","Non-Selasphorus",2008-02-29
"2738","4/27/2015","Died","Lindsey","No","ANHU","Female-like ","adult-like",0,"Spring","found on the ground","Non-selasphorus spp.","5295_ANHU","Non-Selasphorus",2015-04-27
"2739","12/3/2001","Died","Lindsey","No","ANHU","Female-like ","adult-like",1,"Winter","suspect torpor-like state","Non-selasphorus spp.","2138_ANHU","Non-Selasphorus",2001-12-03
"2740","11/10/2013","Released","malibu","Yes","ANHU","Female-like ","adult-like",0,"Fall","found on the ground","Non-selasphorus spp.","5909_ANHU","Non-Selasphorus",2013-11-10
"2741","3/26/2003","Died","Lindsey","Yes","ANHU","Female-like ","adult-like",1,"Spring","caught by domestic animal","Non-selasphorus spp.","2428_ANHU","Non-Selasphorus",2003-03-26
"2742","4/15/2010","Died","Lindsey","No","ANHU","Female-like ","adult-like",1,"Spring","window hit","Non-selasphorus spp.","3916_ANHU","Non-Selasphorus",2010-04-15
"2743","4/12/2015","Died","malibu","Yes","Selasphorus","Female-like ","adult-like",2,"Spring","found on the ground","Selasphorus spp.","6387_ALHU","Selasphorus",2015-04-12
"2744","4/8/2009","Released","Lindsey","No","Non-selasphorus","unknown","Nestling",0,"Spring","found on the ground","Non-selasphorus spp.","3682_ANHU","Selasphorus",2009-04-08
"2745","11/23/2014","Released","Lindsey","No","ANHU","Male","adult-like",0,"Fall","found on the ground","Non-selasphorus spp.","5127_ANHU","Non-Selasphorus",2014-11-23
"2746","11/11/1998","Died","Lindsey","No","ANHU","Female-like ","adult-like",0,"Fall","caught by domestic animal","Non-selasphorus spp.","1515_ANHU","Non-Selasphorus",1998-11-11
"2747","5/12/2014","Died","Lindsey","No","ANHU","Female-like ","adult-like",0,"Spring","found on the ground","Non-selasphorus spp.","5001_ANHU","Non-Selasphorus",2014-05-12
"2748","1/20/2004","Released","Lindsey","No","ANHU","Female-like ","adult-like",0,"Winter","found on the ground","Non-selasphorus spp.","2591_ANHU","Non-Selasphorus",2004-01-20
"2749","8/3/2004","Died","Lindsey","Yes","ANHU","Female-like ","adult-like",1,"Summer","found on the ground","Non-selasphorus spp.","2754_ANHU","Non-Selasphorus",2004-08-03
"2750","8/12/2003","Died","Lindsey","No","ANHU","Female-like ","adult-like",1,"Summer","found inside","Non-selasphorus spp.","2558_ANHU","Non-Selasphorus",2003-08-12
"2751","12/18/2008","Released","Lindsey","No","ANHU","Male","adult-like",0,"Winter","found inside","Non-selasphorus spp.","3594_ANHU","Non-Selasphorus",2008-12-18
"2752","5/4/2001","Released","Lindsey","Yes","ANHU","Female-like ","adult-like",1,"Spring","found on the ground","Non-selasphorus spp.","2036_ANHU","Non-Selasphorus",2001-05-04
"2753","7/12/1992","Died","Lindsey","Yes","ANHU","Female-like ","adult-like",2,"Summer","window hit","Non-selasphorus spp.","342_ANHU","Non-Selasphorus",1992-07-12
"2754","6/29/2000","Released","Lindsey","Yes","ANHU","Female-like ","adult-like",17,"Summer","found on the ground","Non-selasphorus spp.","1849_ANHU","Non-Selasphorus",2000-06-29
"2755","4/13/2007","Died","Lindsey","No","ANHU","Female-like ","adult-like",0,"Spring","caught by domestic animal","Non-selasphorus spp.","3252_ANHU","Non-Selasphorus",2007-04-13
"2756","6/2/2016","Died","malibu","No","ANHU","Male","adult-like",0,"Summer","unknown","Non-selasphorus spp.","6743_ANHU","Non-Selasphorus",2016-06-02
"2757","5/25/2007","Died","Lindsey","No","Non-selasphorus","unknown","Nestling",0,"Spring","nest-related","Non-selasphorus spp.","3293_ANHU","Selasphorus",2007-05-25
"2758","4/1/2016","Died","Lindsey","Yes","ANHU","Female-like ","adult-like",0,"Spring","found on the ground","Non-selasphorus spp.","5560_ANHU","Non-Selasphorus",2016-04-01
"2759","5/8/1991","Released","Lindsey","No","Non-selasphorus","unknown","Nestling",15,"Spring","unknown","Non-selasphorus spp.","95_ANHU","Selasphorus",1991-05-08
"2760","5/28/2014","Released","malibu","No","Non-selasphorus","unknown","Nestling",0,"Spring","unknown","Non-selasphorus spp.","6243_ANHU","Selasphorus",2014-05-28
"2761","6/6/2014","Released","malibu","Yes","Non-selasphorus","unknown","Nestling",1,"Summer","nest-related","Non-selasphorus spp.","6131_ANHU","Selasphorus",2014-06-06
"2762","4/28/2000","Died","Lindsey","No","ANHU","Female-like ","adult-like",0,"Spring","found on the ground","Non-selasphorus spp.","1812_ANHU","Non-Selasphorus",2000-04-28
"2763","4/30/2001","Died","Lindsey","No","Selasphorus","Female-like ","adult-like",0,"Spring","found on the ground","Selasphorus spp.","2032_ALHU","Selasphorus",2001-04-30
"2764","2/22/2012","Released","Lindsey","No","ANHU","Male","adult-like",0,"Winter","found on the ground","Non-selasphorus spp.","4364_ANHU","Non-Selasphorus",2012-02-22
"2765","4/16/2016","Released","Lindsey","Yes","Non-selasphorus","unknown","Nestling",1,"Spring","found on the ground","Non-selasphorus spp.","5579_ANHU","Selasphorus",2016-04-16
"2766","4/13/2016","Died","malibu","No","Selasphorus","Female-like ","adult-like",0,"Spring","found on the ground","Selasphorus spp.","6694_ALHU","Selasphorus",2016-04-13
"2767","11/15/2003","Died","Lindsey","No","ANHU","Female-like ","adult-like",0,"Fall","unknown","Non-selasphorus spp.","2581_ANHU","Non-Selasphorus",2003-11-15
"2768","11/21/2015","Died","malibu","Yes","Selasphorus","Female-like ","adult-like",0,"Fall","found on the ground","Selasphorus spp.","6542_ALHU","Selasphorus",2015-11-21
"2769","3/17/2013","Released","Lindsey","Yes","Non-selasphorus","unknown","Nestling",0,"Spring","nest-related","Non-selasphorus spp.","4648_ANHU","Selasphorus",2013-03-17
"2770","4/18/2016","Released","malibu","No","Selasphorus","unknown","Nestling",0,"Spring","nest-related","Selasphorus spp.","6720_ALHU","Selasphorus",2016-04-18
"2771","5/27/2013","Died","Lindsey","Yes","Non-selasphorus","unknown","Nestling",0,"Spring","found on the ground","Non-selasphorus spp.","4736_ANHU","Selasphorus",2013-05-27
"2772","1/29/2009","Released","Lindsey","No","ANHU","Male","adult-like",0,"Winter","found on the ground","Non-selasphorus spp.","3607_ANHU","Non-Selasphorus",2009-01-29
"2773","4/18/1992","Died","Lindsey","No","ANHU","Female-like ","adult-like",0,"Spring","nest-related","Non-selasphorus spp.","256_ANHU","Non-Selasphorus",1992-04-18
"2774","4/12/2007","Died","Lindsey","No","ANHU","Female-like ","adult-like",1,"Spring","window hit","Non-selasphorus spp.","3251_ANHU","Non-Selasphorus",2007-04-12
"2775","11/15/2015","Died","Lindsey","Yes","ANHU","Female-like ","adult-like",0,"Fall","window hit","Non-selasphorus spp.","5449_ANHU","Non-Selasphorus",2015-11-15
"2776","7/2/2014","Died","Lindsey","Yes","ANHU","Female-like ","adult-like",0,"Summer","suspect torpor-like state","Non-selasphorus spp.","5071_ANHU","Non-Selasphorus",2014-07-02
"2777","2/8/2015","Died","malibu","Yes","ANHU","Female-like ","adult-like",1,"Winter","unknown","Non-selasphorus spp.","6352_ANHU","Non-Selasphorus",2015-02-08
"2778","3/14/2011","Released","Lindsey","Yes","ANHU","Female-like ","adult-like",4,"Spring","nest-related","Non-selasphorus spp.","4122_ANHU","Non-Selasphorus",2011-03-14
"2779","5/12/2005","Released","Lindsey","No","Non-selasphorus","unknown","Nestling",0,"Spring","found on the ground","Non-selasphorus spp.","2876_ANHU","Selasphorus",2005-05-12
"2780","12/26/2013","Released","Lindsey","No","ANHU","Male","adult-like",0,"Winter","found inside","Non-selasphorus spp.","4849_ANHU","Non-Selasphorus",2013-12-26
"2781","6/26/2013","Released","malibu","Yes","ANHU","Female-like ","adult-like",0,"Summer","found on the ground","Non-selasphorus spp.","5866_ANHU","Non-Selasphorus",2013-06-26
"2782","4/19/2011","Died","Lindsey","No","ANHU","Male","adult-like",0,"Spring","unknown","Non-selasphorus spp.","4176_ANHU","Non-Selasphorus",2011-04-19
"2783","3/14/1997","Released","Lindsey","Yes","Non-selasphorus","unknown","Nestling",1,"Spring","unknown","Non-selasphorus spp.","1176_ANHU","Selasphorus",1997-03-14
"2784","6/15/2015","Released","Lindsey","No","Non-selasphorus","unknown","Nestling",0,"Summer","nest-related","Non-selasphorus spp.","5383_ANHU","Selasphorus",2015-06-15
"2785","5/5/2009","Died","Lindsey","No","ANHU","Male","adult-like",0,"Spring","found on the ground","Non-selasphorus spp.","3718_ANHU","Non-Selasphorus",2009-05-05
"2786","2/25/2016","Died","Lindsey","No","ANHU","Female-like ","adult-like",0,"Winter","found on the ground","Non-selasphorus spp.","5507_ANHU","Non-Selasphorus",2016-02-25
"2787","6/1/2013","Died","malibu","No","ANHU","Female-like ","adult-like",1,"Summer","unknown","Non-selasphorus spp.","5822_ANHU","Non-Selasphorus",2013-06-01
"2788","3/27/1993","Died","Lindsey","Yes","ANHU","Female-like ","adult-like",1,"Spring","found inside","Non-selasphorus spp.","413_ANHU","Non-Selasphorus",1993-03-27
"2789","3/28/2009","Died","Lindsey","No","ANHU","Female-like ","adult-like",0,"Spring","found on the ground","Non-selasphorus spp.","3665_ANHU","Non-Selasphorus",2009-03-28
"2790","4/11/1999","Died","Lindsey","No","Selasphorus","Female-like ","adult-like",0,"Spring","found on the ground","Selasphorus spp.","1587_ALHU","Selasphorus",1999-04-11
"2791","10/6/1993","Died","Lindsey","No","ANHU","Female-like ","adult-like",0,"Fall","caught by domestic animal","Non-selasphorus spp.","547_ANHU","Non-Selasphorus",1993-10-06
"2792","6/7/1997","Died","Lindsey","Yes","ANHU","Female-like ","adult-like",1,"Summer","found on the ground","Non-selasphorus spp.","1256_ANHU","Non-Selasphorus",1997-06-07
"2793","6/14/1994","Died","Lindsey","No","ANHU","Female-like ","adult-like",0,"Summer","found inside","Non-selasphorus spp.","674_ANHU","Non-Selasphorus",1994-06-14
"2794","5/29/2015","Died","malibu","Yes","ANHU","Female-like ","adult-like",1,"Spring","nest-related","Non-selasphorus spp.","6441_ANHU","Non-Selasphorus",2015-05-29
"2795","6/8/2003","Died","Lindsey","No","ANHU","Female-like ","adult-like",0,"Summer","found on the ground","Non-selasphorus spp.","2504_ANHU","Non-Selasphorus",2003-06-08
"2796","2/23/1994","Died","Lindsey","No","ANHU","Female-like ","adult-like",0,"Winter","found on the ground","Non-selasphorus spp.","572_ANHU","Non-Selasphorus",1994-02-23
"2797","8/12/2011","Died","Lindsey","Yes","Selasphorus","Male","adult-like",1,"Summer","window hit","Selasphorus spp.","4294_ALHU","Selasphorus",2011-08-12
"2798","5/28/1992","Died","Lindsey","No","ANHU","Female-like ","adult-like",0,"Spring","caught by domestic animal","Non-selasphorus spp.","293_ANHU","Non-Selasphorus",1992-05-28
"2799","9/11/2012","Died","Lindsey","No","ANHU","Male","adult-like",1,"Fall","unknown","Non-selasphorus spp.","4565_ANHU","Non-Selasphorus",2012-09-11
"2800","3/26/2015","Released","Lindsey","No","ANHU","Male","adult-like",0,"Spring","window hit","Non-selasphorus spp.","5231_ANHU","Non-Selasphorus",2015-03-26
"2801","11/28/2000","Died","Lindsey","No","ANHU","Female-like ","adult-like",0,"Fall","found on the ground","Non-selasphorus spp.","1930_ANHU","Non-Selasphorus",2000-11-28
"2802","5/25/1998","Released","Lindsey","No","Non-selasphorus","unknown","Nestling",1,"Spring","nest-related","Non-selasphorus spp.","1424_ANHU","Selasphorus",1998-05-25
"2803","4/8/2004","Released","Lindsey","No","Non-selasphorus","unknown","Nestling",0,"Spring","found on the ground","Non-selasphorus spp.","2653_ANHU","Selasphorus",2004-04-08
"2804","4/10/2014","Released","malibu","No","Selasphorus","Female-like ","adult-like",0,"Spring","unknown","Selasphorus spp.","6090_ALHU","Selasphorus",2014-04-10
"2805","5/30/2014","Died","malibu","No","Selasphorus","Female-like ","adult-like",1,"Spring","unknown","Selasphorus spp.","6249_ALHU","Selasphorus",2014-05-30
"2806","7/28/2000","Died","Lindsey","No","ANHU","Female-like ","adult-like",0,"Summer","window hit","Non-selasphorus spp.","1897_ANHU","Non-Selasphorus",2000-07-28
"2807","7/3/2011","Released","Lindsey","No","Non-selasphorus","unknown","Nestling",0,"Summer","nest-related","Non-selasphorus spp.","4269_ANHU","Selasphorus",2011-07-03
"2808","6/5/2001","Died","Lindsey","Yes","ANHU","Female-like ","adult-like",1,"Summer","found on the ground","Non-selasphorus spp.","2058_ANHU","Non-Selasphorus",2001-06-05
"2809","8/26/1994","Died","Lindsey","No","ANHU","Female-like ","adult-like",1,"Summer","found on the ground","Non-selasphorus spp.","721_ANHU","Non-Selasphorus",1994-08-26
"2810","10/10/2015","Died","malibu","Yes","ANHU","Female-like ","adult-like",1,"Fall","found on the ground","Non-selasphorus spp.","6532_ANHU","Non-Selasphorus",2015-10-10
"2811","4/9/2008","Died","Lindsey","No","Non-selasphorus","unknown","Nestling",0,"Spring","unknown","Non-selasphorus spp.","3467_ANHU","Selasphorus",2008-04-09
"2812","5/3/1999","Released","Lindsey","No","ANHU","Female-like ","adult-like",7,"Spring","unknown","Non-selasphorus spp.","1619_ANHU","Non-Selasphorus",1999-05-03
"2813","12/26/2008","Died","Lindsey","No","ANHU","Female-like ","adult-like",0,"Winter","found on the ground","Non-selasphorus spp.","3596_ANHU","Non-Selasphorus",2008-12-26
"2814","2/14/1997","Released","Lindsey","No","ANHU","Female-like ","adult-like",0,"Winter","caught by domestic animal","Non-selasphorus spp.","1155_ANHU","Non-Selasphorus",1997-02-14
"2815","3/20/2014","Died","malibu","No","ANHU","Female-like ","adult-like",0,"Spring","unknown","Non-selasphorus spp.","6192_ANHU","Non-Selasphorus",2014-03-20
"2816","7/20/2007","Died","Lindsey","Yes","ANHU","Female-like ","adult-like",1,"Summer","caught by domestic animal","Non-selasphorus spp.","3355_ANHU","Non-Selasphorus",2007-07-20
"2817","6/12/2015","Died","Lindsey","No","Non-selasphorus","unknown","Nestling",0,"Summer","found on the ground","Non-selasphorus spp.","5377_ANHU","Selasphorus",2015-06-12
"2818","5/25/1991","Died","Lindsey","Yes","Non-selasphorus","unknown","Nestling",0,"Spring","unknown","Non-selasphorus spp.","105_ANHU","Selasphorus",1991-05-25
"2819","3/16/2012","Died","Lindsey","Yes","ANHU","Female-like ","adult-like",1,"Spring","unknown","Non-selasphorus spp.","4389_ANHU","Non-Selasphorus",2012-03-16
"2820","8/18/2011","Died","Lindsey","No","ANHU","Male","adult-like",0,"Summer","found on the ground","Non-selasphorus spp.","4301_ANHU","Non-Selasphorus",2011-08-18
"2821","7/24/2013","Released","malibu","No","Selasphorus","Female-like ","adult-like",1,"Summer","unknown","Selasphorus spp.","6020_ALHU","Selasphorus",2013-07-24
"2822","6/20/1999","Died","Lindsey","No","Selasphorus","unknown","Nestling",0,"Summer","unknown","Selasphorus spp.","1662_ALHU","Selasphorus",1999-06-20
"2823","3/16/2000","Died","Lindsey","No","ANHU","Female-like ","adult-like",0,"Spring","window hit","Non-selasphorus spp.","1765_ANHU","Non-Selasphorus",2000-03-16
"2824","10/5/2016","Died","malibu","Yes","ANHU","Male","adult-like",0,"Fall","window hit","Non-selasphorus spp.","6806_ANHU","Non-Selasphorus",2016-10-05
"2825","8/4/2014","Died","Lindsey","Yes","Selasphorus","Female-like ","adult-like",0,"Summer","found on the ground","Selasphorus spp.","5098_ALHU","Selasphorus",2014-08-04
"2826","5/4/2014","Released","Lindsey","No","ANHU","Male","adult-like",0,"Spring","window hit","Non-selasphorus spp.","4985_ANHU","Non-Selasphorus",2014-05-04
"2827","2/13/2004","Died","Lindsey","No","ANHU","Female-like ","adult-like",0,"Winter","found on the ground","Non-selasphorus spp.","2608_ANHU","Non-Selasphorus",2004-02-13
"2828","4/24/1998","Died","Lindsey","No","ANHU","Female-like ","adult-like",15,"Spring","found on the ground","Non-selasphorus spp.","1400_ANHU","Non-Selasphorus",1998-04-24
"2829","4/21/1993","Died","Lindsey","No","Non-selasphorus","unknown","Nestling",0,"Spring","nest-related","Non-selasphorus spp.","443_ANHU","Selasphorus",1993-04-21
"2830","5/17/2016","Died","Lindsey","No","Non-selasphorus","unknown","Nestling",0,"Spring","nest-related","Non-selasphorus spp.","5610_ANHU","Selasphorus",2016-05-17
"2831","12/17/2013","Died","Lindsey","Yes","ANHU","Male","adult-like",0,"Winter","found on the ground","Non-selasphorus spp.","4847_ANHU","Non-Selasphorus",2013-12-17
"2832","3/28/2012","Died","Lindsey","Yes","ANHU","Female-like ","adult-like",1,"Spring","unknown","Non-selasphorus spp.","4406_ANHU","Non-Selasphorus",2012-03-28
"2833","5/19/2005","Died","Lindsey","Yes","Non-selasphorus","unknown","Nestling",1,"Spring","caught by domestic animal","Non-selasphorus spp.","2882_ANHU","Selasphorus",2005-05-19
"2834","5/27/2016","Released","Lindsey","No","ANHU","Female-like ","adult-like",0,"Spring","found on the ground","Non-selasphorus spp.","5619_ANHU","Non-Selasphorus",2016-05-27
"2835","6/4/2001","Released","Lindsey","Yes","BCHU","Female-like ","adult-like",0,"Summer","found on the ground","Non-selasphorus spp.","2057_BCHU","Non-Selasphorus",2001-06-04
"2836","7/3/2003","Died","Lindsey","No","BCHU","Female-like ","adult-like",0,"Summer","found on the ground","Non-selasphorus spp.","2533_BCHU","Non-Selasphorus",2003-07-03
"2837","8/10/2002","Died","Lindsey","Yes","Selasphorus","Female-like ","adult-like",0,"Summer","caught by domestic animal","Selasphorus spp.","2322_ALHU","Selasphorus",2002-08-10
"2838","6/18/2013","Released","malibu","No","Selasphorus","Female-like ","adult-like",0,"Summer","unknown","Selasphorus spp.","5991_ALHU","Selasphorus",2013-06-18
"2839","1/24/2016","Released","Santa Barbara","No","ANHU","Female-like ","adult-like",0,"Winter","window hit","Non-selasphorus spp.","6842_ANHU","Non-Selasphorus",2016-01-24
"2840","5/8/2003","Died","Lindsey","No","ANHU","Female-like ","adult-like",0,"Spring","found on the ground","Non-selasphorus spp.","2482_ANHU","Non-Selasphorus",2003-05-08
"2841","3/16/1996","Died","Lindsey","No","Non-selasphorus","unknown","Nestling",0,"Spring","nest-related","Non-selasphorus spp.","982_ANHU","Selasphorus",1996-03-16
"2842","4/8/2005","Died","Lindsey","Yes","ANHU","Female-like ","adult-like",0,"Spring","found on the ground","Non-selasphorus spp.","2848_ANHU","Non-Selasphorus",2005-04-08
"2843","6/26/1994","Released","Lindsey","No","ANHU","Female-like ","adult-like",0,"Summer","found on the ground","Non-selasphorus spp.","685_ANHU","Non-Selasphorus",1994-06-26
"2844","3/24/2009","Released","Lindsey","No","Selasphorus","Female-like ","adult-like",0,"Spring","found on the ground","Selasphorus spp.","3659_ALHU","Selasphorus",2009-03-24
"2845","6/11/2001","Died","Lindsey","No","ANHU","Female-like ","adult-like",0,"Summer","caught by domestic animal","Non-selasphorus spp.","2065_ANHU","Non-Selasphorus",2001-06-11
"2846","11/26/2000","Died","Lindsey","Yes","ANHU","Female-like ","adult-like",0,"Fall","nest-related","Non-selasphorus spp.","1929_ANHU","Non-Selasphorus",2000-11-26
"2847","3/17/2009","Died","Lindsey","Yes","ANHU","Female-like ","adult-like",17,"Spring","found on the ground","Non-selasphorus spp.","3651_ANHU","Non-Selasphorus",2009-03-17
"2848","6/7/2013","Died","Lindsey","Yes","ANHU","Female-like ","adult-like",0,"Summer","found on the ground","Non-selasphorus spp.","4749_ANHU","Non-Selasphorus",2013-06-07
"2849","6/28/2014","Released","malibu","No","Selasphorus","Female-like ","adult-like",1,"Summer","unknown","Selasphorus spp.","6316_ALHU","Selasphorus",2014-06-28
"2850","3/6/2007","Died","Lindsey","Yes","ANHU","Female-like ","adult-like",0,"Spring","found on the ground","Non-selasphorus spp.","3213_ANHU","Non-Selasphorus",2007-03-06
"2851","6/6/2014","Released","Lindsey","Yes","ANHU","Female-like ","adult-like",0,"Summer","found on the ground","Non-selasphorus spp.","5032_ANHU","Non-Selasphorus",2014-06-06
"2852","7/13/2011","Died","Lindsey","Yes","ANHU","Male","adult-like",0,"Summer","found on the ground","Non-selasphorus spp.","4275_ANHU","Non-Selasphorus",2011-07-13
"2853","4/10/2005","Released","Lindsey","No","ANHU","Female-like ","adult-like",0,"Spring","found on the ground","Non-selasphorus spp.","2850_ANHU","Non-Selasphorus",2005-04-10
"2854","4/30/2012","Died","Lindsey","No","ANHU","Female-like ","adult-like",1,"Spring","unknown","Non-selasphorus spp.","4449_ANHU","Non-Selasphorus",2012-04-30
"2855","6/16/2015","Died","malibu","Yes","Selasphorus","unknown","Nestling",0,"Summer","caught by domestic animal","Selasphorus spp.","6462_ALHU","Selasphorus",2015-06-16
"2856","6/11/1999","Died","Lindsey","No","ANHU","Female-like ","adult-like",0,"Summer","suspect torpor-like state","Non-selasphorus spp.","1652_ANHU","Non-Selasphorus",1999-06-11
"2857","6/19/1998","Died","Lindsey","No","Non-selasphorus","unknown","Nestling",0,"Summer","found on the ground","Non-selasphorus spp.","1443_ANHU","Selasphorus",1998-06-19
"2858","3/27/2010","Died","Lindsey","Yes","ANHU","Male","adult-like",1,"Spring","found on the ground","Non-selasphorus spp.","3894_ANHU","Non-Selasphorus",2010-03-27
"2859","5/28/2013","Died","malibu","No","Selasphorus","unknown","Nestling",0,"Spring","unknown","Selasphorus spp.","5815_ALHU","Selasphorus",2013-05-28
"2860","1/6/2013","Died","Lindsey","Yes","ANHU","Male","adult-like",0,"Winter","unknown","Non-selasphorus spp.","4590_ANHU","Non-Selasphorus",2013-01-06
"2861","7/22/2009","Died","Lindsey","No","ANHU","Male","adult-like",1,"Summer","found on the ground","Non-selasphorus spp.","3796_ANHU","Non-Selasphorus",2009-07-22
"2862","5/9/2003","Released","Lindsey","No","ANHU","Female-like ","adult-like",0,"Spring","found on the ground","Non-selasphorus spp.","2483_ANHU","Non-Selasphorus",2003-05-09
"2863","10/17/2009","Died","Lindsey","Yes","ANHU","Male","adult-like",1,"Fall","caught by domestic animal","Non-selasphorus spp.","3825_ANHU","Non-Selasphorus",2009-10-17
"2864","4/1/1996","Released","Lindsey","No","ANHU","Female-like ","adult-like",0,"Spring","found on the ground","Non-selasphorus spp.","1005_ANHU","Non-Selasphorus",1996-04-01
"2865","1/21/2008","Died","Lindsey","Yes","ANHU","Female-like ","adult-like",1,"Winter","found on the ground","Non-selasphorus spp.","3405_ANHU","Non-Selasphorus",2008-01-21
"2866","7/17/1991","Died","Lindsey","No","ANHU","Female-like ","adult-like",0,"Summer","unknown","Non-selasphorus spp.","149_ANHU","Non-Selasphorus",1991-07-17
"2867","8/24/2016","Released","Lindsey","No","ANHU","Female-like ","adult-like",0,"Summer","caught by domestic animal","Non-selasphorus spp.","5702_ANHU","Non-Selasphorus",2016-08-24
"2868","8/12/2014","Released","Lindsey","No","Non-selasphorus","unknown","Nestling",0,"Summer","nest-related","Non-selasphorus spp.","5101_ANHU","Selasphorus",2014-08-12
"2869","4/1/2005","Died","Lindsey","No","ANHU","Female-like ","adult-like",0,"Spring","caught by domestic animal","Non-selasphorus spp.","2837_ANHU","Non-Selasphorus",2005-04-01
"2870","6/12/2015","Died","malibu","No","ANHU","Female-like ","adult-like",0,"Summer","found on the ground","Non-selasphorus spp.","6455_ANHU","Non-Selasphorus",2015-06-12
"2871","3/20/2014","Died","Lindsey","Yes","ANHU","Female-like ","adult-like",0,"Spring","window hit","Non-selasphorus spp.","4912_ANHU","Non-Selasphorus",2014-03-20
"2872","7/9/2005","Died","Lindsey","No","Non-selasphorus","unknown","Nestling",0,"Summer","unknown","Non-selasphorus spp.","2957_ANHU","Selasphorus",2005-07-09
"2873","1/15/1997","Died","Lindsey","No","ANHU","Female-like ","adult-like",0,"Winter","found inside","Non-selasphorus spp.","1148_ANHU","Non-Selasphorus",1997-01-15
"2874","7/1/1996","Died","Lindsey","No","ANHU","Female-like ","adult-like",0,"Summer","found on the ground","Non-selasphorus spp.","1091_ANHU","Non-Selasphorus",1996-07-01
"2875","11/11/1991","Died","Lindsey","No","ANHU","Female-like ","adult-like",0,"Fall","found on the ground","Non-selasphorus spp.","186_ANHU","Non-Selasphorus",1991-11-11
"2876","3/26/2008","Died","Lindsey","Yes","Non-selasphorus","unknown","Nestling",1,"Spring","found on the ground","Non-selasphorus spp.","3446_ANHU","Selasphorus",2008-03-26
"2877","2/22/2003","Released","Lindsey","No","ANHU","Female-like ","adult-like",0,"Winter","nest-related","Non-selasphorus spp.","2392_ANHU","Non-Selasphorus",2003-02-22
"2878","7/22/2012","Released","Lindsey","No","ANHU","Female-like ","adult-like",0,"Summer","found on the ground","Non-selasphorus spp.","4540_ANHU","Non-Selasphorus",2012-07-22
"2879","3/28/2001","Released","Lindsey","No","Non-selasphorus","unknown","Nestling",0,"Spring","nest-related","Non-selasphorus spp.","2002_ANHU","Selasphorus",2001-03-28
"2880","7/10/1994","Released","Lindsey","Yes","ANHU","Female-like ","adult-like",0,"Summer","window hit","Non-selasphorus spp.","700_ANHU","Non-Selasphorus",1994-07-10
"2881","9/17/1995","Died","Lindsey","No","ANHU","Female-like ","adult-like",0,"Fall","found on the ground","Non-selasphorus spp.","926_ANHU","Non-Selasphorus",1995-09-17
"2882","5/30/2002","Released","Lindsey","No","Non-selasphorus","unknown","Nestling",0,"Spring","unknown","Non-selasphorus spp.","2264_ANHU","Selasphorus",2002-05-30
"2883","6/7/1995","Died","Lindsey","Yes","ANHU","Female-like ","adult-like",1,"Summer","found on the ground","Non-selasphorus spp.","858_ANHU","Non-Selasphorus",1995-06-07
"2884","6/7/2016","Released","Lindsey","No","Non-selasphorus","unknown","Nestling",0,"Summer","nest-related","Non-selasphorus spp.","5630_ANHU","Selasphorus",2016-06-07
"2885","8/1/2000","Died","Lindsey","No","Selasphorus","Female-like ","adult-like",0,"Summer","caught by domestic animal","Selasphorus spp.","1899_ALHU","Selasphorus",2000-08-01
"2886","4/26/1993","Died","Lindsey","Yes","ANHU","Female-like ","adult-like",4,"Spring","caught by domestic animal","Non-selasphorus spp.","453_ANHU","Non-Selasphorus",1993-04-26
"2887","6/28/2003","Died","Lindsey","Yes","Non-selasphorus","unknown","Nestling",0,"Summer","found on the ground","Non-selasphorus spp.","2529_ANHU","Selasphorus",2003-06-28
"2888","2/16/2007","Released","Lindsey","No","ANHU","Female-like ","adult-like",0,"Winter","found on the ground","Non-selasphorus spp.","3204_ANHU","Non-Selasphorus",2007-02-16
"2889","2/15/2014","Died","Lindsey","Yes","ANHU","Female-like ","adult-like",1,"Winter","found on the ground","Non-selasphorus spp.","4876_ANHU","Non-Selasphorus",2014-02-15
"2890","1/27/2006","Died","Lindsey","Yes","ANHU","Female-like ","adult-like",0,"Winter","window hit","Non-selasphorus spp.","2993_ANHU","Non-Selasphorus",2006-01-27
"2891","3/25/2016","Released","Lindsey","Yes","Selasphorus","Male","adult-like",0,"Spring","window hit","Selasphorus spp.","5548_RUHU","Selasphorus",2016-03-25
"2892","6/30/2002","Died","Lindsey","No","ANHU","Female-like ","adult-like",0,"Summer","caught by domestic animal","Non-selasphorus spp.","2295_ANHU","Non-Selasphorus",2002-06-30
"2893","2/18/1992","Released","Lindsey","No","Non-selasphorus","unknown","Nestling",0,"Winter","nest-related","Non-selasphorus spp.","210_ANHU","Selasphorus",1992-02-18
"2894","5/7/2010","Released","Lindsey","No","ANHU","Female-like ","adult-like",0,"Spring","found inside","Non-selasphorus spp.","3947_ANHU","Non-Selasphorus",2010-05-07
"2895","4/19/2008","Died","Lindsey","No","ANHU","Female-like ","adult-like",0,"Spring","suspect torpor-like state","Non-selasphorus spp.","3474_ANHU","Non-Selasphorus",2008-04-19
"2896","2/15/2016","Died","Lindsey","No","ANHU","Female-like ","adult-like",0,"Winter","found on the ground","Non-selasphorus spp.","5491_ANHU","Non-Selasphorus",2016-02-15
"2897","8/25/1997","Died","Lindsey","No","ANHU","Female-like ","adult-like",0,"Summer","found on the ground","Non-selasphorus spp.","1303_ANHU","Non-Selasphorus",1997-08-25
"2898","6/1/1993","Died","Lindsey","Yes","ANHU","Female-like ","adult-like",1,"Summer","found on the ground","Non-selasphorus spp.","483_ANHU","Non-Selasphorus",1993-06-01
"2899","5/30/2013","Died","malibu","No","Selasphorus","Female-like ","adult-like",0,"Spring","unknown","Selasphorus spp.","5818_ALHU","Selasphorus",2013-05-30
"2900","2/7/2004","Died","Lindsey","Yes","ANHU","Female-like ","adult-like",0,"Winter","caught by domestic animal","Non-selasphorus spp.","2601_ANHU","Non-Selasphorus",2004-02-07
"2901","5/15/1997","Released","Lindsey","Yes","Non-selasphorus","unknown","Nestling",0,"Spring","nest-related","Non-selasphorus spp.","1235_ANHU","Selasphorus",1997-05-15
"2902","12/11/2002","Released","Lindsey","No","ANHU","Female-like ","adult-like",0,"Winter","window hit","Non-selasphorus spp.","2358_ANHU","Non-Selasphorus",2002-12-11
"2903","3/23/2016","Released","malibu","No","ANHU","Female-like ","adult-like",0,"Spring","nest-related","Non-selasphorus spp.","6647_ANHU","Non-Selasphorus",2016-03-23
"2904","9/22/2012","Released","Lindsey","No","ANHU","Female-like ","adult-like",0,"Fall","window hit","Non-selasphorus spp.","4570_ANHU","Non-Selasphorus",2012-09-22
"2905","4/6/2013","Released","Lindsey","No","ANHU","Female-like ","adult-like",0,"Spring","found on the ground","Non-selasphorus spp.","4674_ANHU","Non-Selasphorus",2013-04-06
"2906","7/19/2008","Died","Lindsey","Yes","ANHU","Female-like ","adult-like",0,"Summer","caught by domestic animal","Non-selasphorus spp.","3555_ANHU","Non-Selasphorus",2008-07-19
"2907","5/13/2016","Died","Lindsey","No","ANHU","Female-like ","adult-like",1,"Spring","caught by domestic animal","Non-selasphorus spp.","5606_ANHU","Non-Selasphorus",2016-05-13
"2908","3/20/2012","Died","Lindsey","No","ANHU","Female-like ","adult-like",0,"Spring","found on the ground","Non-selasphorus spp.","4394_ANHU","Non-Selasphorus",2012-03-20
"2909","4/28/1991","Released","Lindsey","Yes","ANHU","Female-like ","adult-like",3,"Spring","found on the ground","Non-selasphorus spp.","86_ANHU","Non-Selasphorus",1991-04-28
"2910","1/31/1997","Released","Lindsey","No","ANHU","Female-like ","adult-like",0,"Winter","unknown","Non-selasphorus spp.","1151_ANHU","Non-Selasphorus",1997-01-31
"2911","3/13/2013","Died","malibu","No","Selasphorus","Female-like ","adult-like",1,"Spring","unknown","Selasphorus spp.","5919_ALHU","Selasphorus",2013-03-13
"2912","6/21/2013","Died","malibu","No","Selasphorus","Female-like ","adult-like",1,"Summer","unknown","Selasphorus spp.","6001_ALHU","Selasphorus",2013-06-21
"2913","4/19/1999","Died","Lindsey","Yes","Selasphorus","Female-like ","adult-like",0,"Spring","unknown","Selasphorus spp.","1600_ALHU","Selasphorus",1999-04-19
"2914","5/27/1994","Died","Lindsey","Yes","ANHU","Female-like ","adult-like",0,"Spring","caught by domestic animal","Non-selasphorus spp.","651_ANHU","Non-Selasphorus",1994-05-27
"2915","5/28/2002","Died","Lindsey","Yes","ANHU","Female-like ","adult-like",0,"Spring","found on the ground","Non-selasphorus spp.","2260_ANHU","Non-Selasphorus",2002-05-28
"2916","4/26/1993","Died","Lindsey","Yes","ANHU","Female-like ","adult-like",0,"Spring","found on the ground","Non-selasphorus spp.","454_ANHU","Non-Selasphorus",1993-04-26
"2917","11/24/2013","Released","Lindsey","Yes","ANHU","Female-like ","adult-like",0,"Fall","found on the ground","Non-selasphorus spp.","4832_ANHU","Non-Selasphorus",2013-11-24
"2918","6/3/1999","Released","Lindsey","No","Non-selasphorus","unknown","Nestling",0,"Summer","found on the ground","Non-selasphorus spp.","1646_ANHU","Selasphorus",1999-06-03
"2919","7/6/1992","Died","Lindsey","No","ANHU","Female-like ","adult-like",0,"Summer","caught by domestic animal","Non-selasphorus spp.","338_ANHU","Non-Selasphorus",1992-07-06
"2920","3/3/2015","Died","Lindsey","No","ANHU","Female-like ","adult-like",0,"Spring","unknown","Non-selasphorus spp.","5197_ANHU","Non-Selasphorus",2015-03-03
"2921","6/21/1992","Died","Lindsey","Yes","ANHU","Female-like ","adult-like",1,"Summer","found on the ground","Non-selasphorus spp.","323_ANHU","Non-Selasphorus",1992-06-21
"2922","3/24/1991","Released","Lindsey","No","Non-selasphorus","unknown","Nestling",1,"Spring","unknown","Non-selasphorus spp.","43_ANHU","Selasphorus",1991-03-24
"2923","6/25/2012","Died","Lindsey","No","ANHU","Female-like ","adult-like",0,"Summer","nest-related","Non-selasphorus spp.","4511_ANHU","Non-Selasphorus",2012-06-25
"2924","3/15/1997","Released","Lindsey","No","Non-selasphorus","unknown","Nestling",0,"Spring","caught by domestic animal","Non-selasphorus spp.","1177_ANHU","Selasphorus",1997-03-15
"2925","1/15/2014","Died","Lindsey","No","ANHU","Male","adult-like",0,"Winter","found on the ground","Non-selasphorus spp.","4860_ANHU","Non-Selasphorus",2014-01-15
"2926","9/28/1998","Died","Lindsey","No","ANHU","Female-like ","adult-like",1,"Fall","unknown","Non-selasphorus spp.","1506_ANHU","Non-Selasphorus",1998-09-28
"2927","9/8/2006","Died","Lindsey","Yes","Selasphorus","Female-like ","adult-like",0,"Fall","caught by domestic animal","Selasphorus spp.","3153_ALHU","Selasphorus",2006-09-08
"2928","3/1/2015","Died","malibu","No","Selasphorus","Female-like ","adult-like",0,"Spring","window hit","Selasphorus spp.","6363_ALHU","Selasphorus",2015-03-01
"2929","9/18/2014","Died","Lindsey","No","ANHU","Female-like ","adult-like",0,"Fall","found on the ground","Non-selasphorus spp.","5107_ANHU","Non-Selasphorus",2014-09-18
"2930","7/7/2000","Died","Lindsey","Yes","ANHU","Female-like ","adult-like",0,"Summer","found on the ground","Non-selasphorus spp.","1883_ANHU","Non-Selasphorus",2000-07-07
"2931","6/17/2013","Released","Lindsey","No","Non-selasphorus","unknown","Nestling",0,"Summer","found on the ground","Non-selasphorus spp.","4766_ANHU","Selasphorus",2013-06-17
"2932","5/31/2014","Released","Lindsey","No","Non-selasphorus","unknown","Nestling",0,"Spring","nest-related","Non-selasphorus spp.","5022_ANHU","Selasphorus",2014-05-31
"2933","6/27/2013","Released","Lindsey","Yes","ANHU","Female-like ","adult-like",1,"Summer","found on the ground","Non-selasphorus spp.","4781_ANHU","Non-Selasphorus",2013-06-27
"2934","7/14/2009","Released","Lindsey","No","ANHU","Female-like ","adult-like",0,"Summer","window hit","Non-selasphorus spp.","3788_ANHU","Non-Selasphorus",2009-07-14
"2935","4/28/2014","Died","Lindsey","No","Non-selasphorus","unknown","Nestling",0,"Spring","found on the ground","Non-selasphorus spp.","4975_ANHU","Selasphorus",2014-04-28
"2936","3/13/1996","Released","Lindsey","Yes","ANHU","Female-like ","adult-like",0,"Spring","found on the ground","Non-selasphorus spp.","976_ANHU","Non-Selasphorus",1996-03-13
"2937","2/13/2014","Died","malibu","No","Selasphorus","Female-like ","adult-like",0,"Winter","unknown","Selasphorus spp.","6039_ALHU","Selasphorus",2014-02-13
"2938","7/6/1996","Died","Lindsey","No","ANHU","Female-like ","adult-like",0,"Summer","caught by domestic animal","Non-selasphorus spp.","1095_ANHU","Non-Selasphorus",1996-07-06
"2939","7/14/1998","Released","Lindsey","Yes","ANHU","Female-like ","adult-like",1,"Summer","found on the ground","Non-selasphorus spp.","1467_ANHU","Non-Selasphorus",1998-07-14
"2940","3/7/2011","Died","Lindsey","Yes","ANHU","Male","adult-like",0,"Spring","found on the ground","Non-selasphorus spp.","4117_ANHU","Non-Selasphorus",2011-03-07
"2941","6/23/2000","Died","Lindsey","No","ANHU","Female-like ","adult-like",0,"Summer","found on the ground","Non-selasphorus spp.","1867_ANHU","Non-Selasphorus",2000-06-23
"2942","4/27/2007","Died","Lindsey","No","ANHU","Female-like ","adult-like",0,"Spring","caught by domestic animal","Non-selasphorus spp.","3270_ANHU","Non-Selasphorus",2007-04-27
"2943","6/13/2014","Released","malibu","No","Selasphorus","Female-like ","adult-like",0,"Summer","unknown","Selasphorus spp.","6294_ALHU","Selasphorus",2014-06-13
"2944","5/2/2012","Released","Lindsey","No","ANHU","Female-like ","adult-like",1,"Spring","unknown","Non-selasphorus spp.","4455_ANHU","Non-Selasphorus",2012-05-02
"2945","3/9/2007","Released","Lindsey","Yes","Non-selasphorus","unknown","Nestling",0,"Spring","found on the ground","Non-selasphorus spp.","3218_ANHU","Selasphorus",2007-03-09
"2946","10/17/2015","Died","Lindsey","No","ANHU","Male","adult-like",0,"Fall","found on the ground","Non-selasphorus spp.","5444_ANHU","Non-Selasphorus",2015-10-17
"2947","7/23/2015","Died","malibu","Yes","BCHU","Female-like ","adult-like",2,"Summer","unknown","Non-selasphorus spp.","6485_BCHU","Non-Selasphorus",2015-07-23
"2948","6/30/2016","Released","Santa Barbara","No","Selasphorus","Female-like ","adult-like",0,"Summer","window hit","Selasphorus spp.","6898_ALHU","Selasphorus",2016-06-30
"2949","5/10/1992","Died","Lindsey","Yes","ANHU","Female-like ","adult-like",0,"Spring","found on the ground","Non-selasphorus spp.","274_ANHU","Non-Selasphorus",1992-05-10
"2950","3/17/2013","Released","Lindsey","Yes","ANHU","Male","adult-like",0,"Spring","found on the ground","Non-selasphorus spp.","4647_ANHU","Non-Selasphorus",2013-03-17
"2951","1/30/2011","Died","Lindsey","No","ANHU","Male","adult-like",0,"Winter","found on the ground","Non-selasphorus spp.","4091_ANHU","Non-Selasphorus",2011-01-30
"2952","4/1/2009","Died","Lindsey","Yes","Non-selasphorus","unknown","Nestling",1,"Spring","found on the ground","Non-selasphorus spp.","3672_ANHU","Selasphorus",2009-04-01
"2953","6/30/2014","Died","Lindsey","Yes","ANHU","Female-like ","adult-like",1,"Summer","caught by domestic animal","Non-selasphorus spp.","5066_ANHU","Non-Selasphorus",2014-06-30
"2954","4/3/2011","Released","Lindsey","No","ANHU","Male","adult-like",0,"Spring","caught by domestic animal","Non-selasphorus spp.","4150_ANHU","Non-Selasphorus",2011-04-03
"2955","1/30/2006","Died","Lindsey","No","ANHU","Female-like ","adult-like",0,"Winter","found on the ground","Non-selasphorus spp.","2994_ANHU","Non-Selasphorus",2006-01-30
"2956","10/18/1998","Died","Lindsey","No","ANHU","Female-like ","adult-like",0,"Fall","found on the ground","Non-selasphorus spp.","1509_ANHU","Non-Selasphorus",1998-10-18
"2957","1/15/2014","Died","Lindsey","Yes","ANHU","Male","adult-like",1,"Winter","window hit","Non-selasphorus spp.","4861_ANHU","Non-Selasphorus",2014-01-15
"2958","5/17/2013","Died","Lindsey","Yes","ANHU","Male","adult-like",0,"Spring","found on the ground","Non-selasphorus spp.","4728_ANHU","Non-Selasphorus",2013-05-17
"2959","4/1/1992","Released","Lindsey","No","ANHU","Female-like ","adult-like",0,"Spring","found on the ground","Non-selasphorus spp.","235_ANHU","Non-Selasphorus",1992-04-01
"2960","4/22/1993","Died","Lindsey","No","Non-selasphorus","unknown","Nestling",3,"Spring","nest-related","Non-selasphorus spp.","445_ANHU","Selasphorus",1993-04-22
"2961","4/7/2002","Died","Lindsey","Yes","Selasphorus","Female-like ","adult-like",1,"Spring","found on the ground","Selasphorus spp.","2202_RUHU","Selasphorus",2002-04-07
"2962","10/12/1997","Died","Lindsey","No","ANHU","Female-like ","adult-like",1,"Fall","caught by domestic animal","Non-selasphorus spp.","1311_ANHU","Non-Selasphorus",1997-10-12
"2963","2/10/2010","Died","Lindsey","Yes","ANHU","Female-like ","adult-like",0,"Winter","window hit","Non-selasphorus spp.","3860_ANHU","Non-Selasphorus",2010-02-10
"2964","2/8/1999","Died","Lindsey","Yes","ANHU","Female-like ","adult-like",0,"Winter","window hit","Non-selasphorus spp.","1538_ANHU","Non-Selasphorus",1999-02-08
"2965","8/31/2013","Died","Lindsey","No","ANHU","Female-like ","adult-like",0,"Summer","found on the ground","Non-selasphorus spp.","4807_ANHU","Non-Selasphorus",2013-08-31
"2966","2/8/1993","Died","Lindsey","No","ANHU","Female-like ","adult-like",0,"Winter","suspect torpor-like state","Non-selasphorus spp.","376_ANHU","Non-Selasphorus",1993-02-08
"2967","7/5/2013","Died","Lindsey","Yes","ANHU","Female-like ","adult-like",1,"Summer","found on the ground","Non-selasphorus spp.","4785_ANHU","Non-Selasphorus",2013-07-05
"2968","6/22/2013","Died","Lindsey","Yes","ANHU","Female-like ","adult-like",0,"Summer","found on the ground","Non-selasphorus spp.","4773_ANHU","Non-Selasphorus",2013-06-22
"2969","3/10/2003","Died","Lindsey","No","ANHU","Female-like ","adult-like",0,"Spring","found on the ground","Non-selasphorus spp.","2406_ANHU","Non-Selasphorus",2003-03-10
"2970","4/4/2008","Released","Lindsey","No","ANHU","Female-like ","adult-like",0,"Spring","found on the ground","Non-selasphorus spp.","3454_ANHU","Non-Selasphorus",2008-04-04
"2971","6/9/2016","Died","Lindsey","No","ANHU","Male","adult-like",1,"Summer","found on the ground","Non-selasphorus spp.","5635_ANHU","Non-Selasphorus",2016-06-09
"2972","3/23/2015","Died","malibu","Yes","Selasphorus","Female-like ","adult-like",0,"Spring","found on the ground","Selasphorus spp.","6372_ALHU","Selasphorus",2015-03-23
"2973","3/12/2012","Died","Lindsey","Yes","ANHU","Female-like ","adult-like",0,"Spring","unknown","Non-selasphorus spp.","4385_ANHU","Non-Selasphorus",2012-03-12
"2974","5/20/2015","Released","Lindsey","No","ANHU","Female-like ","adult-like",0,"Spring","window hit","Non-selasphorus spp.","5326_ANHU","Non-Selasphorus",2015-05-20
"2975","5/28/2012","Died","Lindsey","Yes","ANHU","Female-like ","adult-like",1,"Spring","found on the ground","Non-selasphorus spp.","4483_ANHU","Non-Selasphorus",2012-05-28
"2976","2/15/2000","Died","Lindsey","No","ANHU","Female-like ","adult-like",0,"Winter","suspect torpor-like state","Non-selasphorus spp.","1736_ANHU","Non-Selasphorus",2000-02-15
"2977","4/20/1996","Died","Lindsey","No","ANHU","Female-like ","adult-like",0,"Spring","found on the ground","Non-selasphorus spp.","1031_ANHU","Non-Selasphorus",1996-04-20
"2978","5/13/2015","Released","malibu","No","Selasphorus","Female-like ","adult-like",1,"Spring","unknown","Selasphorus spp.","6603_ALHU","Selasphorus",2015-05-13
"2979","4/30/2012","Released","Lindsey","Yes","ANHU","Female-like ","adult-like",0,"Spring","found on the ground","Non-selasphorus spp.","4448_ANHU","Non-Selasphorus",2012-04-30
"2980","6/10/2013","Died","malibu","No","Selasphorus","Female-like ","adult-like",0,"Summer","unknown","Selasphorus spp.","5969_ALHU","Selasphorus",2013-06-10
"2981","2/27/2014","Died","malibu","No","Selasphorus","Female-like ","adult-like",0,"Winter","unknown","Selasphorus spp.","6049_ALHU","Selasphorus",2014-02-27
"2982","7/9/2015","Released","Lindsey","No","Selasphorus","unknown","Nestling",0,"Summer","nest-related","Selasphorus spp.","5414_ALHU","Selasphorus",2015-07-09
"2983","2/9/2003","Released","Lindsey","Yes","Selasphorus","Female-like ","adult-like",0,"Winter","found on the ground","Selasphorus spp.","2379_ALHU","Selasphorus",2003-02-09
"2984","7/6/1991","Released","Lindsey","No","ANHU","Female-like ","adult-like",31,"Summer","found on the ground","Non-selasphorus spp.","144_ANHU","Non-Selasphorus",1991-07-06
"2985","4/4/1998","Died","Lindsey","No","ANHU","Female-like ","adult-like",0,"Spring","window hit","Non-selasphorus spp.","1369_ANHU","Non-Selasphorus",1998-04-04
"2986","2/28/2000","Released","Lindsey","No","ANHU","Female-like ","adult-like",0,"Winter","window hit","Non-selasphorus spp.","1749_ANHU","Non-Selasphorus",2000-02-28
"2987","4/4/1992","Died","Lindsey","No","Non-selasphorus","unknown","Nestling",0,"Spring","found on the ground","Non-selasphorus spp.","237_ANHU","Selasphorus",1992-04-04
"2988","1/19/2014","Died","Lindsey","No","ANHU","Female-like ","adult-like",1,"Winter","found on the ground","Non-selasphorus spp.","4864_ANHU","Non-Selasphorus",2014-01-19
"2989","6/24/2016","Died","Lindsey","No","Non-selasphorus","unknown","Nestling",0,"Summer","found on the ground","Non-selasphorus spp.","5662_ANHU","Selasphorus",2016-06-24
"2990","7/24/2015","Released","malibu","No","BCHU","Female-like ","adult-like",5,"Summer","unknown","Non-selasphorus spp.","6482_BCHU","Non-Selasphorus",2015-07-24
"2991","5/8/2002","Released","Lindsey","Yes","ANHU","Female-like ","adult-like",2,"Spring","found on the ground","Non-selasphorus spp.","2237_ANHU","Non-Selasphorus",2002-05-08
"2992","3/12/1995","Released","Lindsey","No","ANHU","Female-like ","adult-like",0,"Spring","found on the ground","Non-selasphorus spp.","771_ANHU","Non-Selasphorus",1995-03-12
"2993","3/22/2010","Released","Lindsey","No","ANHU","Male","adult-like",0,"Spring","window hit","Non-selasphorus spp.","3891_ANHU","Non-Selasphorus",2010-03-22
"2994","5/23/2000","Released","Lindsey","Yes","ANHU","Female-like ","adult-like",1,"Spring","found on the ground","Non-selasphorus spp.","1832_ANHU","Non-Selasphorus",2000-05-23
"2995","4/11/2012","Died","Lindsey","No","ANHU","Female-like ","adult-like",0,"Spring","found on the ground","Non-selasphorus spp.","4424_ANHU","Non-Selasphorus",2012-04-11
"2996","5/6/2001","Released","Lindsey","No","Non-selasphorus","unknown","Nestling",0,"Spring","found on the ground","Non-selasphorus spp.","2039_ANHU","Selasphorus",2001-05-06
"2997","7/7/2014","Died","Lindsey","Yes","ANHU","Female-like ","adult-like",0,"Summer","found on the ground","Non-selasphorus spp.","5078_ANHU","Non-Selasphorus",2014-07-07
"2998","4/23/2001","Released","Lindsey","Yes","Non-selasphorus","unknown","Nestling",2,"Spring","nest-related","Non-selasphorus spp.","2024_ANHU","Selasphorus",2001-04-23
"2999","8/3/2013","Died","Lindsey","No","ANHU","Male","adult-like",0,"Summer","found on the ground","Non-selasphorus spp.","4798_ANHU","Non-Selasphorus",2013-08-03
"3000","6/12/2016","Died","Lindsey","Yes","Non-selasphorus","unknown","Nestling",0,"Summer","found on the ground","Non-selasphorus spp.","5640_ANHU","Selasphorus",2016-06-12
"3001","5/5/1995","Died","Lindsey","Yes","Non-selasphorus","unknown","Nestling",1,"Spring","nest-related","Non-selasphorus spp.","834_ANHU","Selasphorus",1995-05-05
"3002","7/7/2014","Died","Lindsey","No","ANHU","Female-like ","adult-like",0,"Summer","found on the ground","Non-selasphorus spp.","5079_ANHU","Non-Selasphorus",2014-07-07
"3003","5/19/2013","Released","Lindsey","Yes","Non-selasphorus","unknown","Nestling",0,"Spring","nest-related","Non-selasphorus spp.","4731_ANHU","Selasphorus",2013-05-19
"3004","2/25/2006","Released","Lindsey","Yes","ANHU","Female-like ","adult-like",0,"Winter","caught by domestic animal","Non-selasphorus spp.","3008_ANHU","Non-Selasphorus",2006-02-25
"3005","7/11/2009","Died","Lindsey","No","Non-selasphorus","unknown","Nestling",0,"Summer","nest-related","Non-selasphorus spp.","3787_ANHU","Selasphorus",2009-07-11
"3006","6/23/1999","Released","Lindsey","No","Non-selasphorus","unknown","Nestling",0,"Summer","nest-related","Non-selasphorus spp.","1671_ANHU","Selasphorus",1999-06-23
"3007","3/12/1991","Died","Lindsey","No","Selasphorus","Female-like ","adult-like",1,"Spring","window hit","Selasphorus spp.","31_ALHU","Selasphorus",1991-03-12
"3008","6/1/2010","Released","Lindsey","No","Non-selasphorus","unknown","Nestling",0,"Summer","found on the ground","Non-selasphorus spp.","3975_ANHU","Selasphorus",2010-06-01
"3009","4/17/2011","Released","Lindsey","No","ANHU","Male","adult-like",0,"Spring","caught by domestic animal","Non-selasphorus spp.","4173_ANHU","Non-Selasphorus",2011-04-17
"3010","6/11/2004","Died","Lindsey","No","Non-selasphorus","unknown","Nestling",0,"Summer","found on the ground","Non-selasphorus spp.","2718_ANHU","Selasphorus",2004-06-11
"3011","7/31/2012","Died","Lindsey","Yes","ANHU","Male","adult-like",0,"Summer","found on the ground","Non-selasphorus spp.","4547_ANHU","Non-Selasphorus",2012-07-31
"3012","4/14/2012","Released","Lindsey","No","Non-selasphorus","unknown","Nestling",0,"Spring","found on the ground","Non-selasphorus spp.","4431_ANHU","Selasphorus",2012-04-14
"3013","5/30/2010","Released","Lindsey","Yes","Non-selasphorus","unknown","Nestling",0,"Spring","found on the ground","Non-selasphorus spp.","3969_ANHU","Selasphorus",2010-05-30
"3014","3/17/1995","Released","Lindsey","Yes","Non-selasphorus","unknown","Nestling",0,"Spring","found on the ground","Non-selasphorus spp.","779_ANHU","Selasphorus",1995-03-17
"3015","8/17/2016","Died","Santa Barbara","No","ANHU","Female-like ","adult-like",0,"Summer","found on the ground","Non-selasphorus spp.","6918_ANHU","Non-Selasphorus",2016-08-17
"3016","7/5/2013","Died","malibu","No","BCHU","Female-like ","adult-like",0,"Summer","unknown","Non-selasphorus spp.","6015_BCHU","Non-Selasphorus",2013-07-05
"3017","10/15/1997","Died","Lindsey","No","ANHU","Female-like ","adult-like",0,"Fall","caught by domestic animal","Non-selasphorus spp.","1313_ANHU","Non-Selasphorus",1997-10-15
"3018","5/1/2004","Died","Lindsey","No","ANHU","Female-like ","adult-like",0,"Spring","found on the ground","Non-selasphorus spp.","2682_ANHU","Non-Selasphorus",2004-05-01
"3019","8/10/1996","Died","Lindsey","No","Selasphorus","Female-like ","adult-like",0,"Summer","window hit","Selasphorus spp.","1113_RUHU","Selasphorus",1996-08-10
"3020","6/28/2002","Released","Lindsey","Yes","ANHU","Female-like ","adult-like",0,"Summer","unknown","Non-selasphorus spp.","2293_ANHU","Non-Selasphorus",2002-06-28
"3021","1/11/2014","Died","malibu","No","ANHU","Male","adult-like",0,"Winter","found on the ground","Non-selasphorus spp.","6030_ANHU","Non-Selasphorus",2014-01-11
"3022","6/3/2013","Died","malibu","Yes","Selasphorus","unknown","Nestling",1,"Summer","unknown","Selasphorus spp.","5827_ALHU","Selasphorus",2013-06-03
"3023","3/19/2011","Released","Lindsey","No","Selasphorus","unknown","Nestling",0,"Spring","found on the ground","Selasphorus spp.","4133_ALHU","Selasphorus",2011-03-19
"3024","6/25/2013","Released","Lindsey","No","Non-selasphorus","unknown","Nestling",0,"Summer","nest-related","Non-selasphorus spp.","4779_ANHU","Selasphorus",2013-06-25
"3025","8/26/2015","Released","Lindsey","Yes","Selasphorus","unknown","Nestling",1,"Summer","found on the ground","Selasphorus spp.","5437_ALHU","Selasphorus",2015-08-26
"3026","3/1/2013","Died","malibu","No","ANHU","Female-like ","adult-like",0,"Spring","unknown","Non-selasphorus spp.","5748_ANHU","Non-Selasphorus",2013-03-01
"3027","5/8/2015","Died","Lindsey","No","ANHU","Female-like ","adult-like",0,"Spring","caught by domestic animal","Non-selasphorus spp.","5310_ANHU","Non-Selasphorus",2015-05-08
"3028","6/21/1998","Released","Lindsey","No","ANHU","Female-like ","adult-like",0,"Summer","caught by domestic animal","Non-selasphorus spp.","1445_ANHU","Non-Selasphorus",1998-06-21
"3029","4/8/1993","Released","Lindsey","No","ANHU","Female-like ","adult-like",0,"Spring","found on the ground","Non-selasphorus spp.","426_ANHU","Non-Selasphorus",1993-04-08
"3030","2/12/1992","Died","Lindsey","No","ANHU","Female-like ","adult-like",0,"Winter","unknown","Non-selasphorus spp.","207_ANHU","Non-Selasphorus",1992-02-12
"3031","5/22/1997","Died","Lindsey","No","ANHU","Female-like ","adult-like",0,"Spring","found on the ground","Non-selasphorus spp.","1243_ANHU","Non-Selasphorus",1997-05-22
"3032","6/23/2000","Died","Lindsey","No","ANHU","Female-like ","adult-like",0,"Summer","found on the ground","Non-selasphorus spp.","1865_ANHU","Non-Selasphorus",2000-06-23
"3033","12/29/2004","Died","Lindsey","No","ANHU","Female-like ","adult-like",0,"Winter","window hit","Non-selasphorus spp.","2780_ANHU","Non-Selasphorus",2004-12-29
"3034","4/9/2010","Released","Lindsey","Yes","ANHU","Female-like ","adult-like",0,"Spring","window hit","Non-selasphorus spp.","3909_ANHU","Non-Selasphorus",2010-04-09
"3035","6/22/2010","Released","Lindsey","No","Non-selasphorus","unknown","Nestling",1,"Summer","nest-related","Non-selasphorus spp.","3996_ANHU","Selasphorus",2010-06-22
"3036","8/2/2013","Died","Lindsey","No","Non-selasphorus","unknown","Nestling",0,"Summer","caught by domestic animal","Non-selasphorus spp.","4797_ANHU","Selasphorus",2013-08-02
"3037","4/10/1993","Released","Lindsey","Yes","Non-selasphorus","unknown","Nestling",3,"Spring","nest-related","Non-selasphorus spp.","432_ANHU","Selasphorus",1993-04-10
"3038","9/5/1998","Died","Lindsey","Yes","ANHU","Female-like ","adult-like",1,"Fall","caught by domestic animal","Non-selasphorus spp.","1497_ANHU","Non-Selasphorus",1998-09-05
"3039","7/11/2016","Died","Santa Barbara","No","Non-selasphorus","unknown","Nestling",0,"Summer","found on the ground","Non-selasphorus spp.","6903_ANHU","Selasphorus",2016-07-11
"3040","9/12/2011","Died","Lindsey","No","ANHU","Male","adult-like",0,"Fall","found on the ground","Non-selasphorus spp.","4307_ANHU","Non-Selasphorus",2011-09-12
"3041","3/22/2016","Died","malibu","Yes","ANHU","Female-like ","adult-like",1,"Spring","found on the ground","Non-selasphorus spp.","6644_ANHU","Non-Selasphorus",2016-03-22
"3042","9/26/1991","Died","Lindsey","No","ANHU","Female-like ","adult-like",0,"Fall","found on the ground","Non-selasphorus spp.","182_ANHU","Non-Selasphorus",1991-09-26
"3043","3/12/1995","Died","Lindsey","Yes","ANHU","Female-like ","adult-like",1,"Spring","unknown","Non-selasphorus spp.","773_ANHU","Non-Selasphorus",1995-03-12
"3044","2/11/1993","Died","Lindsey","No","Non-selasphorus","unknown","Nestling",0,"Winter","caught by domestic animal","Non-selasphorus spp.","377_ANHU","Selasphorus",1993-02-11
"3045","2/24/2002","Released","Lindsey","No","ANHU","Female-like ","adult-like",0,"Winter","found on the ground","Non-selasphorus spp.","2162_ANHU","Non-Selasphorus",2002-02-24
"3046","9/10/1995","Released","Lindsey","No","ANHU","Female-like ","adult-like",0,"Fall","caught by domestic animal","Non-selasphorus spp.","924_ANHU","Non-Selasphorus",1995-09-10
"3047","12/31/2015","Released","malibu","No","Non-selasphorus","unknown","Nestling",241,"Winter","unknown","Non-selasphorus spp.","6563_ANHU","Selasphorus",2015-12-31
"3048","5/5/2013","Died","Lindsey","No","ANHU","Female-like ","adult-like",0,"Spring","found on the ground","Non-selasphorus spp.","4718_ANHU","Non-Selasphorus",2013-05-05
"3049","7/1/2003","Released","Lindsey","No","Non-selasphorus","unknown","Nestling",0,"Summer","nest-related","Non-selasphorus spp.","2530_ANHU","Selasphorus",2003-07-01
"3050","5/30/2007","Released","Lindsey","Yes","ANHU","Female-like ","adult-like",3,"Spring","found on the ground","Non-selasphorus spp.","3300_ANHU","Non-Selasphorus",2007-05-30
"3051","3/29/2015","Released","Lindsey","No","ANHU","Female-like ","adult-like",8,"Spring","nest-related","Non-selasphorus spp.","5238_ANHU","Non-Selasphorus",2015-03-29
"3052","4/4/2002","Died","Lindsey","No","ANHU","Female-like ","adult-like",1,"Spring","unknown","Non-selasphorus spp.","2197_ANHU","Non-Selasphorus",2002-04-04
"3053","4/14/2003","Died","Lindsey","No","ANHU","Female-like ","adult-like",0,"Spring","found on the ground","Non-selasphorus spp.","2452_ANHU","Non-Selasphorus",2003-04-14
"3054","5/11/2012","Released","Lindsey","No","Non-selasphorus","unknown","Nestling",0,"Spring","found on the ground","Non-selasphorus spp.","4467_ANHU","Selasphorus",2012-05-11
"3055","7/5/2006","Released","Lindsey","No","Non-selasphorus","unknown","Nestling",0,"Summer","found on the ground","Non-selasphorus spp.","3135_ANHU","Selasphorus",2006-07-05
"3056","12/26/2014","Died","Lindsey","No","ANHU","Female-like ","adult-like",0,"Winter","window hit","Non-selasphorus spp.","5142_ANHU","Non-Selasphorus",2014-12-26
"3057","3/27/2006","Died","Lindsey","Yes","Non-selasphorus","unknown","Nestling",0,"Spring","found on the ground","Non-selasphorus spp.","3042_ANHU","Selasphorus",2006-03-27
"3058","4/23/2016","Released","Lindsey","Yes","ANHU","Female-like ","adult-like",2,"Spring","found on the ground","Non-selasphorus spp.","5584_ANHU","Non-Selasphorus",2016-04-23
"3059","4/24/2016","Died","Lindsey","No","ANHU","Male","adult-like",0,"Spring","caught by domestic animal","Non-selasphorus spp.","5590_ANHU","Non-Selasphorus",2016-04-24
"3060","3/5/2009","Released","Lindsey","No","ANHU","Female-like ","adult-like",0,"Spring","window hit","Non-selasphorus spp.","3635_ANHU","Non-Selasphorus",2009-03-05
"3061","3/22/2009","Died","Lindsey","No","ANHU","Female-like ","adult-like",0,"Spring","nest-related","Non-selasphorus spp.","3657_ANHU","Non-Selasphorus",2009-03-22
"3062","5/19/2014","Released","Lindsey","No","Non-selasphorus","unknown","Nestling",0,"Spring","nest-related","Non-selasphorus spp.","5009_ANHU","Selasphorus",2014-05-19
"3063","3/13/1995","Released","Lindsey","No","Non-selasphorus","unknown","Nestling",0,"Spring","found on the ground","Non-selasphorus spp.","775_ANHU","Selasphorus",1995-03-13
"3064","9/16/1998","Died","Lindsey","Yes","ANHU","Female-like ","adult-like",1,"Fall","caught by domestic animal","Non-selasphorus spp.","1500_ANHU","Non-Selasphorus",1998-09-16
"3065","7/6/2010","Released","Lindsey","No","BCHU","Female-like ","adult-like",0,"Summer","found on the ground","Non-selasphorus spp.","4019_BCHU","Non-Selasphorus",2010-07-06
"3066","4/6/2016","Released","malibu","No","Selasphorus","unknown","Nestling",1,"Spring","nest-related","Selasphorus spp.","6667_ALHU","Selasphorus",2016-04-06
"3067","8/1/1992","Died","Lindsey","No","ANHU","Female-like ","adult-like",0,"Summer","found on the ground","Non-selasphorus spp.","353_ANHU","Non-Selasphorus",1992-08-01
"3068","3/9/1999","Released","Lindsey","No","ANHU","Female-like ","adult-like",0,"Spring","caught by domestic animal","Non-selasphorus spp.","1550_ANHU","Non-Selasphorus",1999-03-09
"3069","4/3/2005","Released","Lindsey","No","ANHU","Female-like ","adult-like",0,"Spring","caught by domestic animal","Non-selasphorus spp.","2840_ANHU","Non-Selasphorus",2005-04-03
"3070","4/9/2014","Died","malibu","No","Selasphorus","Female-like ","adult-like",0,"Spring","caught by domestic animal","Selasphorus spp.","6088_ALHU","Selasphorus",2014-04-09
"3071","4/1/2011","Died","Lindsey","Yes","ANHU","Female-like ","adult-like",1,"Spring","found on the ground","Non-selasphorus spp.","4144_ANHU","Non-Selasphorus",2011-04-01
"3072","10/6/2015","Died","Lindsey","Yes","ANHU","Male","adult-like",0,"Fall","unknown","Non-selasphorus spp.","5443_ANHU","Non-Selasphorus",2015-10-06
"3073","1/16/2002","Died","Lindsey","No","ANHU","Female-like ","adult-like",0,"Winter","unknown","Non-selasphorus spp.","2146_ANHU","Non-Selasphorus",2002-01-16
"3074","4/25/2010","Died","Lindsey","Yes","Non-selasphorus","unknown","Nestling",0,"Spring","unknown","Non-selasphorus spp.","3932_ANHU","Selasphorus",2010-04-25
"3075","3/27/2008","Released","Lindsey","No","ANHU","Male","adult-like",0,"Spring","found on the ground","Non-selasphorus spp.","3447_ANHU","Non-Selasphorus",2008-03-27
"3076","1/20/2008","Died","Lindsey","No","ANHU","Male","adult-like",0,"Winter","found on the ground","Non-selasphorus spp.","3404_ANHU","Non-Selasphorus",2008-01-20
"3077","6/3/1994","Released","Lindsey","Yes","Non-selasphorus","unknown","Nestling",1,"Summer","found on the ground","Non-selasphorus spp.","661_ANHU","Selasphorus",1994-06-03
"3078","7/1/2005","Released","Lindsey","No","Non-selasphorus","unknown","Nestling",1,"Summer","nest-related","Non-selasphorus spp.","2942_ANHU","Selasphorus",2005-07-01
"3079","5/27/2014","Released","Lindsey","No","ANHU","Female-like ","adult-like",0,"Spring","found on the ground","Non-selasphorus spp.","5015_ANHU","Non-Selasphorus",2014-05-27
"3080","5/14/1992","Released","Lindsey","No","Non-selasphorus","unknown","Nestling",0,"Spring","found on the ground","Non-selasphorus spp.","278_ANHU","Selasphorus",1992-05-14
"3081","3/24/1991","Died","Lindsey","No","Non-selasphorus","unknown","Nestling",0,"Spring","unknown","Non-selasphorus spp.","42_ANHU","Selasphorus",1991-03-24
"3082","2/24/2016","Released","Lindsey","No","ANHU","Female-like ","adult-like",0,"Winter","found on the ground","Non-selasphorus spp.","5505_ANHU","Non-Selasphorus",2016-02-24
"3083","4/27/2014","Released","malibu","No","ANHU","Female-like ","adult-like",0,"Spring","unknown","Non-selasphorus spp.","6276_ANHU","Non-Selasphorus",2014-04-27
"3084","9/18/2014","Died","malibu","Yes","Selasphorus","Female-like ","adult-like",0,"Fall","found on the ground","Selasphorus spp.","6234_ALHU","Selasphorus",2014-09-18
"3085","5/26/2005","Released","Lindsey","No","Non-selasphorus","unknown","Nestling",0,"Spring","unknown","Non-selasphorus spp.","2892_ANHU","Selasphorus",2005-05-26
"3086","8/19/1991","Died","Lindsey","No","Selasphorus","Female-like ","adult-like",1,"Summer","found inside","Selasphorus spp.","169_ALHU","Selasphorus",1991-08-19
"3087","2/7/2013","Died","Lindsey","Yes","ANHU","Female-like ","adult-like",0,"Winter","found inside","Non-selasphorus spp.","4604_ANHU","Non-Selasphorus",2013-02-07
"3088","5/25/2000","Released","Lindsey","Yes","ANHU","Female-like ","adult-like",1,"Spring","unknown","Non-selasphorus spp.","1836_ANHU","Non-Selasphorus",2000-05-25
"3089","5/8/2007","Released","Lindsey","Yes","Non-selasphorus","unknown","Nestling",1,"Spring","found on the ground","Non-selasphorus spp.","3280_ANHU","Selasphorus",2007-05-08
"3090","9/30/2016","Died","Santa Barbara","No","Non-selasphorus","unknown","Nestling",0,"Fall","unknown","Non-selasphorus spp.","6930_ANHU","Selasphorus",2016-09-30
"3091","6/20/2014","Released","Lindsey","No","ANHU","Female-like ","adult-like",1,"Summer","nest-related","Non-selasphorus spp.","5057_ANHU","Non-Selasphorus",2014-06-20
"3092","6/7/2014","Died","malibu","No","Selasphorus","unknown","Nestling",0,"Summer","found on the ground","Selasphorus spp.","6133_ALHU","Selasphorus",2014-06-07
"3093","7/5/1994","Released","Lindsey","Yes","Non-selasphorus","unknown","Nestling",0,"Summer","found on the ground","Non-selasphorus spp.","693_ANHU","Selasphorus",1994-07-05
"3094","4/11/1997","Died","Lindsey","No","Selasphorus","Female-like ","adult-like",0,"Spring","window hit","Selasphorus spp.","1209_RUHU","Selasphorus",1997-04-11
"3095","1/3/2015","Died","malibu","Yes","Selasphorus","Female-like ","adult-like",1,"Winter","unknown","Selasphorus spp.","6338_ALHU","Selasphorus",2015-01-03
"3096","6/8/2008","Released","Lindsey","Yes","Non-selasphorus","unknown","Nestling",2,"Summer","found on the ground","Non-selasphorus spp.","3514_ANHU","Selasphorus",2008-06-08
"3097","4/2/2016","Died","Santa Barbara","No","ANHU","Female-like ","adult-like",0,"Spring","unknown","Non-selasphorus spp.","6858_ANHU","Non-Selasphorus",2016-04-02
"3098","2/14/2014","Died","malibu","Yes","Selasphorus","Female-like ","adult-like",1,"Winter","found on the ground","Selasphorus spp.","6041_ALHU","Selasphorus",2014-02-14
"3099","3/24/2014","Died","malibu","Yes","Selasphorus","unknown","Nestling",1,"Spring","unknown","Selasphorus spp.","6068_ALHU","Selasphorus",2014-03-24
"3100","3/28/2015","Died","malibu","No","Selasphorus","Female-like ","adult-like",0,"Spring","found on the ground","Selasphorus spp.","6377_ALHU","Selasphorus",2015-03-28
"3101","10/29/2008","Died","Lindsey","No","ANHU","Female-like ","adult-like",0,"Fall","window hit","Non-selasphorus spp.","3584_ANHU","Non-Selasphorus",2008-10-29
"3102","1/21/2014","Died","malibu","Yes","ANHU","Female-like ","adult-like",1,"Winter","found on the ground","Non-selasphorus spp.","6033_ANHU","Non-Selasphorus",2014-01-21
"3103","3/28/2013","Released","malibu","No","Selasphorus","unknown","Nestling",0,"Spring","nest-related","Selasphorus spp.","5764_ALHU","Selasphorus",2013-03-28
"3104","3/30/2015","Released","malibu","No","ANHU","Female-like ","adult-like",0,"Spring","unknown","Non-selasphorus spp.","6529_ANHU","Non-Selasphorus",2015-03-30
"3105","6/23/2005","Released","Lindsey","No","Non-selasphorus","unknown","Nestling",0,"Summer","found on the ground","Non-selasphorus spp.","2930_ANHU","Selasphorus",2005-06-23
"3106","6/4/2004","Died","Lindsey","No","ANHU","Female-like ","adult-like",0,"Summer","caught by domestic animal","Non-selasphorus spp.","2710_ANHU","Non-Selasphorus",2004-06-04
"3107","3/9/2013","Released","malibu","No","Non-selasphorus","unknown","Nestling",0,"Spring","nest-related","Non-selasphorus spp.","5753_ANHU","Selasphorus",2013-03-09
"3108","6/16/2007","Died","Lindsey","No","Non-selasphorus","unknown","Nestling",0,"Summer","found on the ground","Non-selasphorus spp.","3325_ANHU","Selasphorus",2007-06-16
"3109","4/26/2009","Died","Lindsey","No","ANHU","Female-like ","adult-like",0,"Spring","found inside","Non-selasphorus spp.","3707_ANHU","Non-Selasphorus",2009-04-26
"3110","6/6/1993","Died","Lindsey","No","ANHU","Female-like ","adult-like",0,"Summer","caught by domestic animal","Non-selasphorus spp.","488_ANHU","Non-Selasphorus",1993-06-06
"3111","7/7/1998","Released","Lindsey","No","Selasphorus","unknown","Nestling",0,"Summer","nest-related","Selasphorus spp.","1457_ALHU","Selasphorus",1998-07-07
"3112","1/28/1995","Died","Lindsey","No","ANHU","Female-like ","adult-like",0,"Winter","found on the ground","Non-selasphorus spp.","744_ANHU","Non-Selasphorus",1995-01-28
"3113","5/13/2005","Died","Lindsey","No","Selasphorus","Female-like ","adult-like",0,"Spring","found on the ground","Selasphorus spp.","2878_ALHU","Selasphorus",2005-05-13
"3114","3/3/2001","Died","Lindsey","No","ANHU","Female-like ","adult-like",0,"Spring","window hit","Non-selasphorus spp.","1969_ANHU","Non-Selasphorus",2001-03-03
"3115","5/14/2015","Died","malibu","Yes","Selasphorus","Female-like ","adult-like",0,"Spring","found on the ground","Selasphorus spp.","6422_ALHU","Selasphorus",2015-05-14
"3116","6/6/2016","Died","malibu","Yes","Selasphorus","Female-like ","adult-like",1,"Summer","found on the ground","Selasphorus spp.","6748_ALHU","Selasphorus",2016-06-06
"3117","3/15/1995","Died","Lindsey","No","Selasphorus","Female-like ","adult-like",1,"Spring","window hit","Selasphorus spp.","777_RUHU","Selasphorus",1995-03-15
"3118","4/13/2013","Released","Lindsey","No","Non-selasphorus","unknown","Nestling",0,"Spring","nest-related","Non-selasphorus spp.","4688_ANHU","Selasphorus",2013-04-13
"3119","6/17/1994","Released","Lindsey","Yes","ANHU","Female-like ","adult-like",0,"Summer","nest-related","Non-selasphorus spp.","678_ANHU","Non-Selasphorus",1994-06-17
"3120","3/14/2015","Died","malibu","Yes","Selasphorus","Female-like ","adult-like",0,"Spring","found on the ground","Selasphorus spp.","6366_ALHU","Selasphorus",2015-03-14
"3121","7/14/1994","Released","Lindsey","No","ANHU","Female-like ","adult-like",0,"Summer","found inside","Non-selasphorus spp.","705_ANHU","Non-Selasphorus",1994-07-14
"3122","3/31/2005","Died","Lindsey","Yes","Non-selasphorus","unknown","Nestling",1,"Spring","nest-related","Non-selasphorus spp.","2834_ANHU","Selasphorus",2005-03-31
"3123","3/19/1997","Released","Lindsey","No","Non-selasphorus","unknown","Nestling",0,"Spring","unknown","Non-selasphorus spp.","1186_ANHU","Selasphorus",1997-03-19
"3124","12/3/1997","Released","Lindsey","No","ANHU","Female-like ","adult-like",0,"Winter","caught by domestic animal","Non-selasphorus spp.","1319_ANHU","Non-Selasphorus",1997-12-03
"3125","1/15/2000","Died","Lindsey","No","ANHU","Female-like ","adult-like",0,"Winter","found on the ground","Non-selasphorus spp.","1728_ANHU","Non-Selasphorus",2000-01-15
"3126","6/12/2015","Released","Lindsey","No","ANHU","Female-like ","adult-like",0,"Summer","found on the ground","Non-selasphorus spp.","5378_ANHU","Non-Selasphorus",2015-06-12
"3127","4/23/1993","Died","Lindsey","No","Selasphorus","unknown","Nestling",0,"Spring","nest-related","Selasphorus spp.","447_ALHU","Selasphorus",1993-04-23
"3128","4/23/2014","Released","malibu","Yes","Non-selasphorus","unknown","Nestling",2,"Spring","nest-related","Non-selasphorus spp.","6103_ANHU","Selasphorus",2014-04-23
"3129","6/10/2008","Died","Lindsey","No","ANHU","Female-like ","adult-like",0,"Summer","found on the ground","Non-selasphorus spp.","3518_ANHU","Non-Selasphorus",2008-06-10
"3130","9/5/2016","Died","Lindsey","No","ANHU","Male","adult-like",0,"Fall","window hit","Non-selasphorus spp.","5704_ANHU","Non-Selasphorus",2016-09-05
"3131","1/17/1999","Died","Lindsey","No","ANHU","Female-like ","adult-like",0,"Winter","suspect torpor-like state","Non-selasphorus spp.","1532_ANHU","Non-Selasphorus",1999-01-17
"3132","4/14/1999","Released","Lindsey","No","Selasphorus","unknown","Nestling",0,"Spring","caught by domestic animal","Selasphorus spp.","1593_ALHU","Selasphorus",1999-04-14
"3133","1/16/2005","Died","Lindsey","No","ANHU","Female-like ","adult-like",0,"Winter","found on the ground","Non-selasphorus spp.","2783_ANHU","Non-Selasphorus",2005-01-16
"3134","4/18/1993","Released","Lindsey","No","Non-selasphorus","unknown","Nestling",0,"Spring","unknown","Non-selasphorus spp.","439_ANHU","Selasphorus",1993-04-18
"3135","3/17/1999","Died","Lindsey","Yes","Non-selasphorus","unknown","Nestling",4,"Spring","found on the ground","Non-selasphorus spp.","1557_ANHU","Selasphorus",1999-03-17
"3136","2/7/1995","Died","Lindsey","No","ANHU","Female-like ","adult-like",1,"Winter","caught by domestic animal","Non-selasphorus spp.","748_ANHU","Non-Selasphorus",1995-02-07
"3137","4/11/2011","Died","Lindsey","No","Non-selasphorus","unknown","Nestling",0,"Spring","nest-related","Non-selasphorus spp.","4165_ANHU","Selasphorus",2011-04-11
"3138","4/2/1997","Released","Lindsey","No","ANHU","Female-like ","adult-like",0,"Spring","found on the ground","Non-selasphorus spp.","1201_ANHU","Non-Selasphorus",1997-04-02
"3139","5/10/2015","Released","malibu","No","Non-selasphorus","unknown","Nestling",0,"Spring","unknown","Non-selasphorus spp.","6593_ANHU","Selasphorus",2015-05-10
"3140","4/11/2002","Released","Lindsey","Yes","ANHU","Female-like ","adult-like",1,"Spring","found on the ground","Non-selasphorus spp.","2211_ANHU","Non-Selasphorus",2002-04-11
"3141","5/29/2009","Released","Lindsey","No","ANHU","Female-like ","adult-like",0,"Spring","found on the ground","Non-selasphorus spp.","3742_ANHU","Non-Selasphorus",2009-05-29
"3142","6/23/1995","Released","Lindsey","No","Non-selasphorus","unknown","Nestling",1,"Summer","found on the ground","Non-selasphorus spp.","879_ANHU","Selasphorus",1995-06-23
"3143","1/23/2013","Died","malibu","No","Selasphorus","Female-like ","adult-like",0,"Winter","unknown","Selasphorus spp.","5734_ALHU","Selasphorus",2013-01-23
"3144","10/28/1991","Died","Lindsey","No","ANHU","Female-like ","adult-like",0,"Fall","window hit","Non-selasphorus spp.","185_ANHU","Non-Selasphorus",1991-10-28
"3145","4/13/1992","Died","Lindsey","No","ANHU","Female-like ","adult-like",10,"Spring","found on the ground","Non-selasphorus spp.","249_ANHU","Non-Selasphorus",1992-04-13
"3146","4/19/2011","Released","Lindsey","No","ANHU","Male","adult-like",0,"Spring","found on the ground","Non-selasphorus spp.","4175_ANHU","Non-Selasphorus",2011-04-19
"3147","2/17/2016","Released","Lindsey","No","ANHU","Female-like ","adult-like",0,"Winter","window hit","Non-selasphorus spp.","5494_ANHU","Non-Selasphorus",2016-02-17
"3148","5/22/2016","Released","malibu","No","Selasphorus","Female-like ","adult-like",1,"Spring","unknown","Selasphorus spp.","6788_ALHU","Selasphorus",2016-05-22
"3149","7/19/1998","Released","Lindsey","No","ANHU","Female-like ","adult-like",0,"Summer","found on the ground","Non-selasphorus spp.","1478_ANHU","Non-Selasphorus",1998-07-19
"3150","7/28/1994","Died","Lindsey","No","ANHU","Female-like ","adult-like",0,"Summer","window hit","Non-selasphorus spp.","714_ANHU","Non-Selasphorus",1994-07-28
"3151","6/20/2014","Released","malibu","Yes","Selasphorus","Female-like ","adult-like",1,"Summer","found on the ground","Selasphorus spp.","6147_ALHU","Selasphorus",2014-06-20
"3152","4/15/2012","Released","Lindsey","No","ANHU","Female-like ","adult-like",0,"Spring","unknown","Non-selasphorus spp.","4435_ANHU","Non-Selasphorus",2012-04-15
"3153","3/4/2012","Released","Lindsey","No","Non-selasphorus","unknown","Nestling",0,"Spring","nest-related","Non-selasphorus spp.","4373_ANHU","Selasphorus",2012-03-04
"3154","8/21/1999","Died","Lindsey","Yes","Selasphorus","Female-like ","adult-like",1,"Summer","window hit","Selasphorus spp.","1706_ALHU","Selasphorus",1999-08-21
"3155","4/20/2005","Released","Lindsey","No","Non-selasphorus","unknown","Nestling",0,"Spring","nest-related","Non-selasphorus spp.","2858_ANHU","Selasphorus",2005-04-20
"3156","4/4/1994","Died","Lindsey","No","Selasphorus","Female-like ","adult-like",0,"Spring","unknown","Selasphorus spp.","598_ALHU","Selasphorus",1994-04-04
"3157","4/9/2000","Died","Lindsey","Yes","ANHU","Female-like ","adult-like",1,"Spring","found on the ground","Non-selasphorus spp.","1786_ANHU","Non-Selasphorus",2000-04-09
"3158","5/25/2016","Released","malibu","Yes","Selasphorus","Female-like ","adult-like",0,"Spring","found on the ground","Selasphorus spp.","6737_ALHU","Selasphorus",2016-05-25
"3159","9/19/1991","Died","Lindsey","Yes","ANHU","Female-like ","adult-like",0,"Fall","found on the ground","Non-selasphorus spp.","179_ANHU","Non-Selasphorus",1991-09-19
"3160","2/18/1992","Died","Lindsey","No","Non-selasphorus","unknown","Nestling",0,"Winter","nest-related","Non-selasphorus spp.","209_ANHU","Selasphorus",1992-02-18
"3161","6/30/2010","Died","Lindsey","No","ANHU","Male","adult-like",0,"Summer","found on the ground","Non-selasphorus spp.","4008_ANHU","Non-Selasphorus",2010-06-30
"3162","3/25/2015","Released","malibu","No","Selasphorus","Female-like ","adult-like",1,"Spring","found on the ground","Selasphorus spp.","6511_ALHU","Selasphorus",2015-03-25
"3163","3/19/2016","Died","Lindsey","Yes","Non-selasphorus","unknown","Nestling",0,"Spring","nest-related","Non-selasphorus spp.","5537_ANHU","Selasphorus",2016-03-19
"3164","4/29/1999","Released","Lindsey","No","Selasphorus","Female-like ","adult-like",0,"Spring","found on the ground","Selasphorus spp.","1615_ALHU","Selasphorus",1999-04-29
"3165","3/8/2012","Died","Lindsey","No","ANHU","Male","adult-like",0,"Spring","found on the ground","Non-selasphorus spp.","4375_ANHU","Non-Selasphorus",2012-03-08
"3166","7/11/2012","Died","Lindsey","Yes","ANHU","Male","adult-like",0,"Summer","caught by domestic animal","Non-selasphorus spp.","4525_ANHU","Non-Selasphorus",2012-07-11
"3167","2/15/1996","Died","Lindsey","No","ANHU","Female-like ","adult-like",1,"Winter","unknown","Non-selasphorus spp.","951_ANHU","Non-Selasphorus",1996-02-15
"3168","6/11/2015","Released","Lindsey","No","Non-selasphorus","unknown","Nestling",0,"Summer","caught by domestic animal","Non-selasphorus spp.","5375_ANHU","Selasphorus",2015-06-11
"3169","6/27/2015","Released","Lindsey","No","ANHU","Female-like ","adult-like",0,"Summer","found on the ground","Non-selasphorus spp.","5399_ANHU","Non-Selasphorus",2015-06-27
"3170","2/13/1992","Died","Lindsey","No","ANHU","Female-like ","adult-like",0,"Winter","caught by domestic animal","Non-selasphorus spp.","208_ANHU","Non-Selasphorus",1992-02-13
"3171","2/8/2009","Released","Lindsey","Yes","ANHU","Male","adult-like",0,"Winter","found on the ground","Non-selasphorus spp.","3614_ANHU","Non-Selasphorus",2009-02-08
"3172","6/20/1993","Died","Lindsey","No","ANHU","Female-like ","adult-like",0,"Summer","caught by domestic animal","Non-selasphorus spp.","498_ANHU","Non-Selasphorus",1993-06-20
"3173","5/7/1994","Released","Lindsey","Yes","ANHU","Female-like ","adult-like",0,"Spring","found on the ground","Non-selasphorus spp.","638_ANHU","Non-Selasphorus",1994-05-07
"3174","6/19/1997","Died","Lindsey","Yes","ANHU","Female-like ","adult-like",0,"Summer","found on the ground","Non-selasphorus spp.","1265_ANHU","Non-Selasphorus",1997-06-19
"3175","4/24/2000","Released","Lindsey","No","ANHU","Female-like ","adult-like",1,"Spring","found on the ground","Non-selasphorus spp.","1807_ANHU","Non-Selasphorus",2000-04-24
"3176","7/26/2011","Released","Lindsey","Yes","Non-selasphorus","unknown","Nestling",0,"Summer","nest-related","Non-selasphorus spp.","4285_ANHU","Selasphorus",2011-07-26
"3177","9/5/2010","Died","Lindsey","Yes","ANHU","Female-like ","adult-like",1,"Fall","found on the ground","Non-selasphorus spp.","4056_ANHU","Non-Selasphorus",2010-09-05
"3178","4/6/2013","Released","Lindsey","No","Non-selasphorus","unknown","Nestling",0,"Spring","found on the ground","Non-selasphorus spp.","4673_ANHU","Selasphorus",2013-04-06
"3179","8/17/2010","Died","Lindsey","No","ANHU","Male","adult-like",0,"Summer","suspect torpor-like state","Non-selasphorus spp.","4051_ANHU","Non-Selasphorus",2010-08-17
"3180","3/14/2006","Died","Lindsey","No","ANHU","Female-like ","adult-like",0,"Spring","unknown","Non-selasphorus spp.","3026_ANHU","Non-Selasphorus",2006-03-14
"3181","6/22/2014","Released","malibu","Yes","ANHU","Female-like ","adult-like",7,"Summer","unknown","Non-selasphorus spp.","6149_ANHU","Non-Selasphorus",2014-06-22
"3182","3/23/2013","Died","Lindsey","No","ANHU","Female-like ","adult-like",0,"Spring","caught by domestic animal","Non-selasphorus spp.","4656_ANHU","Non-Selasphorus",2013-03-23
"3183","12/13/2014","Died","Lindsey","Yes","ANHU","Female-like ","adult-like",0,"Winter","suspect torpor-like state","Non-selasphorus spp.","5139_ANHU","Non-Selasphorus",2014-12-13
"3184","6/19/1995","Died","Lindsey","No","Non-selasphorus","unknown","Nestling",0,"Summer","nest-related","Non-selasphorus spp.","872_BCHU","Selasphorus",1995-06-19
"3185","7/6/2000","Released","Lindsey","Yes","ANHU","Female-like ","adult-like",3,"Summer","found on the ground","Non-selasphorus spp.","1881_ANHU","Non-Selasphorus",2000-07-06
"3186","3/9/2013","Died","Lindsey","No","ANHU","Male","adult-like",0,"Spring","unknown","Non-selasphorus spp.","4635_ANHU","Non-Selasphorus",2013-03-09
"3187","10/9/2000","Died","Lindsey","No","ANHU","Female-like ","adult-like",0,"Fall","caught by domestic animal","Non-selasphorus spp.","1912_ANHU","Non-Selasphorus",2000-10-09
"3188","7/15/2013","Died","malibu","No","Selasphorus","Female-like ","adult-like",0,"Summer","unknown","Selasphorus spp.","5879_ALHU","Selasphorus",2013-07-15
"3189","7/1/2013","Died","malibu","No","Selasphorus","Female-like ","adult-like",1,"Summer","unknown","Selasphorus spp.","6011_ALHU","Selasphorus",2013-07-01
"3190","4/21/2016","Died","malibu","No","Selasphorus","Male","adult-like",0,"Spring","unknown","Selasphorus spp.","6697_ALHU","Selasphorus",2016-04-21
"3191","3/22/1994","Died","Lindsey","No","ANHU","Female-like ","adult-like",0,"Spring","unknown","Non-selasphorus spp.","590_ANHU","Non-Selasphorus",1994-03-22
"3192","4/23/2016","Died","Lindsey","No","Non-selasphorus","unknown","Nestling",0,"Spring","nest-related","Non-selasphorus spp.","5585_ANHU","Selasphorus",2016-04-23
"3193","4/4/2014","Died","Lindsey","No","ANHU","Female-like ","adult-like",0,"Spring","window hit","Non-selasphorus spp.","4937_ANHU","Non-Selasphorus",2014-04-04
"3194","7/2/1992","Released","Lindsey","No","ANHU","Female-like ","adult-like",0,"Summer","found on the ground","Non-selasphorus spp.","334_ANHU","Non-Selasphorus",1992-07-02
"3195","11/19/2002","Released","Lindsey","No","ANHU","Female-like ","adult-like",0,"Fall","window hit","Non-selasphorus spp.","2351_ANHU","Non-Selasphorus",2002-11-19
"3196","5/21/2009","Released","Lindsey","No","Non-selasphorus","unknown","Nestling",1,"Spring","nest-related","Non-selasphorus spp.","3737_ANHU","Selasphorus",2009-05-21
"3197","6/13/2014","Died","malibu","No","Selasphorus","Female-like ","adult-like",0,"Summer","unknown","Selasphorus spp.","6295_ALHU","Selasphorus",2014-06-13
"3198","8/11/2001","Released","Lindsey","No","BCHU","Female-like ","adult-like",0,"Summer","caught by domestic animal","Non-selasphorus spp.","2110_BCHU","Non-Selasphorus",2001-08-11
"3199","6/21/2005","Died","Lindsey","Yes","ANHU","Female-like ","adult-like",0,"Summer","found on the ground","Non-selasphorus spp.","2926_ANHU","Non-Selasphorus",2005-06-21
"3200","7/9/2014","Released","malibu","No","Selasphorus","Female-like ","adult-like",0,"Summer","unknown","Selasphorus spp.","6329_ALHU","Selasphorus",2014-07-09
"3201","2/25/2002","Died","Lindsey","No","Non-selasphorus","unknown","Nestling",1,"Winter","nest-related","Non-selasphorus spp.","2163_ANHU","Selasphorus",2002-02-25
"3202","4/3/1993","Died","Lindsey","No","ANHU","Female-like ","adult-like",0,"Spring","caught by domestic animal","Non-selasphorus spp.","416_ANHU","Non-Selasphorus",1993-04-03
"3203","5/12/1992","Died","Lindsey","No","Selasphorus","unknown","Nestling",0,"Spring","caught by domestic animal","Selasphorus spp.","277_ALHU","Selasphorus",1992-05-12
"3204","5/20/1999","Released","Lindsey","Yes","Non-selasphorus","unknown","Nestling",1,"Spring","nest-related","Non-selasphorus spp.","1637_ANHU","Selasphorus",1999-05-20
"3205","3/6/2000","Died","Lindsey","Yes","ANHU","Female-like ","adult-like",0,"Spring","found on the ground","Non-selasphorus spp.","1757_ANHU","Non-Selasphorus",2000-03-06
"3206","6/11/2015","Died","Lindsey","No","ANHU","Female-like ","adult-like",0,"Summer","caught by domestic animal","Non-selasphorus spp.","5376_ANHU","Non-Selasphorus",2015-06-11
"3207","6/15/2008","Died","Lindsey","No","ANHU","Male","adult-like",0,"Summer","found on the ground","Non-selasphorus spp.","3526_ANHU","Non-Selasphorus",2008-06-15
"3208","6/21/2011","Died","Lindsey","Yes","Non-selasphorus","unknown","Nestling",1,"Summer","caught by domestic animal","Non-selasphorus spp.","4254_ANHU","Selasphorus",2011-06-21
"3209","4/5/2013","Released","Lindsey","No","Non-selasphorus","unknown","Nestling",0,"Spring","nest-related","Non-selasphorus spp.","4672_ANHU","Selasphorus",2013-04-05
"3210","4/5/1993","Died","Lindsey","No","Non-selasphorus","unknown","Nestling",0,"Spring","found on the ground","Non-selasphorus spp.","421_ANHU","Selasphorus",1993-04-05
"3211","4/26/2014","Released","malibu","Yes","Selasphorus","Female-like ","adult-like",0,"Spring","found on the ground","Selasphorus spp.","6207_ALHU","Selasphorus",2014-04-26
"3212","9/3/1995","Died","Lindsey","No","ANHU","Female-like ","adult-like",0,"Fall","found on the ground","Non-selasphorus spp.","921_ANHU","Non-Selasphorus",1995-09-03
"3213","5/18/2005","Died","Lindsey","No","ANHU","Female-like ","adult-like",0,"Spring","nest-related","Non-selasphorus spp.","2884_ANHU","Non-Selasphorus",2005-05-18
"3214","8/5/2015","Released","Lindsey","Yes","Selasphorus","Female-like ","adult-like",0,"Summer","caught by domestic animal","Selasphorus spp.","5429_ALHU","Selasphorus",2015-08-05
"3215","4/10/2006","Died","Lindsey","No","ANHU","Female-like ","adult-like",0,"Spring","found on the ground","Non-selasphorus spp.","3056_ANHU","Non-Selasphorus",2006-04-10
"3216","1/21/2010","Died","Lindsey","No","ANHU","Male","adult-like",0,"Winter","unknown","Non-selasphorus spp.","3850_ANHU","Non-Selasphorus",2010-01-21
"3217","3/25/2009","Released","Lindsey","No","ANHU","Female-like ","adult-like",0,"Spring","window hit","Non-selasphorus spp.","3661_ANHU","Non-Selasphorus",2009-03-25
"3218","7/1/2015","Released","malibu","No","Selasphorus","unknown","Nestling",0,"Summer","nest-related","Selasphorus spp.","6581_ALHU","Selasphorus",2015-07-01
"3219","12/13/2008","Died","Lindsey","No","ANHU","Male","adult-like",0,"Winter","window hit","Non-selasphorus spp.","3592_ANHU","Non-Selasphorus",2008-12-13
"3220","12/12/1995","Died","Lindsey","No","ANHU","Female-like ","adult-like",0,"Winter","found on the ground","Non-selasphorus spp.","936_ANHU","Non-Selasphorus",1995-12-12
"3221","7/26/1997","Died","Lindsey","No","ANHU","Female-like ","adult-like",0,"Summer","caught by domestic animal","Non-selasphorus spp.","1292_ANHU","Non-Selasphorus",1997-07-26
"3222","6/17/2006","Released","Lindsey","Yes","ANHU","Female-like ","adult-like",1,"Summer","found on the ground","Non-selasphorus spp.","3114_ANHU","Non-Selasphorus",2006-06-17
"3223","2/25/2015","Released","malibu","No","Selasphorus","unknown","Nestling",0,"Winter","caught by domestic animal","Selasphorus spp.","6498_ALHU","Selasphorus",2015-02-25
"3224","3/4/1992","Released","Lindsey","Yes","ANHU","Female-like ","adult-like",0,"Spring","found on the ground","Non-selasphorus spp.","216_ANHU","Non-Selasphorus",1992-03-04
"3225","7/15/2013","Died","malibu","Yes","ANHU","Female-like ","adult-like",1,"Summer","unknown","Non-selasphorus spp.","5877_ANHU","Non-Selasphorus",2013-07-15
"3226","11/22/1993","Died","Lindsey","No","ANHU","Female-like ","adult-like",0,"Fall","window hit","Non-selasphorus spp.","555_ANHU","Non-Selasphorus",1993-11-22
"3227","6/12/2016","Died","Lindsey","No","Non-selasphorus","unknown","Nestling",0,"Summer","nest-related","Non-selasphorus spp.","5642_ANHU","Selasphorus",2016-06-12
"3228","11/12/2000","Died","Lindsey","No","ANHU","Female-like ","adult-like",0,"Fall","caught by domestic animal","Non-selasphorus spp.","1927_ANHU","Non-Selasphorus",2000-11-12
"3229","7/2/2013","Died","malibu","Yes","Selasphorus","unknown","Nestling",1,"Summer","found on the ground","Selasphorus spp.","5870_ALHU","Selasphorus",2013-07-02
"3230","3/9/2013","Died","Lindsey","No","Non-selasphorus","unknown","Nestling",0,"Spring","nest-related","Non-selasphorus spp.","4636_ANHU","Selasphorus",2013-03-09
"3231","4/30/1999","Died","Lindsey","No","ANHU","Female-like ","adult-like",0,"Spring","window hit","Non-selasphorus spp.","1617_ANHU","Non-Selasphorus",1999-04-30
"3232","8/27/2006","Released","Lindsey","Yes","ANHU","Female-like ","adult-like",0,"Summer","caught by domestic animal","Non-selasphorus spp.","3151_ANHU","Non-Selasphorus",2006-08-27
"3233","4/10/2016","Released","malibu","No","Selasphorus","Female-like ","adult-like",1,"Spring","unknown","Selasphorus spp.","6673_ALHU","Selasphorus",2016-04-10
"3234","5/30/2005","Released","Lindsey","No","ANHU","Female-like ","adult-like",1,"Spring","caught by domestic animal","Non-selasphorus spp.","2899_ANHU","Non-Selasphorus",2005-05-30
"3235","6/8/1994","Released","Lindsey","Yes","Non-selasphorus","unknown","Nestling",0,"Summer","found on the ground","Non-selasphorus spp.","664_ANHU","Selasphorus",1994-06-08
"3236","6/5/2001","Died","Lindsey","No","ANHU","Female-like ","adult-like",1,"Summer","found on the ground","Non-selasphorus spp.","2059_ANHU","Non-Selasphorus",2001-06-05
"3237","6/8/2012","Released","Lindsey","Yes","Non-selasphorus","unknown","Nestling",0,"Summer","found on the ground","Non-selasphorus spp.","4488_ANHU","Selasphorus",2012-06-08
"3238","5/8/2009","Died","Lindsey","No","ANHU","Female-like ","adult-like",0,"Spring","found on the ground","Non-selasphorus spp.","3723_ANHU","Non-Selasphorus",2009-05-08
"3239","7/18/2009","Died","Lindsey","Yes","ANHU","Female-like ","adult-like",0,"Summer","window hit","Non-selasphorus spp.","3792_ANHU","Non-Selasphorus",2009-07-18
"3240","4/26/2008","Died","Lindsey","Yes","ANHU","Female-like ","adult-like",0,"Spring","found on the ground","Non-selasphorus spp.","3482_ANHU","Non-Selasphorus",2008-04-26
"3241","11/3/1992","Died","Lindsey","No","ANHU","Female-like ","adult-like",1,"Fall","unknown","Non-selasphorus spp.","362_ANHU","Non-Selasphorus",1992-11-03
"3242","3/8/2001","Released","Lindsey","No","ANHU","Female-like ","adult-like",0,"Spring","found on the ground","Non-selasphorus spp.","1976_ANHU","Non-Selasphorus",2001-03-08
"3243","6/14/2005","Released","Lindsey","Yes","ANHU","Female-like ","adult-like",3,"Summer","nest-related","Non-selasphorus spp.","2919_ANHU","Non-Selasphorus",2005-06-14
"3244","8/5/1992","Died","Lindsey","No","ANHU","Female-like ","adult-like",0,"Summer","unknown","Non-selasphorus spp.","355_ANHU","Non-Selasphorus",1992-08-05
"3245","6/15/2008","Died","Lindsey","Yes","ANHU","Female-like ","adult-like",0,"Summer","caught by domestic animal","Non-selasphorus spp.","3523_ANHU","Non-Selasphorus",2008-06-15
"3246","7/24/2007","Died","Lindsey","No","ANHU","Female-like ","adult-like",0,"Summer","found on the ground","Non-selasphorus spp.","3357_ANHU","Non-Selasphorus",2007-07-24
"3247","3/14/2003","Released","Lindsey","No","ANHU","Female-like ","adult-like",0,"Spring","found on the ground","Non-selasphorus spp.","2412_ANHU","Non-Selasphorus",2003-03-14
"3248","1/28/1996","Died","Lindsey","No","ANHU","Female-like ","adult-like",0,"Winter","caught by domestic animal","Non-selasphorus spp.","944_ANHU","Non-Selasphorus",1996-01-28
"3249","4/9/2002","Released","Lindsey","Yes","Non-selasphorus","unknown","Nestling",2,"Spring","nest-related","Non-selasphorus spp.","2208_ANHU","Selasphorus",2002-04-09
"3250","5/10/2002","Died","Lindsey","No","ANHU","Female-like ","adult-like",0,"Spring","caught by domestic animal","Non-selasphorus spp.","2240_ANHU","Non-Selasphorus",2002-05-10
"3251","5/14/1999","Released","Lindsey","Yes","ANHU","Female-like ","adult-like",0,"Spring","unknown","Non-selasphorus spp.","1629_ANHU","Non-Selasphorus",1999-05-14
"3252","7/23/1996","Died","Lindsey","No","Selasphorus","Female-like ","adult-like",0,"Summer","found on the ground","Selasphorus spp.","1107_ALHU","Selasphorus",1996-07-23
"3253","4/24/1995","Died","Lindsey","Yes","Selasphorus","Female-like ","adult-like",1,"Spring","found on the ground","Selasphorus spp.","823_ALHU","Selasphorus",1995-04-24
"3254","4/22/2010","Died","Lindsey","No","ANHU","Male","adult-like",0,"Spring","found on the ground","Non-selasphorus spp.","3928_ANHU","Non-Selasphorus",2010-04-22
"3255","6/22/2001","Released","Lindsey","No","ANHU","Female-like ","adult-like",0,"Summer","unknown","Non-selasphorus spp.","2077_ANHU","Non-Selasphorus",2001-06-22
"3256","11/6/2016","Died","malibu","Yes","Selasphorus","Female-like ","adult-like",1,"Fall","unknown","Selasphorus spp.","6816_ALHU","Selasphorus",2016-11-06
"3257","6/17/2016","Died","Lindsey","No","BCHU","Male","adult-like",0,"Summer","found on the ground","Non-selasphorus spp.","5651_BCHU","Non-Selasphorus",2016-06-17
"3258","7/2/1994","Died","Lindsey","Yes","ANHU","Female-like ","adult-like",0,"Summer","unknown","Non-selasphorus spp.","691_ANHU","Non-Selasphorus",1994-07-02
"3259","3/27/2008","Died","Lindsey","Yes","ANHU","Male","adult-like",0,"Spring","caught by domestic animal","Non-selasphorus spp.","3448_ANHU","Non-Selasphorus",2008-03-27
"3260","2/18/2006","Died","Lindsey","No","ANHU","Female-like ","adult-like",0,"Winter","found on the ground","Non-selasphorus spp.","3003_ANHU","Non-Selasphorus",2006-02-18
"3261","4/21/2014","Died","malibu","No","Selasphorus","Female-like ","adult-like",0,"Spring","unknown","Selasphorus spp.","6209_ALHU","Selasphorus",2014-04-21
"3262","3/28/2013","Died","Lindsey","No","ANHU","Female-like ","adult-like",0,"Spring","found on the ground","Non-selasphorus spp.","4662_ANHU","Non-Selasphorus",2013-03-28
"3263","5/27/2011","Died","Lindsey","No","ANHU","Female-like ","adult-like",1,"Spring","found on the ground","Non-selasphorus spp.","4220_ANHU","Non-Selasphorus",2011-05-27
"3264","1/4/2016","Died","malibu","No","ANHU","Female-like ","adult-like",0,"Winter","unknown","Non-selasphorus spp.","6565_ANHU","Non-Selasphorus",2016-01-04
"3265","3/16/2005","Died","Lindsey","Yes","ANHU","Female-like ","adult-like",1,"Spring","unknown","Non-selasphorus spp.","2820_ANHU","Non-Selasphorus",2005-03-16
"3266","7/3/2002","Died","Lindsey","No","ANHU","Female-like ","adult-like",0,"Summer","unknown","Non-selasphorus spp.","2302_ANHU","Non-Selasphorus",2002-07-03
"3267","10/9/2016","Died","Lindsey","No","ANHU","Female-like ","adult-like",0,"Fall","caught by domestic animal","Non-selasphorus spp.","5718_ANHU","Non-Selasphorus",2016-10-09
"3268","5/29/2005","Died","Lindsey","Yes","ANHU","Female-like ","adult-like",0,"Spring","found on the ground","Non-selasphorus spp.","2898_ANHU","Non-Selasphorus",2005-05-29
"3269","4/12/2016","Released","Lindsey","No","ANHU","Male","adult-like",0,"Spring","window hit","Non-selasphorus spp.","5577_ANHU","Non-Selasphorus",2016-04-12
"3270","4/26/2014","Died","Lindsey","Yes","Non-selasphorus","unknown","Nestling",0,"Spring","nest-related","Non-selasphorus spp.","4970_ANHU","Selasphorus",2014-04-26
"3271","3/22/2014","Died","Lindsey","No","Non-selasphorus","unknown","Nestling",0,"Spring","found on the ground","Non-selasphorus spp.","4916_ANHU","Selasphorus",2014-03-22
"3272","2/5/2003","Died","Lindsey","Yes","Non-selasphorus","unknown","Nestling",1,"Winter","nest-related","Non-selasphorus spp.","2374_ANHU","Selasphorus",2003-02-05
"3273","8/9/2006","Released","Lindsey","No","ANHU","Female-like ","adult-like",0,"Summer","found on the ground","Non-selasphorus spp.","3149_ANHU","Non-Selasphorus",2006-08-09
"3274","2/15/2013","Died","malibu","No","Selasphorus","Male","adult-like",1,"Winter","unknown","Selasphorus spp.","5738_ALHU","Selasphorus",2013-02-15
"3275","2/21/2015","Died","malibu","Yes","Selasphorus","Female-like ","adult-like",1,"Winter","found on the ground","Selasphorus spp.","6358_ALHU","Selasphorus",2015-02-21
"3276","4/4/2008","Died","Lindsey","No","ANHU","Female-like ","adult-like",0,"Spring","unknown","Non-selasphorus spp.","3455_ANHU","Non-Selasphorus",2008-04-04
"3277","4/13/2015","Died","malibu","No","Selasphorus","Female-like ","adult-like",0,"Spring","unknown","Selasphorus spp.","6390_ALHU","Selasphorus",2015-04-13
"3278","7/29/2013","Died","malibu","No","Selasphorus","Female-like ","adult-like",1,"Summer","unknown","Selasphorus spp.","6022_ALHU","Selasphorus",2013-07-29
"3279","7/28/1999","Released","Lindsey","No","Non-selasphorus","unknown","Nestling",0,"Summer","found on the ground","Non-selasphorus spp.","1695_ANHU","Selasphorus",1999-07-28
"3280","7/18/2002","Released","Lindsey","Yes","ANHU","Female-like ","adult-like",17,"Summer","nest-related","Non-selasphorus spp.","2312_ANHU","Non-Selasphorus",2002-07-18
"3281","4/22/2016","Released","Lindsey","No","ANHU","Female-like ","adult-like",1,"Spring","found on the ground","Non-selasphorus spp.","5583_ANHU","Non-Selasphorus",2016-04-22
"3282","6/15/1992","Released","Lindsey","No","ANHU","Female-like ","adult-like",0,"Summer","suspect torpor-like state","Non-selasphorus spp.","320_ANHU","Non-Selasphorus",1992-06-15
"3283","7/8/1995","Released","Lindsey","Yes","Non-selasphorus","unknown","Nestling",0,"Summer","found on the ground","Non-selasphorus spp.","893_ANHU","Selasphorus",1995-07-08
"3284","9/2/2004","Died","Lindsey","No","Selasphorus","Female-like ","adult-like",0,"Fall","found on the ground","Selasphorus spp.","2760_ALHU","Selasphorus",2004-09-02
"3285","7/29/2015","Released","malibu","No","Selasphorus","Female-like ","adult-like",0,"Summer","caught by domestic animal","Selasphorus spp.","6582_ALHU","Selasphorus",2015-07-29
"3286","6/27/2005","Died","Lindsey","Yes","Non-selasphorus","unknown","Nestling",1,"Summer","found on the ground","Non-selasphorus spp.","2940_ANHU","Selasphorus",2005-06-27
"3287","4/9/2009","Released","Lindsey","No","ANHU","Female-like ","adult-like",0,"Spring","window hit","Non-selasphorus spp.","3684_ANHU","Non-Selasphorus",2009-04-09
"3288","7/10/2016","Died","Lindsey","No","ANHU","Male","adult-like",0,"Summer","found on the ground","Non-selasphorus spp.","5680_ANHU","Non-Selasphorus",2016-07-10
"3289","4/26/2013","Died","malibu","No","ANHU","Female-like ","adult-like",0,"Spring","unknown","Non-selasphorus spp.","5788_ANHU","Non-Selasphorus",2013-04-26
"3290","6/9/2002","Died","Lindsey","Yes","ANHU","Female-like ","adult-like",0,"Summer","found on the ground","Non-selasphorus spp.","2270_ANHU","Non-Selasphorus",2002-06-09
"3291","5/30/2001","Died","Lindsey","No","ANHU","Female-like ","adult-like",0,"Spring","found on the ground","Non-selasphorus spp.","2055_ANHU","Non-Selasphorus",2001-05-30
"3292","9/21/2000","Died","Lindsey","Yes","ANHU","Female-like ","adult-like",1,"Fall","caught by domestic animal","Non-selasphorus spp.","1910_ANHU","Non-Selasphorus",2000-09-21
"3293","9/3/1994","Died","Lindsey","Yes","ANHU","Female-like ","adult-like",1,"Fall","caught by domestic animal","Non-selasphorus spp.","722_ANHU","Non-Selasphorus",1994-09-03
"3294","5/15/2014","Released","malibu","No","ANHU","Female-like ","adult-like",2,"Spring","unknown","Non-selasphorus spp.","6227_ANHU","Non-Selasphorus",2014-05-15
"3295","2/21/1995","Released","Lindsey","No","Non-selasphorus","unknown","Nestling",1,"Winter","nest-related","Non-selasphorus spp.","753_ANHU","Selasphorus",1995-02-21
"3296","12/30/2015","Died","Lindsey","No","ANHU","Male","adult-like",0,"Winter","found on the ground","Non-selasphorus spp.","5465_ANHU","Non-Selasphorus",2015-12-30
"3297","6/12/1994","Released","Lindsey","No","Non-selasphorus","unknown","Nestling",0,"Summer","caught by domestic animal","Non-selasphorus spp.","672_ANHU","Selasphorus",1994-06-12
"3298","3/6/2013","Died","Lindsey","No","ANHU","Female-like ","adult-like",0,"Spring","found on the ground","Non-selasphorus spp.","4632_ANHU","Non-Selasphorus",2013-03-06
"3299","4/29/2015","Died","malibu","No","Selasphorus","Female-like ","adult-like",0,"Spring","window hit","Selasphorus spp.","6403_ALHU","Selasphorus",2015-04-29
"3300","12/29/2000","Died","Lindsey","Yes","ANHU","Female-like ","adult-like",0,"Winter","found on the ground","Non-selasphorus spp.","1936_ANHU","Non-Selasphorus",2000-12-29
"3301","3/31/2006","Died","Lindsey","No","ANHU","Female-like ","adult-like",9,"Spring","unknown","Non-selasphorus spp.","3047_ANHU","Non-Selasphorus",2006-03-31
"3302","8/20/2004","Released","Lindsey","No","ANHU","Female-like ","adult-like",0,"Summer","caught by domestic animal","Non-selasphorus spp.","2758_ANHU","Non-Selasphorus",2004-08-20
"3303","3/26/1996","Released","Lindsey","Yes","ANHU","Female-like ","adult-like",0,"Spring","found on the ground","Non-selasphorus spp.","994_ANHU","Non-Selasphorus",1996-03-26
"3304","3/11/2016","Released","malibu","No","Selasphorus","unknown","Nestling",0,"Spring","nest-related","Selasphorus spp.","6678_ALHU","Selasphorus",2016-03-11
"3305","3/22/2007","Released","Lindsey","Yes","Non-selasphorus","unknown","Nestling",0,"Spring","caught by domestic animal","Non-selasphorus spp.","3229_ANHU","Selasphorus",2007-03-22
"3306","6/2/2011","Released","Lindsey","No","ANHU","Male","adult-like",0,"Summer","window hit","Non-selasphorus spp.","4234_ANHU","Non-Selasphorus",2011-06-02
"3307","4/4/2015","Released","Lindsey","No","Selasphorus","unknown","Nestling",0,"Spring","found on the ground","Selasphorus spp.","5245_ALHU","Selasphorus",2015-04-04
"3308","1/29/1997","Released","Lindsey","No","ANHU","Female-like ","adult-like",1,"Winter","window hit","Non-selasphorus spp.","1149_ANHU","Non-Selasphorus",1997-01-29
"3309","12/4/2000","Died","Lindsey","No","ANHU","Female-like ","adult-like",0,"Winter","found on the ground","Non-selasphorus spp.","1932_ANHU","Non-Selasphorus",2000-12-04
"3310","6/11/1994","Released","Lindsey","No","ANHU","Female-like ","adult-like",1,"Summer","unknown","Non-selasphorus spp.","670_ANHU","Non-Selasphorus",1994-06-11
"3311","8/12/1991","Died","Lindsey","No","ANHU","Female-like ","adult-like",0,"Summer","found on the ground","Non-selasphorus spp.","164_ANHU","Non-Selasphorus",1991-08-12
"3312","6/19/2016","Released","Lindsey","No","Non-selasphorus","unknown","Nestling",0,"Summer","found on the ground","Non-selasphorus spp.","5652_ANHU","Selasphorus",2016-06-19
"3313","5/28/2014","Released","malibu","No","Selasphorus","Female-like ","adult-like",7,"Spring","unknown","Selasphorus spp.","6246_ALHU","Selasphorus",2014-05-28
"3314","5/15/2004","Died","Lindsey","No","ANHU","Female-like ","adult-like",1,"Spring","caught by domestic animal","Non-selasphorus spp.","2691_ANHU","Non-Selasphorus",2004-05-15
"3315","2/21/1995","Released","Lindsey","Yes","Non-selasphorus","unknown","Nestling",3,"Winter","nest-related","Non-selasphorus spp.","756_ANHU","Selasphorus",1995-02-21
"3316","5/11/1998","Released","Lindsey","Yes","Non-selasphorus","unknown","Nestling",1,"Spring","found on the ground","Non-selasphorus spp.","1412_ANHU","Selasphorus",1998-05-11
"3317","7/26/2001","Died","Lindsey","Yes","ANHU","Female-like ","adult-like",1,"Summer","suspect torpor-like state","Non-selasphorus spp.","2101_ANHU","Non-Selasphorus",2001-07-26
"3318","7/29/2003","Died","Lindsey","No","ANHU","Female-like ","adult-like",0,"Summer","caught by domestic animal","Non-selasphorus spp.","2553_ANHU","Non-Selasphorus",2003-07-29
"3319","1/17/2006","Died","Lindsey","No","ANHU","Female-like ","adult-like",1,"Winter","window hit","Non-selasphorus spp.","2989_ANHU","Non-Selasphorus",2006-01-17
"3320","7/24/2009","Released","Lindsey","Yes","ANHU","Female-like ","adult-like",30,"Summer","nest-related","Non-selasphorus spp.","3799_ANHU","Non-Selasphorus",2009-07-24
"3321","8/20/1997","Died","Lindsey","No","ANHU","Female-like ","adult-like",0,"Summer","caught by domestic animal","Non-selasphorus spp.","1301_ANHU","Non-Selasphorus",1997-08-20
"3322","4/8/2015","Died","Lindsey","No","ANHU","Female-like ","adult-like",0,"Spring","found on the ground","Non-selasphorus spp.","5255_ANHU","Non-Selasphorus",2015-04-08
"3323","4/5/1991","Released","Lindsey","No","ANHU","Female-like ","adult-like",0,"Spring","caught by domestic animal","Non-selasphorus spp.","54_ANHU","Non-Selasphorus",1991-04-05
"3324","4/20/2009","Died","Lindsey","Yes","ANHU","Female-like ","adult-like",17,"Spring","found on the ground","Non-selasphorus spp.","3699_ANHU","Non-Selasphorus",2009-04-20
"3325","6/1/2016","Died","malibu","Yes","Selasphorus","Female-like ","adult-like",0,"Summer","found on the ground","Selasphorus spp.","6742_RUHU","Selasphorus",2016-06-01
"3326","11/12/2013","Released","Lindsey","No","ANHU","Male","adult-like",0,"Fall","found inside","Non-selasphorus spp.","4826_ANHU","Non-Selasphorus",2013-11-12
"3327","6/1/2007","Died","Lindsey","No","Non-selasphorus","unknown","Nestling",0,"Summer","nest-related","Non-selasphorus spp.","3305_ANHU","Selasphorus",2007-06-01
"3328","6/23/1998","Died","Lindsey","Yes","ANHU","Female-like ","adult-like",0,"Summer","found on the ground","Non-selasphorus spp.","1446_ANHU","Non-Selasphorus",1998-06-23
"3329","5/18/2000","Died","Lindsey","Yes","ANHU","Female-like ","adult-like",17,"Spring","nest-related","Non-selasphorus spp.","1829_ANHU","Non-Selasphorus",2000-05-18
"3330","4/13/2014","Released","malibu","Yes","Non-selasphorus","unknown","Nestling",1,"Spring","nest-related","Non-selasphorus spp.","6093_ANHU","Selasphorus",2014-04-13
"3331","7/28/2014","Died","malibu","Yes","ANHU","Female-like ","adult-like",0,"Summer","found on the ground","Non-selasphorus spp.","6173_ANHU","Non-Selasphorus",2014-07-28
"3332","9/27/2014","Died","Lindsey","No","ANHU","Female-like ","adult-like",0,"Fall","found on the ground","Non-selasphorus spp.","5111_ANHU","Non-Selasphorus",2014-09-27
"3333","3/23/2016","Released","malibu","No","Selasphorus","unknown","Nestling",22,"Spring","nest-related","Selasphorus spp.","6659_ALHU","Selasphorus",2016-03-23
"3334","6/17/2010","Released","Lindsey","No","ANHU","Male","adult-like",0,"Summer","window hit","Non-selasphorus spp.","3991_ANHU","Non-Selasphorus",2010-06-17
"3335","4/16/2000","Died","Lindsey","No","Non-selasphorus","unknown","Nestling",1,"Spring","nest-related","Non-selasphorus spp.","1794_BCHU","Selasphorus",2000-04-16
"3336","4/28/2013","Died","malibu","Yes","Selasphorus","Female-like ","adult-like",0,"Spring","found on the ground","Selasphorus spp.","5793_ALHU","Selasphorus",2013-04-28
"3337","3/8/2007","Died","Lindsey","No","Non-selasphorus","unknown","Nestling",0,"Spring","found on the ground","Non-selasphorus spp.","3214_ANHU","Selasphorus",2007-03-08
"3338","6/17/2003","Released","Lindsey","No","Non-selasphorus","unknown","Nestling",0,"Summer","found on the ground","Non-selasphorus spp.","2514_ANHU","Selasphorus",2003-06-17
"3339","4/22/2016","Released","malibu","No","Selasphorus","unknown","Nestling",0,"Spring","nest-related","Selasphorus spp.","6718_ALHU","Selasphorus",2016-04-22
"3340","9/18/2012","Released","Lindsey","No","ANHU","Male","adult-like",0,"Fall","found on the ground","Non-selasphorus spp.","4568_ANHU","Non-Selasphorus",2012-09-18
"3341","9/28/2016","Released","Santa Barbara","No","ANHU","Female-like ","adult-like",0,"Fall","unknown","Non-selasphorus spp.","6928_ANHU","Non-Selasphorus",2016-09-28
"3342","6/30/2012","Died","Lindsey","No","ANHU","Female-like ","adult-like",0,"Summer","found on the ground","Non-selasphorus spp.","4516_ANHU","Non-Selasphorus",2012-06-30
"3343","5/5/2013","Died","malibu","Yes","Selasphorus","Female-like ","adult-like",1,"Spring","unknown","Selasphorus spp.","5802_ALHU","Selasphorus",2013-05-05
"3344","4/6/2012","Died","Lindsey","No","ANHU","Male","adult-like",1,"Spring","window hit","Non-selasphorus spp.","4416_ANHU","Non-Selasphorus",2012-04-06
"3345","6/19/2003","Died","Lindsey","Yes","Non-selasphorus","unknown","Nestling",1,"Summer","nest-related","Non-selasphorus spp.","2516_ANHU","Selasphorus",2003-06-19
"3346","7/6/1998","Died","Lindsey","No","ANHU","Female-like ","adult-like",0,"Summer","caught by domestic animal","Non-selasphorus spp.","1456_ANHU","Non-Selasphorus",1998-07-06
"3347","5/5/2000","Died","Lindsey","No","ANHU","Female-like ","adult-like",0,"Spring","found on the ground","Non-selasphorus spp.","1820_ANHU","Non-Selasphorus",2000-05-05
"3348","12/16/2008","Died","Lindsey","No","ANHU","Male","adult-like",0,"Winter","found on the ground","Non-selasphorus spp.","3593_ANHU","Non-Selasphorus",2008-12-16
"3349","4/13/1992","Died","Lindsey","Yes","Selasphorus","Female-like ","adult-like",0,"Spring","found on the ground","Selasphorus spp.","251_RUHU","Selasphorus",1992-04-13
"3350","3/2/1998","Released","Lindsey","No","Selasphorus","Female-like ","adult-like",0,"Spring","window hit","Selasphorus spp.","1351_ALHU","Selasphorus",1998-03-02
"3351","3/30/2006","Died","Lindsey","No","Non-selasphorus","unknown","Nestling",0,"Spring","unknown","Non-selasphorus spp.","3046_ANHU","Selasphorus",2006-03-30
"3352","6/8/2002","Died","Lindsey","Yes","ANHU","Female-like ","adult-like",0,"Summer","found on the ground","Non-selasphorus spp.","2269_ANHU","Non-Selasphorus",2002-06-08
"3353","4/6/2015","Died","Lindsey","No","Selasphorus","Female-like ","adult-like",0,"Spring","found on the ground","Selasphorus spp.","5252_RUHU","Selasphorus",2015-04-06
"3354","5/12/2015","Released","Lindsey","Yes","Non-selasphorus","unknown","Nestling",2,"Spring","found on the ground","Non-selasphorus spp.","5315_ANHU","Selasphorus",2015-05-12
"3355","7/21/1998","Died","Lindsey","No","ANHU","Female-like ","adult-like",0,"Summer","unknown","Non-selasphorus spp.","1482_ANHU","Non-Selasphorus",1998-07-21
"3356","2/12/2006","Died","Lindsey","No","ANHU","Female-like ","adult-like",0,"Winter","found on the ground","Non-selasphorus spp.","3001_ANHU","Non-Selasphorus",2006-02-12
"3357","3/15/2011","Died","Lindsey","Yes","ANHU","Female-like ","adult-like",0,"Spring","unknown","Non-selasphorus spp.","4123_ANHU","Non-Selasphorus",2011-03-15
"3358","3/14/2012","Released","Lindsey","Yes","ANHU","Female-like ","adult-like",1,"Spring","found on the ground","Non-selasphorus spp.","4386_ANHU","Non-Selasphorus",2012-03-14
"3359","4/6/1996","Released","Lindsey","No","ANHU","Female-like ","adult-like",0,"Spring","caught by domestic animal","Non-selasphorus spp.","1012_ANHU","Non-Selasphorus",1996-04-06
"3360","5/14/2001","Released","Lindsey","No","ANHU","Female-like ","adult-like",0,"Spring","found on the ground","Non-selasphorus spp.","2044_ANHU","Non-Selasphorus",2001-05-14
"3361","12/29/2001","Released","Lindsey","No","ANHU","Female-like ","adult-like",0,"Winter","window hit","Non-selasphorus spp.","2142_ANHU","Non-Selasphorus",2001-12-29
"3362","6/23/2000","Released","Lindsey","Yes","ANHU","Female-like ","adult-like",4,"Summer","caught by domestic animal","Non-selasphorus spp.","1866_ANHU","Non-Selasphorus",2000-06-23
"3363","6/14/2014","Released","malibu","No","Selasphorus","Female-like ","adult-like",1,"Summer","unknown","Selasphorus spp.","6299_ALHU","Selasphorus",2014-06-14
"3364","6/10/2016","Died","malibu","Yes","Selasphorus","Female-like ","adult-like",0,"Summer","found on the ground","Selasphorus spp.","6757_ALHU","Selasphorus",2016-06-10
"3365","3/23/2013","Released","Lindsey","No","Non-selasphorus","unknown","Nestling",0,"Spring","found on the ground","Non-selasphorus spp.","4655_ANHU","Selasphorus",2013-03-23
"3366","10/22/2002","Died","Lindsey","Yes","ANHU","Female-like ","adult-like",0,"Fall","caught by domestic animal","Non-selasphorus spp.","2342_ANHU","Non-Selasphorus",2002-10-22
"3367","1/24/2014","Died","malibu","Yes","ANHU","Male","adult-like",0,"Winter","found on the ground","Non-selasphorus spp.","6034_ANHU","Non-Selasphorus",2014-01-24
"3368","3/3/1995","Released","Lindsey","No","Non-selasphorus","unknown","Nestling",9,"Spring","found on the ground","Non-selasphorus spp.","762_ANHU","Selasphorus",1995-03-03
"3369","5/23/1994","Died","Lindsey","No","ANHU","Female-like ","adult-like",1,"Spring","caught by domestic animal","Non-selasphorus spp.","646_ANHU","Non-Selasphorus",1994-05-23
"3370","1/18/1992","Died","Lindsey","Yes","ANHU","Female-like ","adult-like",2,"Winter","caught by domestic animal","Non-selasphorus spp.","197_ANHU","Non-Selasphorus",1992-01-18
"3371","2/5/1993","Died","Lindsey","No","ANHU","Female-like ","adult-like",0,"Winter","unknown","Non-selasphorus spp.","375_ANHU","Non-Selasphorus",1993-02-05
"3372","8/4/1998","Died","Lindsey","No","ANHU","Female-like ","adult-like",0,"Summer","found on the ground","Non-selasphorus spp.","1488_ANHU","Non-Selasphorus",1998-08-04
"3373","4/15/1999","Died","Lindsey","No","ANHU","Female-like ","adult-like",0,"Spring","unknown","Non-selasphorus spp.","1595_ANHU","Non-Selasphorus",1999-04-15
"3374","9/24/2015","Died","Lindsey","No","ANHU","Male","adult-like",0,"Fall","found on the ground","Non-selasphorus spp.","5440_ANHU","Non-Selasphorus",2015-09-24
"3375","7/21/1995","Released","Lindsey","No","Non-selasphorus","unknown","Nestling",0,"Summer","caught by domestic animal","Non-selasphorus spp.","902_ANHU","Selasphorus",1995-07-21
"3376","7/5/2005","Died","Lindsey","No","ANHU","Female-like ","adult-like",0,"Summer","found on the ground","Non-selasphorus spp.","2947_ANHU","Non-Selasphorus",2005-07-05
"3377","6/23/2015","Released","Lindsey","No","Non-selasphorus","unknown","Nestling",0,"Summer","nest-related","Non-selasphorus spp.","5392_ANHU","Selasphorus",2015-06-23
"3378","6/9/2013","Released","malibu","No","Selasphorus","Female-like ","adult-like",0,"Summer","found on the ground","Selasphorus spp.","5841_ALHU","Selasphorus",2013-06-09
"3379","7/6/1993","Died","Lindsey","No","ANHU","Female-like ","adult-like",0,"Summer","window hit","Non-selasphorus spp.","515_ANHU","Non-Selasphorus",1993-07-06
"3380","1/10/1993","Died","Lindsey","No","ANHU","Female-like ","adult-like",0,"Winter","unknown","Non-selasphorus spp.","371_ANHU","Non-Selasphorus",1993-01-10
"3381","5/25/1991","Died","Lindsey","No","ANHU","Female-like ","adult-like",0,"Spring","caught by domestic animal","Non-selasphorus spp.","104_ANHU","Non-Selasphorus",1991-05-25
"3382","5/13/1999","Released","Lindsey","No","ANHU","Female-like ","adult-like",0,"Spring","window hit","Non-selasphorus spp.","1627_ANHU","Non-Selasphorus",1999-05-13
"3383","7/19/2006","Died","Lindsey","Yes","ANHU","Female-like ","adult-like",0,"Summer","found on the ground","Non-selasphorus spp.","3144_ANHU","Non-Selasphorus",2006-07-19
"3384","6/10/2009","Died","Lindsey","No","ANHU","Female-like ","adult-like",0,"Summer","found on the ground","Non-selasphorus spp.","3755_ANHU","Non-Selasphorus",2009-06-10
"3385","6/21/2011","Died","Lindsey","Yes","Non-selasphorus","unknown","Nestling",1,"Summer","found on the ground","Non-selasphorus spp.","4255_ANHU","Selasphorus",2011-06-21
"3386","8/10/2009","Died","Lindsey","No","ANHU","Male","adult-like",1,"Summer","found on the ground","Non-selasphorus spp.","3806_ANHU","Non-Selasphorus",2009-08-10
"3387","1/30/2007","Died","Lindsey","No","ANHU","Female-like ","adult-like",0,"Winter","caught by domestic animal","Non-selasphorus spp.","3194_ANHU","Non-Selasphorus",2007-01-30
"3388","3/6/2000","Released","Lindsey","No","Non-selasphorus","unknown","Nestling",1,"Spring","nest-related","Non-selasphorus spp.","1756_ANHU","Selasphorus",2000-03-06
"3389","5/30/1997","Released","Lindsey","No","ANHU","Female-like ","adult-like",0,"Spring","found on the ground","Non-selasphorus spp.","1251_ANHU","Non-Selasphorus",1997-05-30
"3390","4/28/2004","Released","Lindsey","Yes","Non-selasphorus","unknown","Nestling",1,"Spring","found on the ground","Non-selasphorus spp.","2677_ANHU","Selasphorus",2004-04-28
"3391","11/29/2014","Died","Lindsey","Yes","ANHU","Male","adult-like",1,"Fall","window hit","Non-selasphorus spp.","5133_ANHU","Non-Selasphorus",2014-11-29
"3392","5/28/2013","Died","malibu","Yes","Selasphorus","Female-like ","adult-like",1,"Spring","unknown","Selasphorus spp.","5814_ALHU","Selasphorus",2013-05-28
"3393","6/20/2015","Died","Lindsey","No","Non-selasphorus","unknown","Nestling",1,"Summer","caught by domestic animal","Non-selasphorus spp.","5391_ANHU","Selasphorus",2015-06-20
"3394","1/28/2012","Died","Lindsey","No","ANHU","Male","adult-like",0,"Winter","found on the ground","Non-selasphorus spp.","4350_ANHU","Non-Selasphorus",2012-01-28
"3395","4/20/2004","Died","Lindsey","No","Selasphorus","Female-like ","adult-like",0,"Spring","caught by domestic animal","Selasphorus spp.","2665_RUHU","Selasphorus",2004-04-20
"3396","6/18/2002","Released","Lindsey","Yes","ANHU","Female-like ","adult-like",0,"Summer","found on the ground","Non-selasphorus spp.","2276_ANHU","Non-Selasphorus",2002-06-18
"3397","4/1/2015","Released","malibu","Yes","Selasphorus","Female-like ","adult-like",0,"Spring","found on the ground","Selasphorus spp.","6378_ALHU","Selasphorus",2015-04-01
"3398","4/25/2015","Died","Lindsey","No","ANHU","Male","adult-like",0,"Spring","suspect torpor-like state","Non-selasphorus spp.","5292_ANHU","Non-Selasphorus",2015-04-25
"3399","6/21/2012","Released","Lindsey","No","ANHU","Male","adult-like",0,"Summer","found on the ground","Non-selasphorus spp.","4502_ANHU","Non-Selasphorus",2012-06-21
"3400","12/19/1991","Died","Lindsey","No","ANHU","Female-like ","adult-like",0,"Winter","caught by domestic animal","Non-selasphorus spp.","189_ANHU","Non-Selasphorus",1991-12-19
"3401","2/13/1991","Died","Lindsey","No","ANHU","Female-like ","adult-like",0,"Winter","window hit","Non-selasphorus spp.","19_ANHU","Non-Selasphorus",1991-02-13
"3402","4/29/2003","Died","Lindsey","No","ANHU","Female-like ","adult-like",0,"Spring","caught by domestic animal","Non-selasphorus spp.","2466_ANHU","Non-Selasphorus",2003-04-29
"3403","8/7/2010","Released","Lindsey","No","BCHU","Female-like ","adult-like",0,"Summer","found inside","Non-selasphorus spp.","4047_BCHU","Non-Selasphorus",2010-08-07
"3404","6/12/2007","Died","Lindsey","No","ANHU","Female-like ","adult-like",0,"Summer","window hit","Non-selasphorus spp.","3321_ANHU","Non-Selasphorus",2007-06-12
"3405","6/26/1992","Died","Lindsey","No","Non-selasphorus","unknown","Nestling",0,"Summer","nest-related","Non-selasphorus spp.","330_ANHU","Selasphorus",1992-06-26
"3406","2/25/2002","Released","Lindsey","Yes","ANHU","Female-like ","adult-like",3,"Winter","found on the ground","Non-selasphorus spp.","2164_ANHU","Non-Selasphorus",2002-02-25
"3407","5/6/1991","Died","Lindsey","Yes","Selasphorus","Female-like ","adult-like",0,"Spring","unknown","Selasphorus spp.","90_ALHU","Selasphorus",1991-05-06
"3408","2/5/2004","Died","Lindsey","No","ANHU","Female-like ","adult-like",1,"Winter","found inside","Non-selasphorus spp.","2599_ANHU","Non-Selasphorus",2004-02-05
"3409","5/13/2009","Released","Lindsey","Yes","ANHU","Female-like ","adult-like",0,"Spring","found on the ground","Non-selasphorus spp.","3727_ANHU","Non-Selasphorus",2009-05-13
"3410","3/25/2010","Released","Lindsey","Yes","Non-selasphorus","unknown","Nestling",0,"Spring","found on the ground","Non-selasphorus spp.","3893_ANHU","Selasphorus",2010-03-25
"3411","5/17/1999","Released","Lindsey","Yes","Selasphorus","unknown","Nestling",1,"Spring","nest-related","Selasphorus spp.","1635_ALHU","Selasphorus",1999-05-17
"3412","1/5/1991","Died","Lindsey","No","ANHU","Female-like ","adult-like",0,"Winter","found on the ground","Non-selasphorus spp.","6_ANHU","Non-Selasphorus",1991-01-05
"3413","1/22/2005","Died","Lindsey","No","ANHU","Female-like ","adult-like",0,"Winter","unknown","Non-selasphorus spp.","2787_ANHU","Non-Selasphorus",2005-01-22
"3414","3/6/2013","Died","Lindsey","No","Non-selasphorus","unknown","Nestling",1,"Spring","nest-related","Non-selasphorus spp.","4630_ANHU","Selasphorus",2013-03-06
"3415","2/13/2004","Released","Lindsey","Yes","ANHU","Female-like ","adult-like",0,"Winter","window hit","Non-selasphorus spp.","2609_ANHU","Non-Selasphorus",2004-02-13
"3416","6/27/2006","Died","Lindsey","No","ANHU","Female-like ","adult-like",0,"Summer","found on the ground","Non-selasphorus spp.","3129_ANHU","Non-Selasphorus",2006-06-27
"3417","7/6/2014","Died","malibu","Yes","ANHU","Female-like ","adult-like",1,"Summer","unknown","Non-selasphorus spp.","6161_ANHU","Non-Selasphorus",2014-07-06
"3418","4/7/2014","Died","Lindsey","No","Selasphorus","Male","adult-like",0,"Spring","found on the ground","Selasphorus spp.","4945_ALHU","Selasphorus",2014-04-07
"3419","7/9/2005","Released","Lindsey","Yes","ANHU","Female-like ","adult-like",1,"Summer","caught by domestic animal","Non-selasphorus spp.","2954_ANHU","Non-Selasphorus",2005-07-09
"3420","5/11/2015","Died","Lindsey","No","Selasphorus","Female-like ","adult-like",0,"Spring","found on the ground","Selasphorus spp.","5313_ALHU","Selasphorus",2015-05-11
"3421","11/26/1997","Released","Lindsey","No","ANHU","Female-like ","adult-like",0,"Fall","caught by domestic animal","Non-selasphorus spp.","1318_ANHU","Non-Selasphorus",1997-11-26
"3422","5/17/1999","Released","Lindsey","No","ANHU","Female-like ","adult-like",0,"Spring","found on the ground","Non-selasphorus spp.","1634_ANHU","Non-Selasphorus",1999-05-17
"3423","4/18/2013","Died","malibu","Yes","Selasphorus","unknown","Nestling",1,"Spring","unknown","Selasphorus spp.","5780_ALHU","Selasphorus",2013-04-18
"3424","6/6/2008","Released","Lindsey","Yes","Non-selasphorus","unknown","Nestling",0,"Summer","nest-related","Non-selasphorus spp.","3513_ANHU","Selasphorus",2008-06-06
"3425","6/10/2000","Released","Lindsey","No","ANHU","Female-like ","adult-like",0,"Summer","found on the ground","Non-selasphorus spp.","1850_ANHU","Non-Selasphorus",2000-06-10
"3426","6/2/2015","Died","Lindsey","No","ANHU","Female-like ","adult-like",0,"Summer","unknown","Non-selasphorus spp.","5352_ANHU","Non-Selasphorus",2015-06-02
"3427","9/28/2007","Died","Lindsey","No","ANHU","Female-like ","adult-like",0,"Fall","caught by domestic animal","Non-selasphorus spp.","3374_ANHU","Non-Selasphorus",2007-09-28
"3428","12/23/2008","Died","Lindsey","No","ANHU","Male","adult-like",0,"Winter","found on the ground","Non-selasphorus spp.","3595_ANHU","Non-Selasphorus",2008-12-23
"3429","1/22/2016","Died","Lindsey","No","ANHU","Male","adult-like",0,"Winter","found on the ground","Non-selasphorus spp.","5474_ANHU","Non-Selasphorus",2016-01-22
"3430","4/12/2016","Died","Santa Barbara","Yes","Selasphorus","Female-like ","adult-like",0,"Spring","found on the ground","Selasphorus spp.","6863_ALHU","Selasphorus",2016-04-12
"3431","5/9/2013","Released","malibu","No","ANHU","Female-like ","adult-like",2,"Spring","unknown","Non-selasphorus spp.","5937_ANHU","Non-Selasphorus",2013-05-09
"3432","4/6/2012","Died","Lindsey","No","ANHU","Male","adult-like",0,"Spring","caught by domestic animal","Non-selasphorus spp.","4418_ANHU","Non-Selasphorus",2012-04-06
"3433","7/22/2015","Released","malibu","No","Non-selasphorus","unknown","Nestling",0,"Summer","nest-related","Non-selasphorus spp.","6578_ANHU","Selasphorus",2015-07-22
"3434","11/19/2015","Died","malibu","No","ANHU","Female-like ","adult-like",1,"Fall","found inside","Non-selasphorus spp.","6539_ANHU","Non-Selasphorus",2015-11-19
"3435","8/2/2001","Died","Lindsey","Yes","ANHU","Female-like ","adult-like",0,"Summer","found inside","Non-selasphorus spp.","2106_ANHU","Non-Selasphorus",2001-08-02
"3436","12/20/2011","Died","Lindsey","No","ANHU","Male","adult-like",0,"Winter","caught by domestic animal","Non-selasphorus spp.","4337_ANHU","Non-Selasphorus",2011-12-20
"3437","1/3/2016","Released","malibu","Yes","ANHU","Female-like ","adult-like",-1,"Winter","unknown","Non-selasphorus spp.","6615_ANHU","Non-Selasphorus",2016-01-03
"3438","6/9/2010","Released","Lindsey","No","BCHU","Female-like ","adult-like",0,"Summer","found on the ground","Non-selasphorus spp.","3981_BCHU","Non-Selasphorus",2010-06-09
"3439","6/25/2013","Died","Lindsey","No","ANHU","Male","adult-like",0,"Summer","caught by domestic animal","Non-selasphorus spp.","4778_ANHU","Non-Selasphorus",2013-06-25
"3440","5/10/2002","Died","Lindsey","Yes","Non-selasphorus","unknown","Nestling",1,"Spring","found on the ground","Non-selasphorus spp.","2239_ANHU","Selasphorus",2002-05-10
"3441","2/13/2008","Released","Lindsey","Yes","ANHU","Female-like ","adult-like",0,"Winter","found on the ground","Non-selasphorus spp.","3417_ANHU","Non-Selasphorus",2008-02-13
"3442","4/19/2008","Released","Lindsey","No","BCHU","Male","adult-like",0,"Spring","found inside","Non-selasphorus spp.","3475_BCHU","Non-Selasphorus",2008-04-19
"3443","5/15/1993","Died","Lindsey","No","Non-selasphorus","unknown","Nestling",0,"Spring","unknown","Non-selasphorus spp.","465_ANHU","Selasphorus",1993-05-15
"3444","5/29/2007","Died","Lindsey","Yes","Non-selasphorus","unknown","Nestling",3,"Spring","nest-related","Non-selasphorus spp.","3299_ANHU","Selasphorus",2007-05-29
"3445","4/19/1994","Died","Lindsey","No","ANHU","Female-like ","adult-like",0,"Spring","found on the ground","Non-selasphorus spp.","622_ANHU","Non-Selasphorus",1994-04-19
"3446","3/20/2000","Released","Lindsey","No","Selasphorus","Female-like ","adult-like",0,"Spring","found inside","Selasphorus spp.","1768_ALHU","Selasphorus",2000-03-20
"3447","6/1/2015","Died","Lindsey","No","ANHU","Female-like ","adult-like",0,"Summer","suspect torpor-like state","Non-selasphorus spp.","5349_ANHU","Non-Selasphorus",2015-06-01
"3448","5/31/2014","Died","Lindsey","No","ANHU","Female-like ","adult-like",0,"Spring","nest-related","Non-selasphorus spp.","5021_ANHU","Non-Selasphorus",2014-05-31
"3449","7/22/1995","Released","Lindsey","No","Non-selasphorus","unknown","Nestling",0,"Summer","caught by domestic animal","Non-selasphorus spp.","903_ANHU","Selasphorus",1995-07-22
"3450","4/10/2000","Died","Lindsey","No","ANHU","Female-like ","adult-like",0,"Spring","found on the ground","Non-selasphorus spp.","1791_ANHU","Non-Selasphorus",2000-04-10
"3451","3/23/2003","Died","Lindsey","No","Selasphorus","Female-like ","adult-like",0,"Spring","window hit","Selasphorus spp.","2421_ALHU","Selasphorus",2003-03-23
"3452","5/30/2014","Died","malibu","No","Selasphorus","Female-like ","adult-like",1,"Spring","unknown","Selasphorus spp.","6250_ALHU","Selasphorus",2014-05-30
"3453","3/30/2000","Released","Lindsey","No","ANHU","Female-like ","adult-like",0,"Spring","unknown","Non-selasphorus spp.","1775_ANHU","Non-Selasphorus",2000-03-30
"3454","9/17/2016","Died","Lindsey","Yes","ANHU","Male","adult-like",1,"Fall","found on the ground","Non-selasphorus spp.","5712_ANHU","Non-Selasphorus",2016-09-17
"3455","6/7/2004","Died","Lindsey","No","ANHU","Female-like ","adult-like",0,"Summer","nest-related","Non-selasphorus spp.","2716_ANHU","Non-Selasphorus",2004-06-07
"3456","8/8/1996","Died","Lindsey","Yes","ANHU","Female-like ","adult-like",0,"Summer","found on the ground","Non-selasphorus spp.","1112_ANHU","Non-Selasphorus",1996-08-08
"3457","5/21/2015","Died","Lindsey","Yes","ANHU","Female-like ","adult-like",1,"Spring","found on the ground","Non-selasphorus spp.","5330_ANHU","Non-Selasphorus",2015-05-21
"3458","6/6/2013","Died","malibu","No","Selasphorus","unknown","Nestling",0,"Summer","nest-related","Selasphorus spp.","5839_ALHU","Selasphorus",2013-06-06
"3459","4/27/2013","Died","malibu","No","Selasphorus","unknown","Nestling",0,"Spring","found on the ground","Selasphorus spp.","5790_ALHU","Selasphorus",2013-04-27
"3460","4/6/1993","Died","Lindsey","No","ANHU","Female-like ","adult-like",0,"Spring","found on the ground","Non-selasphorus spp.","422_ANHU","Non-Selasphorus",1993-04-06
"3461","6/10/2015","Died","malibu","Yes","Selasphorus","Male","adult-like",1,"Summer","unknown","Selasphorus spp.","6453_ALHU","Selasphorus",2015-06-10
"3462","12/10/2007","Died","Lindsey","Yes","ANHU","Female-like ","adult-like",1,"Winter","caught by domestic animal","Non-selasphorus spp.","3390_ANHU","Non-Selasphorus",2007-12-10
"3463","3/7/1997","Died","Lindsey","No","ANHU","Female-like ","adult-like",0,"Spring","window hit","Non-selasphorus spp.","1167_ANHU","Non-Selasphorus",1997-03-07
"3464","2/12/2003","Died","Lindsey","No","ANHU","Female-like ","adult-like",0,"Winter","found on the ground","Non-selasphorus spp.","2380_ANHU","Non-Selasphorus",2003-02-12
"3465","5/24/1997","Released","Lindsey","No","Non-selasphorus","unknown","Nestling",0,"Spring","found on the ground","Non-selasphorus spp.","1246_ANHU","Selasphorus",1997-05-24
"3466","11/25/2014","Died","malibu","Yes","Selasphorus","Male","adult-like",3,"Fall","found on the ground","Selasphorus spp.","6264_ALHU","Selasphorus",2014-11-25
"3467","12/16/1992","Died","Lindsey","No","ANHU","Female-like ","adult-like",0,"Winter","caught by domestic animal","Non-selasphorus spp.","368_ANHU","Non-Selasphorus",1992-12-16
"3468","6/13/2000","Released","Lindsey","Yes","ANHU","Female-like ","adult-like",0,"Summer","found on the ground","Non-selasphorus spp.","1852_ANHU","Non-Selasphorus",2000-06-13
"3469","1/15/2010","Died","Lindsey","Yes","ANHU","Female-like ","adult-like",0,"Winter","unknown","Non-selasphorus spp.","3847_ANHU","Non-Selasphorus",2010-01-15
"3470","3/15/2014","Released","Lindsey","Yes","ANHU","Female-like ","adult-like",3,"Spring","found on the ground","Non-selasphorus spp.","4904_ANHU","Non-Selasphorus",2014-03-15
"3471","6/22/2008","Released","Lindsey","No","Non-selasphorus","unknown","Nestling",0,"Summer","found on the ground","Non-selasphorus spp.","3535_ANHU","Selasphorus",2008-06-22
"3472","5/16/2013","Died","Lindsey","Yes","Non-selasphorus","unknown","Nestling",1,"Spring","nest-related","Non-selasphorus spp.","4727_ANHU","Selasphorus",2013-05-16
"3473","11/9/2002","Released","Lindsey","No","ANHU","Female-like ","adult-like",0,"Fall","found on the ground","Non-selasphorus spp.","2347_ANHU","Non-Selasphorus",2002-11-09
"3474","4/8/2010","Released","Lindsey","No","ANHU","Male","adult-like",0,"Spring","found inside","Non-selasphorus spp.","3907_ANHU","Non-Selasphorus",2010-04-08
"3475","6/6/1992","Released","Lindsey","No","ANHU","Female-like ","adult-like",0,"Summer","found on the ground","Non-selasphorus spp.","306_ANHU","Non-Selasphorus",1992-06-06
"3476","3/3/2001","Died","Lindsey","Yes","ANHU","Female-like ","adult-like",0,"Spring","caught by domestic animal","Non-selasphorus spp.","1971_ANHU","Non-Selasphorus",2001-03-03
"3477","2/22/2003","Died","Lindsey","No","ANHU","Female-like ","adult-like",0,"Winter","window hit","Non-selasphorus spp.","2393_ANHU","Non-Selasphorus",2003-02-22
"3478","3/28/2001","Died","Lindsey","No","Non-selasphorus","unknown","Nestling",0,"Spring","nest-related","Non-selasphorus spp.","2003_ANHU","Selasphorus",2001-03-28
"3479","3/6/2004","Released","Lindsey","No","Selasphorus","Female-like ","adult-like",0,"Spring","found on the ground","Selasphorus spp.","2628_ALHU","Selasphorus",2004-03-06
"3480","5/22/1991","Released","Lindsey","No","ANHU","Female-like ","adult-like",10,"Spring","unknown","Non-selasphorus spp.","100_ANHU","Non-Selasphorus",1991-05-22
"3481","12/4/2004","Died","Lindsey","Yes","ANHU","Female-like ","adult-like",0,"Winter","window hit","Non-selasphorus spp.","2777_ANHU","Non-Selasphorus",2004-12-04
"3482","12/13/2008","Died","Lindsey","No","ANHU","Male","adult-like",0,"Winter","found on the ground","Non-selasphorus spp.","3591_ANHU","Non-Selasphorus",2008-12-13
"3483","5/1/2002","Died","Lindsey","No","ANHU","Female-like ","adult-like",0,"Spring","found on the ground","Non-selasphorus spp.","2229_ANHU","Non-Selasphorus",2002-05-01
"3484","6/22/2004","Died","Lindsey","Yes","Selasphorus","Female-like ","adult-like",3,"Summer","window hit","Selasphorus spp.","2728_ALHU","Selasphorus",2004-06-22
"3485","2/12/2016","Released","malibu","Yes","Selasphorus","Female-like ","adult-like",0,"Winter","unknown","Selasphorus spp.","6624_ALHU","Selasphorus",2016-02-12
"3486","4/22/2006","Released","Lindsey","No","ANHU","Female-like ","adult-like",0,"Spring","found on the ground","Non-selasphorus spp.","3070_ANHU","Non-Selasphorus",2006-04-22
"3487","6/26/1993","Died","Lindsey","Yes","ANHU","Female-like ","adult-like",0,"Summer","found on the ground","Non-selasphorus spp.","508_ANHU","Non-Selasphorus",1993-06-26
"3488","3/21/1991","Died","Lindsey","No","ANHU","Female-like ","adult-like",0,"Spring","found on the ground","Non-selasphorus spp.","38_ANHU","Non-Selasphorus",1991-03-21
"3489","6/21/2014","Died","Lindsey","Yes","Non-selasphorus","unknown","Nestling",2,"Summer","caught by domestic animal","Non-selasphorus spp.","5061_ANHU","Selasphorus",2014-06-21
"3490","6/5/1991","Released","Lindsey","No","Non-selasphorus","unknown","Nestling",1,"Summer","nest-related","Non-selasphorus spp.","119_ANHU","Selasphorus",1991-06-05
"3491","4/23/2009","Died","Lindsey","Yes","ANHU","Female-like ","adult-like",1,"Spring","found on the ground","Non-selasphorus spp.","3702_ANHU","Non-Selasphorus",2009-04-23
"3492","4/21/2004","Released","Lindsey","No","Non-selasphorus","unknown","Nestling",0,"Spring","nest-related","Non-selasphorus spp.","2666_ANHU","Selasphorus",2004-04-21
"3493","2/20/2009","Died","Lindsey","No","ANHU","Male","adult-like",0,"Winter","found on the ground","Non-selasphorus spp.","3621_ANHU","Non-Selasphorus",2009-02-20
"3494","5/24/1999","Died","Lindsey","No","ANHU","Female-like ","adult-like",0,"Spring","found on the ground","Non-selasphorus spp.","1639_ANHU","Non-Selasphorus",1999-05-24
"3495","3/20/2014","Died","Lindsey","Yes","Selasphorus","Male","adult-like",1,"Spring","found inside","Selasphorus spp.","4911_RUHU","Selasphorus",2014-03-20
"3496","5/28/2011","Died","Lindsey","Yes","ANHU","Female-like ","adult-like",1,"Spring","caught by domestic animal","Non-selasphorus spp.","4223_ANHU","Non-Selasphorus",2011-05-28
"3497","3/7/2011","Released","Lindsey","No","ANHU","Female-like ","adult-like",0,"Spring","found on the ground","Non-selasphorus spp.","4115_ANHU","Non-Selasphorus",2011-03-07
"3498","4/26/2016","Died","malibu","Yes","ANHU","Female-like ","adult-like",0,"Spring","unknown","Non-selasphorus spp.","6698_ANHU","Non-Selasphorus",2016-04-26
"3499","6/22/2001","Died","Lindsey","No","ANHU","Female-like ","adult-like",0,"Summer","found inside","Non-selasphorus spp.","2075_ANHU","Non-Selasphorus",2001-06-22
"3500","6/9/2013","Died","malibu","No","Selasphorus","Female-like ","adult-like",0,"Summer","unknown","Selasphorus spp.","5842_ALHU","Selasphorus",2013-06-09
"3501","11/29/2001","Died","Lindsey","No","ANHU","Female-like ","adult-like",0,"Fall","found on the ground","Non-selasphorus spp.","2137_ANHU","Non-Selasphorus",2001-11-29
"3502","3/2/2014","Died","malibu","Yes","ANHU","Male","adult-like",0,"Spring","unknown","Non-selasphorus spp.","6053_ANHU","Non-Selasphorus",2014-03-02
"3503","5/9/2015","Died","malibu","Yes","Selasphorus","Female-like ","adult-like",0,"Spring","unknown","Selasphorus spp.","6417_ALHU","Selasphorus",2015-05-09
"3504","10/14/2012","Died","Lindsey","Yes","ANHU","Female-like ","adult-like",0,"Fall","found on the ground","Non-selasphorus spp.","4575_ANHU","Non-Selasphorus",2012-10-14
"3505","8/5/2016","Died","Lindsey","No","ANHU","Female-like ","adult-like",0,"Summer","window hit","Non-selasphorus spp.","5690_ANHU","Non-Selasphorus",2016-08-05
"3506","10/14/2000","Released","Lindsey","No","ANHU","Female-like ","adult-like",0,"Fall","window hit","Non-selasphorus spp.","1915_ANHU","Non-Selasphorus",2000-10-14
"3507","3/16/2016","Released","malibu","No","Selasphorus","unknown","Nestling",-26,"Spring","nest-related","Selasphorus spp.","6683_ALHU","Selasphorus",2016-03-16
"3508","6/17/2015","Released","Lindsey","Yes","ANHU","Female-like ","adult-like",0,"Summer","found on the ground","Non-selasphorus spp.","5387_ANHU","Non-Selasphorus",2015-06-17
"3509","2/27/2010","Released","Lindsey","Yes","Non-selasphorus","unknown","Nestling",1,"Winter","nest-related","Non-selasphorus spp.","3874_ANHU","Selasphorus",2010-02-27
"3510","4/25/2001","Released","Lindsey","Yes","ANHU","Female-like ","adult-like",0,"Spring","found on the ground","Non-selasphorus spp.","2027_ANHU","Non-Selasphorus",2001-04-25
"3511","1/20/1995","Died","Lindsey","No","ANHU","Female-like ","adult-like",1,"Winter","caught by domestic animal","Non-selasphorus spp.","741_ANHU","Non-Selasphorus",1995-01-20
"3512","3/11/2001","Released","Lindsey","Yes","Non-selasphorus","unknown","Nestling",1,"Spring","nest-related","Non-selasphorus spp.","1982_ANHU","Selasphorus",2001-03-11
"3513","6/29/2010","Died","Lindsey","Yes","ANHU","Male","adult-like",4,"Summer","found on the ground","Non-selasphorus spp.","4006_ANHU","Non-Selasphorus",2010-06-29
"3514","4/13/2012","Released","Lindsey","No","ANHU","Female-like ","adult-like",0,"Spring","nest-related","Non-selasphorus spp.","4429_ANHU","Non-Selasphorus",2012-04-13
"3515","5/25/2002","Released","Lindsey","No","Non-selasphorus","unknown","Nestling",0,"Spring","nest-related","Non-selasphorus spp.","2257_ANHU","Selasphorus",2002-05-25
"3516","2/11/1992","Died","Lindsey","No","ANHU","Female-like ","adult-like",0,"Winter","found on the ground","Non-selasphorus spp.","206_ANHU","Non-Selasphorus",1992-02-11
"3517","5/7/2010","Released","Lindsey","No","ANHU","Male","adult-like",30,"Spring","caught by domestic animal","Non-selasphorus spp.","3946_ANHU","Non-Selasphorus",2010-05-07
"3518","1/5/2003","Died","Lindsey","No","ANHU","Female-like ","adult-like",0,"Winter","found on the ground","Non-selasphorus spp.","2363_ANHU","Non-Selasphorus",2003-01-05
"3519","7/2/1991","Died","Lindsey","Yes","ANHU","Female-like ","adult-like",0,"Summer","found on the ground","Non-selasphorus spp.","143_ANHU","Non-Selasphorus",1991-07-02
"3520","3/11/2001","Died","Lindsey","No","ANHU","Female-like ","adult-like",0,"Spring","window hit","Non-selasphorus spp.","1981_ANHU","Non-Selasphorus",2001-03-11
"3521","4/9/2012","Released","Lindsey","No","ANHU","Male","adult-like",0,"Spring","found on the ground","Non-selasphorus spp.","4423_ANHU","Non-Selasphorus",2012-04-09
"3522","2/10/2016","Died","Lindsey","No","ANHU","Female-like ","adult-like",0,"Winter","found on the ground","Non-selasphorus spp.","5485_ANHU","Non-Selasphorus",2016-02-10
"3523","6/8/2009","Died","Lindsey","Yes","ANHU","Female-like ","adult-like",0,"Summer","caught by domestic animal","Non-selasphorus spp.","3750_ANHU","Non-Selasphorus",2009-06-08
"3524","11/10/2012","Died","Lindsey","No","ANHU","Female-like ","adult-like",0,"Fall","found inside","Non-selasphorus spp.","4580_ANHU","Non-Selasphorus",2012-11-10
"3525","4/20/1997","Released","Lindsey","No","Non-selasphorus","unknown","Nestling",0,"Spring","nest-related","Non-selasphorus spp.","1212_ANHU","Selasphorus",1997-04-20
"3526","6/1/1993","Released","Lindsey","No","Selasphorus","unknown","Nestling",0,"Summer","found on the ground","Selasphorus spp.","482_ALHU","Selasphorus",1993-06-01
"3527","6/27/1996","Released","Lindsey","Yes","ANHU","Female-like ","adult-like",2,"Summer","found on the ground","Non-selasphorus spp.","1088_ANHU","Non-Selasphorus",1996-06-27
"3528","9/12/2008","Died","Lindsey","No","ANHU","Female-like ","adult-like",1,"Fall","window hit","Non-selasphorus spp.","3571_ANHU","Non-Selasphorus",2008-09-12
"3529","3/12/2016","Died","malibu","No","Selasphorus","Female-like ","adult-like",0,"Spring","found on the ground","Selasphorus spp.","6637_ALHU","Selasphorus",2016-03-12
"3530","8/31/2001","Died","Lindsey","No","ANHU","Female-like ","adult-like",0,"Summer","window hit","Non-selasphorus spp.","2119_ANHU","Non-Selasphorus",2001-08-31
"3531","4/2/2013","Died","Lindsey","No","ANHU","Male","adult-like",0,"Spring","found on the ground","Non-selasphorus spp.","4670_ANHU","Non-Selasphorus",2013-04-02
"3532","5/2/2001","Died","Lindsey","Yes","ANHU","Female-like ","adult-like",0,"Spring","caught by domestic animal","Non-selasphorus spp.","2035_ANHU","Non-Selasphorus",2001-05-02
"3533","7/9/1997","Died","Lindsey","Yes","ANHU","Female-like ","adult-like",0,"Summer","unknown","Non-selasphorus spp.","1284_ANHU","Non-Selasphorus",1997-07-09
"3534","6/10/2003","Died","Lindsey","No","ANHU","Female-like ","adult-like",0,"Summer","caught by domestic animal","Non-selasphorus spp.","2508_ANHU","Non-Selasphorus",2003-06-10
"3535","4/18/2014","Died","Lindsey","No","Non-selasphorus","unknown","Nestling",0,"Spring","found on the ground","Non-selasphorus spp.","4957_ANHU","Selasphorus",2014-04-18
"3536","7/8/2005","Died","Lindsey","No","ANHU","Female-like ","adult-like",0,"Summer","found on the ground","Non-selasphorus spp.","2953_ANHU","Non-Selasphorus",2005-07-08
"3537","4/17/1991","Released","Lindsey","Yes","Selasphorus","Female-like ","adult-like",6,"Spring","found on the ground","Selasphorus spp.","72_ALHU","Selasphorus",1991-04-17
"3538","4/26/1995","Died","Lindsey","No","Non-selasphorus","unknown","Nestling",0,"Spring","found on the ground","Non-selasphorus spp.","826_ANHU","Selasphorus",1995-04-26
"3539","1/19/2003","Died","Lindsey","No","ANHU","Female-like ","adult-like",0,"Winter","found on the ground","Non-selasphorus spp.","2367_ANHU","Non-Selasphorus",2003-01-19
"3540","7/25/2012","Died","Lindsey","No","ANHU","Female-like ","adult-like",0,"Summer","found on the ground","Non-selasphorus spp.","4544_ANHU","Non-Selasphorus",2012-07-25
"3541","5/16/1997","Died","Lindsey","No","ANHU","Female-like ","adult-like",0,"Spring","found on the ground","Non-selasphorus spp.","1239_ANHU","Non-Selasphorus",1997-05-16
"3542","4/20/2014","Released","malibu","No","Selasphorus","Female-like ","adult-like",0,"Spring","unknown","Selasphorus spp.","6273_ALHU","Selasphorus",2014-04-20
"3543","1/25/2004","Died","Lindsey","No","ANHU","Female-like ","adult-like",0,"Winter","found on the ground","Non-selasphorus spp.","2596_ANHU","Non-Selasphorus",2004-01-25
"3544","4/25/2010","Died","Lindsey","Yes","Non-selasphorus","unknown","Nestling",0,"Spring","nest-related","Non-selasphorus spp.","3933_ANHU","Selasphorus",2010-04-25
"3545","3/15/1999","Died","Lindsey","No","Non-selasphorus","unknown","Nestling",0,"Spring","nest-related","Non-selasphorus spp.","1552_ANHU","Selasphorus",1999-03-15
"3546","6/30/2010","Released","Lindsey","Yes","ANHU","Female-like ","adult-like",0,"Summer","found on the ground","Non-selasphorus spp.","4007_ANHU","Non-Selasphorus",2010-06-30
"3547","5/6/2013","Died","Lindsey","No","ANHU","Female-like ","adult-like",0,"Spring","found on the ground","Non-selasphorus spp.","4719_ANHU","Non-Selasphorus",2013-05-06
"3548","4/28/2008","Died","Lindsey","Yes","ANHU","Female-like ","adult-like",0,"Spring","found inside","Non-selasphorus spp.","3485_ANHU","Non-Selasphorus",2008-04-28
"3549","4/6/2012","Released","Lindsey","No","ANHU","Female-like ","adult-like",0,"Spring","found on the ground","Non-selasphorus spp.","4417_ANHU","Non-Selasphorus",2012-04-06
"3550","5/27/2004","Died","Lindsey","No","ANHU","Female-like ","adult-like",0,"Spring","unknown","Non-selasphorus spp.","2703_ANHU","Non-Selasphorus",2004-05-27
"3551","2/21/2014","Died","malibu","No","ANHU","Female-like ","adult-like",0,"Winter","unknown","Non-selasphorus spp.","6046_ANHU","Non-Selasphorus",2014-02-21
"3552","4/7/1998","Released","Lindsey","No","Non-selasphorus","unknown","Nestling",0,"Spring","found on the ground","Non-selasphorus spp.","1370_ANHU","Selasphorus",1998-04-07
"3553","10/4/1991","Died","Lindsey","No","ANHU","Female-like ","adult-like",0,"Fall","unknown","Non-selasphorus spp.","183_ANHU","Non-Selasphorus",1991-10-04
"3554","6/3/2016","Died","malibu","No","ANHU","Female-like ","adult-like",0,"Summer","caught by domestic animal","Non-selasphorus spp.","6745_ANHU","Non-Selasphorus",2016-06-03
"3555","10/4/2004","Released","Lindsey","No","ANHU","Female-like ","adult-like",0,"Fall","window hit","Non-selasphorus spp.","2769_ANHU","Non-Selasphorus",2004-10-04
"3556","2/2/2015","Died","malibu","Yes","Selasphorus","Male","adult-like",0,"Winter","unknown","Selasphorus spp.","6348_ALHU","Selasphorus",2015-02-02
"3557","5/26/1992","Released","Lindsey","No","ANHU","Female-like ","adult-like",3,"Spring","unknown","Non-selasphorus spp.","290_ANHU","Non-Selasphorus",1992-05-26
"3558","3/26/2011","Released","Lindsey","Yes","ANHU","Male","adult-like",1,"Spring","window hit","Non-selasphorus spp.","4139_ANHU","Non-Selasphorus",2011-03-26
"3559","6/21/2012","Released","Lindsey","No","Non-selasphorus","unknown","Nestling",0,"Summer","found on the ground","Non-selasphorus spp.","4503_ANHU","Selasphorus",2012-06-21
"3560","3/20/2015","Released","malibu","No","ANHU","Female-like ","adult-like",0,"Spring","found on the ground","Non-selasphorus spp.","6543_ANHU","Non-Selasphorus",2015-03-20
"3561","3/14/1994","Released","Lindsey","No","ANHU","Female-like ","adult-like",0,"Spring","caught by domestic animal","Non-selasphorus spp.","586_ANHU","Non-Selasphorus",1994-03-14
"3562","6/13/2015","Released","Lindsey","Yes","ANHU","Female-like ","adult-like",1,"Summer","found on the ground","Non-selasphorus spp.","5379_ANHU","Non-Selasphorus",2015-06-13
"3563","5/29/2013","Died","malibu","No","Selasphorus","Female-like ","adult-like",367,"Spring","unknown","Selasphorus spp.","5955_ALHU","Selasphorus",2013-05-29
"3564","3/6/2014","Released","malibu","No","Selasphorus","unknown","Nestling",1,"Spring","nest-related","Selasphorus spp.","6055_ALHU","Selasphorus",2014-03-06
"3565","6/6/2016","Died","malibu","Yes","Selasphorus","Female-like ","adult-like",0,"Summer","found on the ground","Selasphorus spp.","6749_ALHU","Selasphorus",2016-06-06
"3566","3/6/1993","Died","Lindsey","No","ANHU","Female-like ","adult-like",0,"Spring","window hit","Non-selasphorus spp.","391_ANHU","Non-Selasphorus",1993-03-06
"3567","4/3/1997","Died","Lindsey","No","ANHU","Female-like ","adult-like",0,"Spring","unknown","Non-selasphorus spp.","1202_ANHU","Non-Selasphorus",1997-04-03
"3568","4/17/2003","Died","Lindsey","No","ANHU","Female-like ","adult-like",0,"Spring","caught by domestic animal","Non-selasphorus spp.","2454_ANHU","Non-Selasphorus",2003-04-17
"3569","10/3/2003","Died","Lindsey","Yes","ANHU","Female-like ","adult-like",1,"Fall","window hit","Non-selasphorus spp.","2570_ANHU","Non-Selasphorus",2003-10-03
"3570","6/18/2014","Died","malibu","No","Selasphorus","Female-like ","adult-like",0,"Summer","unknown","Selasphorus spp.","6310_ALHU","Selasphorus",2014-06-18
"3571","6/9/2007","Died","Lindsey","No","ANHU","Female-like ","adult-like",0,"Summer","found on the ground","Non-selasphorus spp.","3316_ANHU","Non-Selasphorus",2007-06-09
"3572","4/11/2003","Died","Lindsey","Yes","ANHU","Female-like ","adult-like",0,"Spring","found on the ground","Non-selasphorus spp.","2447_ANHU","Non-Selasphorus",2003-04-11
"3573","11/9/2016","Died","malibu","No","ANHU","Female-like ","adult-like",5,"Fall","unknown","Non-selasphorus spp.","6820_ANHU","Non-Selasphorus",2016-11-09
"3574","6/30/2015","Died","malibu","No","Selasphorus","unknown","Nestling",1,"Summer","nest-related","Selasphorus spp.","6465_ALHU","Selasphorus",2015-06-30
"3575","7/18/1998","Released","Lindsey","No","ANHU","Female-like ","adult-like",0,"Summer","found on the ground","Non-selasphorus spp.","1474_ANHU","Non-Selasphorus",1998-07-18
"3576","3/30/2013","Released","malibu","No","Selasphorus","Female-like ","adult-like",0,"Spring","unknown","Selasphorus spp.","5889_ALHU","Selasphorus",2013-03-30
"3577","7/29/1991","Died","Lindsey","No","ANHU","Female-like ","adult-like",0,"Summer","caught by domestic animal","Non-selasphorus spp.","158_ANHU","Non-Selasphorus",1991-07-29
"3578","12/9/2010","Released","Lindsey","Yes","ANHU","Female-like ","adult-like",1,"Winter","window hit","Non-selasphorus spp.","4081_ANHU","Non-Selasphorus",2010-12-09
"3579","3/9/2002","Died","Lindsey","No","ANHU","Female-like ","adult-like",0,"Spring","suspect torpor-like state","Non-selasphorus spp.","2175_ANHU","Non-Selasphorus",2002-03-09
"3580","6/21/2003","Released","Lindsey","No","ANHU","Female-like ","adult-like",2,"Summer","found inside","Non-selasphorus spp.","2520_ANHU","Non-Selasphorus",2003-06-21
"3581","5/11/2009","Died","Lindsey","No","ANHU","Female-like ","adult-like",0,"Spring","found on the ground","Non-selasphorus spp.","3724_ANHU","Non-Selasphorus",2009-05-11
"3582","7/13/2015","Died","malibu","No","Selasphorus","unknown","Nestling",1,"Summer","nest-related","Selasphorus spp.","6479_ALHU","Selasphorus",2015-07-13
"3583","5/29/2016","Released","malibu","No","Selasphorus","Female-like ","adult-like",0,"Spring","unknown","Selasphorus spp.","6778_ALHU","Selasphorus",2016-05-29
"3584","5/21/2013","Died","malibu","No","Selasphorus","Female-like ","adult-like",2,"Spring","window hit","Selasphorus spp.","5810_ALHU","Selasphorus",2013-05-21
"3585","4/12/2002","Released","Lindsey","Yes","Non-selasphorus","unknown","Nestling",1,"Spring","nest-related","Non-selasphorus spp.","2214_ANHU","Selasphorus",2002-04-12
"3586","5/1/2009","Died","Lindsey","Yes","ANHU","Male","adult-like",0,"Spring","found inside","Non-selasphorus spp.","3713_ANHU","Non-Selasphorus",2009-05-01
"3587","7/18/1993","Died","Lindsey","No","ANHU","Female-like ","adult-like",0,"Summer","unknown","Non-selasphorus spp.","527_ANHU","Non-Selasphorus",1993-07-18
"3588","6/27/2012","Died","Lindsey","No","ANHU","Male","adult-like",1,"Summer","caught by domestic animal","Non-selasphorus spp.","4513_ANHU","Non-Selasphorus",2012-06-27
"3589","5/1/1993","Released","Lindsey","No","Non-selasphorus","unknown","Nestling",0,"Spring","nest-related","Non-selasphorus spp.","458_ANHU","Selasphorus",1993-05-01
"3590","5/2/2013","Released","malibu","Yes","Selasphorus","unknown","Nestling",0,"Spring","unknown","Selasphorus spp.","5797_ALHU","Selasphorus",2013-05-02
"3591","4/15/2009","Released","Lindsey","Yes","Non-selasphorus","unknown","Nestling",1,"Spring","nest-related","Non-selasphorus spp.","3691_ANHU","Selasphorus",2009-04-15
"3592","1/28/2000","Died","Lindsey","No","ANHU","Female-like ","adult-like",0,"Winter","found on the ground","Non-selasphorus spp.","1733_ANHU","Non-Selasphorus",2000-01-28
"3593","4/6/2014","Died","malibu","No","Selasphorus","Female-like ","adult-like",0,"Spring","window hit","Selasphorus spp.","6083_ALHU","Selasphorus",2014-04-06
"3594","5/11/2013","Released","malibu","No","Selasphorus","unknown","Nestling",0,"Spring","unknown","Selasphorus spp.","5808_ALHU","Selasphorus",2013-05-11
"3595","3/31/2000","Died","Lindsey","Yes","Non-selasphorus","unknown","adult-like",0,"Spring","found on the ground","Non-selasphorus spp.","1776_COHU","Selasphorus",2000-03-31
"3596","5/17/2000","Released","Lindsey","Yes","ANHU","Female-like ","adult-like",0,"Spring","nest-related","Non-selasphorus spp.","1827_ANHU","Non-Selasphorus",2000-05-17
"3597","5/20/1991","Released","Lindsey","No","ANHU","Female-like ","adult-like",0,"Spring","caught by domestic animal","Non-selasphorus spp.","98_ANHU","Non-Selasphorus",1991-05-20
"3598","1/21/1995","Died","Lindsey","No","ANHU","Female-like ","adult-like",0,"Winter","caught by domestic animal","Non-selasphorus spp.","742_ANHU","Non-Selasphorus",1995-01-21
"3599","6/15/1999","Released","Lindsey","Yes","Non-selasphorus","unknown","Nestling",2,"Summer","found on the ground","Non-selasphorus spp.","1656_ANHU","Selasphorus",1999-06-15
"3600","6/5/2013","Released","malibu","No","Non-selasphorus","unknown","Nestling",0,"Summer","unknown","Non-selasphorus spp.","5834_ANHU","Selasphorus",2013-06-05
"3601","2/14/2013","Died","Lindsey","No","ANHU","Female-like ","adult-like",1,"Winter","found on the ground","Non-selasphorus spp.","4607_ANHU","Non-Selasphorus",2013-02-14
"3602","5/8/2008","Died","Lindsey","Yes","ANHU","Female-like ","adult-like",0,"Spring","caught by domestic animal","Non-selasphorus spp.","3493_ANHU","Non-Selasphorus",2008-05-08
"3603","4/25/1997","Died","Lindsey","No","ANHU","Female-like ","adult-like",0,"Spring","found on the ground","Non-selasphorus spp.","1218_ANHU","Non-Selasphorus",1997-04-25
"3604","5/18/2013","Released","malibu","No","Selasphorus","Female-like ","adult-like",0,"Spring","unknown","Selasphorus spp.","5944_ALHU","Selasphorus",2013-05-18
"3605","4/15/1991","Died","Lindsey","No","Non-selasphorus","unknown","Nestling",0,"Spring","nest-related","Non-selasphorus spp.","71_ANHU","Selasphorus",1991-04-15
"3606","8/19/2008","Died","Lindsey","No","ANHU","Female-like ","adult-like",1,"Summer","caught by domestic animal","Non-selasphorus spp.","3564_ANHU","Non-Selasphorus",2008-08-19
"3607","11/23/1998","Died","Lindsey","No","ANHU","Female-like ","adult-like",0,"Fall","found inside","Non-selasphorus spp.","1516_ANHU","Non-Selasphorus",1998-11-23
"3608","9/7/2007","Died","Lindsey","Yes","Selasphorus","Female-like ","adult-like",0,"Fall","found on the ground","Selasphorus spp.","3370_ALHU","Selasphorus",2007-09-07
"3609","6/5/2015","Released","Lindsey","No","ANHU","Female-like ","adult-like",0,"Summer","found on the ground","Non-selasphorus spp.","5359_ANHU","Non-Selasphorus",2015-06-05
"3610","8/21/1998","Died","Lindsey","No","BCHU","Female-like ","adult-like",4,"Summer","found on the ground","Non-selasphorus spp.","1493_BCHU","Non-Selasphorus",1998-08-21
"3611","3/26/1993","Died","Lindsey","No","ANHU","Female-like ","adult-like",0,"Spring","window hit","Non-selasphorus spp.","411_ANHU","Non-Selasphorus",1993-03-26
"3612","4/14/2015","Died","malibu","No","Selasphorus","Female-like ","adult-like",0,"Spring","found on the ground","Selasphorus spp.","6391_ALHU","Selasphorus",2015-04-14
"3613","4/25/2013","Died","malibu","No","ANHU","Female-like ","adult-like",1,"Spring","nest-related","Non-selasphorus spp.","5787_ANHU","Non-Selasphorus",2013-04-25
"3614","7/18/2002","Released","Lindsey","No","ANHU","Female-like ","adult-like",0,"Summer","found on the ground","Non-selasphorus spp.","2313_ANHU","Non-Selasphorus",2002-07-18
"3615","6/24/2013","Died","Lindsey","No","Non-selasphorus","unknown","Nestling",0,"Summer","nest-related","Non-selasphorus spp.","4777_ANHU","Selasphorus",2013-06-24
"3616","4/6/2013","Died","malibu","No","Selasphorus","Female-like ","adult-like",0,"Spring","unknown","Selasphorus spp.","5769_ALHU","Selasphorus",2013-04-06
"3617","6/1/2010","Released","Lindsey","No","ANHU","Female-like ","adult-like",0,"Summer","found inside","Non-selasphorus spp.","3972_ANHU","Non-Selasphorus",2010-06-01
"3618","7/7/2012","Died","Lindsey","Yes","Non-selasphorus","unknown","Nestling",1,"Summer","nest-related","Non-selasphorus spp.","4521_ANHU","Selasphorus",2012-07-07
"3619","5/26/2005","Released","Lindsey","No","ANHU","Female-like ","adult-like",0,"Spring","window hit","Non-selasphorus spp.","2894_ANHU","Non-Selasphorus",2005-05-26
"3620","7/28/2004","Released","Lindsey","Yes","ANHU","Female-like ","adult-like",0,"Summer","caught by domestic animal","Non-selasphorus spp.","2753_ANHU","Non-Selasphorus",2004-07-28
"3621","3/5/2014","Released","Lindsey","Yes","Non-selasphorus","unknown","Nestling",0,"Spring","unknown","Non-selasphorus spp.","4887_ANHU","Selasphorus",2014-03-05
"3622","3/19/2008","Died","Lindsey","No","ANHU","Female-like ","adult-like",0,"Spring","caught by domestic animal","Non-selasphorus spp.","3440_ANHU","Non-Selasphorus",2008-03-19
"3623","5/6/2015","Died","malibu","Yes","Selasphorus","Female-like ","adult-like",2,"Spring","found on the ground","Selasphorus spp.","6408_ALHU","Selasphorus",2015-05-06
"3624","4/11/2015","Died","malibu","No","Selasphorus","Female-like ","adult-like",0,"Spring","unknown","Selasphorus spp.","6384_ALHU","Selasphorus",2015-04-11
"3625","4/22/2010","Released","Lindsey","No","Selasphorus","Female-like ","adult-like",0,"Spring","found on the ground","Selasphorus spp.","3927_ALHU","Selasphorus",2010-04-22
"3626","5/18/2014","Died","Lindsey","Yes","ANHU","Female-like ","adult-like",0,"Spring","caught by domestic animal","Non-selasphorus spp.","5008_ANHU","Non-Selasphorus",2014-05-18
"3627","6/27/2000","Died","Lindsey","No","ANHU","Female-like ","adult-like",0,"Summer","window hit","Non-selasphorus spp.","1876_ANHU","Non-Selasphorus",2000-06-27
"3628","4/16/2015","Died","Lindsey","Yes","Selasphorus","Female-like ","adult-like",1,"Spring","window hit","Selasphorus spp.","5273_ALHU","Selasphorus",2015-04-16
"3629","10/22/1997","Died","Lindsey","No","ANHU","Female-like ","adult-like",0,"Fall","caught by domestic animal","Non-selasphorus spp.","1315_ANHU","Non-Selasphorus",1997-10-22
"3630","4/29/2009","Died","Lindsey","No","ANHU","Male","adult-like",0,"Spring","window hit","Non-selasphorus spp.","3712_ANHU","Non-Selasphorus",2009-04-29
"3631","5/27/2015","Released","Lindsey","Yes","ANHU","Female-like ","adult-like",2,"Spring","caught by domestic animal","Non-selasphorus spp.","5343_ANHU","Non-Selasphorus",2015-05-27
"3632","5/25/2011","Released","Lindsey","Yes","ANHU","Female-like ","adult-like",2,"Spring","nest-related","Non-selasphorus spp.","4214_ANHU","Non-Selasphorus",2011-05-25
"3633","2/22/1992","Released","Lindsey","Yes","Non-selasphorus","unknown","Nestling",1,"Winter","nest-related","Non-selasphorus spp.","212_ANHU","Selasphorus",1992-02-22
"3634","6/25/2014","Died","malibu","No","Selasphorus","Female-like ","adult-like",0,"Summer","unknown","Selasphorus spp.","6314_ALHU","Selasphorus",2014-06-25
"3635","3/29/1996","Released","Lindsey","Yes","Non-selasphorus","unknown","Nestling",0,"Spring","nest-related","Non-selasphorus spp.","997_ANHU","Selasphorus",1996-03-29
"3636","4/7/2012","Released","Lindsey","No","ANHU","Female-like ","adult-like",0,"Spring","caught by domestic animal","Non-selasphorus spp.","4419_ANHU","Non-Selasphorus",2012-04-07
"3637","6/22/2006","Died","Lindsey","No","Non-selasphorus","unknown","Nestling",1,"Summer","caught by domestic animal","Non-selasphorus spp.","3118_ANHU","Selasphorus",2006-06-22
"3638","7/21/2001","Died","Lindsey","No","ANHU","Female-like ","adult-like",1,"Summer","unknown","Non-selasphorus spp.","2098_ANHU","Non-Selasphorus",2001-07-21
"3639","5/17/2009","Died","Lindsey","No","ANHU","Female-like ","adult-like",0,"Spring","caught by domestic animal","Non-selasphorus spp.","3732_ANHU","Non-Selasphorus",2009-05-17
"3640","3/7/1996","Released","Lindsey","No","Non-selasphorus","unknown","Nestling",0,"Spring","nest-related","Non-selasphorus spp.","970_ANHU","Selasphorus",1996-03-07
"3641","4/10/2010","Died","Lindsey","No","ANHU","Male","adult-like",0,"Spring","found on the ground","Non-selasphorus spp.","3912_ANHU","Non-Selasphorus",2010-04-10
"3642","3/25/2015","Released","malibu","No","ANHU","Female-like ","adult-like",0,"Spring","found on the ground","Non-selasphorus spp.","6531_ANHU","Non-Selasphorus",2015-03-25
"3643","7/23/2014","Died","Lindsey","No","ANHU","Female-like ","adult-like",0,"Summer","found on the ground","Non-selasphorus spp.","5092_ANHU","Non-Selasphorus",2014-07-23
"3644","2/3/2006","Died","Lindsey","No","ANHU","Female-like ","adult-like",0,"Winter","suspect torpor-like state","Non-selasphorus spp.","2997_ANHU","Non-Selasphorus",2006-02-03
"3645","3/28/2003","Released","Lindsey","No","ANHU","Female-like ","adult-like",0,"Spring","caught by domestic animal","Non-selasphorus spp.","2430_ANHU","Non-Selasphorus",2003-03-28
"3646","3/4/2006","Released","Lindsey","Yes","Non-selasphorus","unknown","Nestling",0,"Spring","nest-related","Non-selasphorus spp.","3017_ANHU","Selasphorus",2006-03-04
"3647","4/3/2001","Died","Lindsey","Yes","ANHU","Female-like ","adult-like",0,"Spring","window hit","Non-selasphorus spp.","2010_ANHU","Non-Selasphorus",2001-04-03
"3648","4/2/2001","Died","Lindsey","Yes","ANHU","Female-like ","adult-like",1,"Spring","caught by domestic animal","Non-selasphorus spp.","2006_ANHU","Non-Selasphorus",2001-04-02
"3649","4/28/1995","Died","Lindsey","No","ANHU","Female-like ","adult-like",0,"Spring","window hit","Non-selasphorus spp.","828_ANHU","Non-Selasphorus",1995-04-28
"3650","7/21/2010","Released","Lindsey","No","Non-selasphorus","unknown","Nestling",0,"Summer","found on the ground","Non-selasphorus spp.","4030_ANHU","Selasphorus",2010-07-21
"3651","4/24/1995","Died","Lindsey","Yes","ANHU","Female-like ","adult-like",0,"Spring","found on the ground","Non-selasphorus spp.","825_ANHU","Non-Selasphorus",1995-04-24
"3652","2/21/2005","Died","Lindsey","No","Selasphorus","Female-like ","adult-like",0,"Winter","found on the ground","Selasphorus spp.","2802_ALHU","Selasphorus",2005-02-21
"3653","3/6/2002","Released","Lindsey","No","Non-selasphorus","unknown","Nestling",0,"Spring","found on the ground","Non-selasphorus spp.","2172_ANHU","Selasphorus",2002-03-06
"3654","3/29/2003","Released","Lindsey","No","Selasphorus","Female-like ","adult-like",0,"Spring","found on the ground","Selasphorus spp.","2431_ALHU","Selasphorus",2003-03-29
"3655","2/13/2016","Died","malibu","No","Selasphorus","Female-like ","adult-like",0,"Winter","unknown","Selasphorus spp.","6625_ALHU","Selasphorus",2016-02-13
"3656","8/3/2013","Died","malibu","Yes","ANHU","Male","adult-like",0,"Summer","found on the ground","Non-selasphorus spp.","5885_ANHU","Non-Selasphorus",2013-08-03
"3657","4/4/1997","Died","Lindsey","No","Non-selasphorus","unknown","Nestling",0,"Spring","nest-related","Non-selasphorus spp.","1204_ANHU","Selasphorus",1997-04-04
"3658","7/8/2015","Died","malibu","Yes","Selasphorus","Female-like ","adult-like",1,"Summer","found on the ground","Selasphorus spp.","6476_ALHU","Selasphorus",2015-07-08
"3659","1/28/2016","Died","Lindsey","No","ANHU","Male","adult-like",0,"Winter","window hit","Non-selasphorus spp.","5478_ANHU","Non-Selasphorus",2016-01-28
"3660","10/8/2014","Died","Lindsey","No","ANHU","Female-like ","adult-like",0,"Fall","suspect torpor-like state","Non-selasphorus spp.","5114_ANHU","Non-Selasphorus",2014-10-08
"3661","9/7/1999","Died","Lindsey","No","ANHU","Female-like ","adult-like",0,"Fall","caught by domestic animal","Non-selasphorus spp.","1710_ANHU","Non-Selasphorus",1999-09-07
"3662","5/2/2015","Died","malibu","No","Selasphorus","unknown","Nestling",0,"Spring","nest-related","Selasphorus spp.","6612_ALHU","Selasphorus",2015-05-02
"3663","2/10/2010","Died","Lindsey","No","ANHU","Male","adult-like",0,"Winter","found on the ground","Non-selasphorus spp.","3859_ANHU","Non-Selasphorus",2010-02-10
"3664","5/19/1994","Died","Lindsey","No","ANHU","Female-like ","adult-like",1,"Spring","found on the ground","Non-selasphorus spp.","644_ANHU","Non-Selasphorus",1994-05-19
"3665","12/17/1995","Died","Lindsey","No","ANHU","Female-like ","adult-like",0,"Winter","unknown","Non-selasphorus spp.","938_ANHU","Non-Selasphorus",1995-12-17
"3666","5/22/1997","Released","Lindsey","No","ANHU","Female-like ","adult-like",0,"Spring","caught by domestic animal","Non-selasphorus spp.","1242_ANHU","Non-Selasphorus",1997-05-22
"3667","5/7/2014","Died","malibu","No","Selasphorus","Female-like ","adult-like",0,"Spring","unknown","Selasphorus spp.","6280_ALHU","Selasphorus",2014-05-07
"3668","2/14/2001","Released","Lindsey","Yes","Non-selasphorus","unknown","Nestling",1,"Winter","found on the ground","Non-selasphorus spp.","1957_ANHU","Selasphorus",2001-02-14
"3669","9/23/1993","Died","Lindsey","No","ANHU","Female-like ","adult-like",1,"Fall","unknown","Non-selasphorus spp.","544_ANHU","Non-Selasphorus",1993-09-23
"3670","3/27/2015","Released","Lindsey","No","Selasphorus","Female-like ","adult-like",0,"Spring","unknown","Selasphorus spp.","5233_ALHU","Selasphorus",2015-03-27
"3671","6/19/1997","Released","Lindsey","Yes","Non-selasphorus","unknown","Nestling",0,"Summer","nest-related","Non-selasphorus spp.","1266_ANHU","Selasphorus",1997-06-19
"3672","7/11/2015","Released","Lindsey","No","Non-selasphorus","unknown","Nestling",0,"Summer","found on the ground","Non-selasphorus spp.","5417_ANHU","Selasphorus",2015-07-11
"3673","4/19/1997","Died","Lindsey","Yes","ANHU","Female-like ","adult-like",0,"Spring","caught by domestic animal","Non-selasphorus spp.","1211_ANHU","Non-Selasphorus",1997-04-19
"3674","4/4/2005","Died","Lindsey","No","ANHU","Female-like ","adult-like",0,"Spring","window hit","Non-selasphorus spp.","2841_ANHU","Non-Selasphorus",2005-04-04
"3675","5/26/2010","Died","Lindsey","No","ANHU","Female-like ","adult-like",0,"Spring","found on the ground","Non-selasphorus spp.","3967_ANHU","Non-Selasphorus",2010-05-26
"3676","6/1/2013","Released","malibu","No","Selasphorus","Female-like ","adult-like",0,"Summer","unknown","Selasphorus spp.","5958_ALHU","Selasphorus",2013-06-01
"3677","3/10/2014","Died","Lindsey","No","ANHU","Male","adult-like",0,"Spring","unknown","Non-selasphorus spp.","4894_ANHU","Non-Selasphorus",2014-03-10
"3678","6/18/1994","Released","Lindsey","No","ANHU","Female-like ","adult-like",0,"Summer","found on the ground","Non-selasphorus spp.","679_ANHU","Non-Selasphorus",1994-06-18
"3679","1/14/1996","Died","Lindsey","Yes","ANHU","Female-like ","adult-like",1,"Winter","caught by domestic animal","Non-selasphorus spp.","941_ANHU","Non-Selasphorus",1996-01-14
"3680","4/25/2009","Released","Lindsey","No","Non-selasphorus","unknown","Nestling",0,"Spring","found on the ground","Non-selasphorus spp.","3706_ANHU","Selasphorus",2009-04-25
"3681","5/5/2013","Released","malibu","Yes","Non-selasphorus","unknown","Nestling",2,"Spring","found on the ground","Non-selasphorus spp.","5803_ANHU","Selasphorus",2013-05-05
"3682","6/13/2005","Released","Lindsey","Yes","ANHU","Female-like ","adult-like",0,"Summer","found inside","Non-selasphorus spp.","2917_ANHU","Non-Selasphorus",2005-06-13
"3683","7/18/2012","Died","Lindsey","Yes","ANHU","Male","adult-like",1,"Summer","caught by domestic animal","Non-selasphorus spp.","4533_ANHU","Non-Selasphorus",2012-07-18
"3684","4/14/2014","Died","Lindsey","No","Selasphorus","Female-like ","adult-like",0,"Spring","found on the ground","Selasphorus spp.","4954_ALHU","Selasphorus",2014-04-14
"3685","6/6/2011","Released","Lindsey","Yes","Selasphorus","unknown","Nestling",0,"Summer","nest-related","Selasphorus spp.","4240_ALHU","Selasphorus",2011-06-06
"3686","7/14/2013","Died","malibu","No","ANHU","Female-like ","adult-like",0,"Summer","unknown","Non-selasphorus spp.","5876_ANHU","Non-Selasphorus",2013-07-14
"3687","4/26/2012","Released","Lindsey","Yes","Non-selasphorus","unknown","Nestling",2,"Spring","nest-related","Non-selasphorus spp.","4442_ANHU","Selasphorus",2012-04-26
"3688","5/5/2015","Died","Lindsey","No","ANHU","Female-like ","adult-like",0,"Spring","found on the ground","Non-selasphorus spp.","5308_ANHU","Non-Selasphorus",2015-05-05
"3689","4/10/2009","Died","Lindsey","No","ANHU","Female-like ","adult-like",0,"Spring","found on the ground","Non-selasphorus spp.","3686_ANHU","Non-Selasphorus",2009-04-10
"3690","3/13/2008","Died","Lindsey","No","Non-selasphorus","unknown","Nestling",1,"Spring","caught by domestic animal","Non-selasphorus spp.","3427_ANHU","Selasphorus",2008-03-13
"3691","5/31/1992","Died","Lindsey","No","ANHU","Female-like ","adult-like",2,"Spring","found on the ground","Non-selasphorus spp.","294_ANHU","Non-Selasphorus",1992-05-31
"3692","12/2/2016","Died","malibu","No","ANHU","Female-like ","adult-like",0,"Winter","unknown","Non-selasphorus spp.","6828_ANHU","Non-Selasphorus",2016-12-02
"3693","5/26/2002","Released","Lindsey","No","Non-selasphorus","unknown","Nestling",0,"Spring","found on the ground","Non-selasphorus spp.","2259_ANHU","Selasphorus",2002-05-26
"3694","4/26/1996","Released","Lindsey","Yes","Non-selasphorus","unknown","Nestling",0,"Spring","found on the ground","Non-selasphorus spp.","1037_ANHU","Selasphorus",1996-04-26
"3695","4/12/2008","Died","Lindsey","Yes","ANHU","Female-like ","adult-like",0,"Spring","found on the ground","Non-selasphorus spp.","3470_ANHU","Non-Selasphorus",2008-04-12
"3696","3/29/2005","Died","Lindsey","No","ANHU","Female-like ","adult-like",1,"Spring","suspect torpor-like state","Non-selasphorus spp.","2832_ANHU","Non-Selasphorus",2005-03-29
"3697","6/15/2007","Released","Lindsey","Yes","Non-selasphorus","unknown","Nestling",0,"Summer","nest-related","Non-selasphorus spp.","3323_ANHU","Selasphorus",2007-06-15
"3698","4/7/2005","Released","Lindsey","Yes","Non-selasphorus","unknown","Nestling",0,"Spring","found on the ground","Non-selasphorus spp.","2847_ANHU","Selasphorus",2005-04-07
"3699","5/31/2007","Died","Lindsey","Yes","Non-selasphorus","unknown","Nestling",0,"Spring","unknown","Non-selasphorus spp.","3301_ANHU","Selasphorus",2007-05-31
"3700","6/24/2013","Died","malibu","No","Selasphorus","Female-like ","adult-like",2,"Summer","unknown","Selasphorus spp.","6007_ALHU","Selasphorus",2013-06-24
"3701","4/30/2013","Died","malibu","No","ANHU","Female-like ","adult-like",0,"Spring","unknown","Non-selasphorus spp.","5794_ANHU","Non-Selasphorus",2013-04-30
"3702","5/10/2014","Released","malibu","No","Selasphorus","Female-like ","adult-like",0,"Spring","found on the ground","Selasphorus spp.","6114_ALHU","Selasphorus",2014-05-10
"3703","4/2/2012","Died","Lindsey","Yes","ANHU","Female-like ","adult-like",0,"Spring","window hit","Non-selasphorus spp.","4410_ANHU","Non-Selasphorus",2012-04-02
"3704","6/8/1996","Died","Lindsey","Yes","ANHU","Female-like ","adult-like",1,"Summer","found on the ground","Non-selasphorus spp.","1070_ANHU","Non-Selasphorus",1996-06-08
"3705","9/25/2013","Died","Lindsey","Yes","ANHU","Female-like ","adult-like",0,"Fall","caught by domestic animal","Non-selasphorus spp.","4816_ANHU","Non-Selasphorus",2013-09-25
"3706","6/22/1999","Died","Lindsey","No","ANHU","Female-like ","adult-like",0,"Summer","found on the ground","Non-selasphorus spp.","1665_ANHU","Non-Selasphorus",1999-06-22
"3707","9/19/2005","Died","Lindsey","Yes","ANHU","Female-like ","adult-like",0,"Fall","found on the ground","Non-selasphorus spp.","2970_ANHU","Non-Selasphorus",2005-09-19
"3708","4/29/1999","Died","Lindsey","No","ANHU","Female-like ","adult-like",0,"Spring","found on the ground","Non-selasphorus spp.","1613_ANHU","Non-Selasphorus",1999-04-29
"3709","4/10/2014","Died","Lindsey","No","ANHU","Female-like ","adult-like",0,"Spring","window hit","Non-selasphorus spp.","4950_ANHU","Non-Selasphorus",2014-04-10
"3710","5/8/2015","Died","malibu","No","Selasphorus","Female-like ","adult-like",1,"Spring","found on the ground","Selasphorus spp.","6416_ALHU","Selasphorus",2015-05-08
"3711","7/11/2006","Died","Lindsey","No","ANHU","Female-like ","adult-like",0,"Summer","caught by domestic animal","Non-selasphorus spp.","3139_ANHU","Non-Selasphorus",2006-07-11
"3712","11/27/2013","Died","Lindsey","Yes","ANHU","Female-like ","adult-like",0,"Fall","found on the ground","Non-selasphorus spp.","4834_ANHU","Non-Selasphorus",2013-11-27
"3713","7/10/2016","Died","Lindsey","Yes","ANHU","Female-like ","adult-like",1,"Summer","caught by domestic animal","Non-selasphorus spp.","5677_ANHU","Non-Selasphorus",2016-07-10
"3714","6/29/2000","Died","Lindsey","Yes","ANHU","Female-like ","adult-like",0,"Summer","found on the ground","Non-selasphorus spp.","1878_ANHU","Non-Selasphorus",2000-06-29
"3715","6/3/2016","Released","Santa Barbara","Yes","Non-selasphorus","unknown","Nestling",0,"Summer","found on the ground","Non-selasphorus spp.","6882_ANHU","Selasphorus",2016-06-03
"3716","1/6/2016","Died","Lindsey","No","ANHU","Male","adult-like",0,"Winter","found on the ground","Non-selasphorus spp.","5469_ANHU","Non-Selasphorus",2016-01-06
"3717","6/19/2003","Died","Lindsey","No","ANHU","Female-like ","adult-like",0,"Summer","caught by domestic animal","Non-selasphorus spp.","2517_ANHU","Non-Selasphorus",2003-06-19
"3718","5/3/2016","Released","Santa Barbara","No","Selasphorus","unknown","Nestling",0,"Spring","caught by domestic animal","Selasphorus spp.","6869_ALHU","Selasphorus",2016-05-03
"3719","5/19/2016","Died","Santa Barbara","No","Selasphorus","unknown","Nestling",0,"Spring","found on the ground","Selasphorus spp.","6875_ALHU","Selasphorus",2016-05-19
"3720","5/27/2013","Died","Lindsey","Yes","Selasphorus","unknown","Nestling",2,"Spring","nest-related","Selasphorus spp.","4734_ALHU","Selasphorus",2013-05-27
"3721","6/23/2002","Released","Lindsey","Yes","Non-selasphorus","unknown","Nestling",0,"Summer","found on the ground","Non-selasphorus spp.","2284_ANHU","Selasphorus",2002-06-23
"3722","3/13/2003","Released","Lindsey","Yes","ANHU","Female-like ","adult-like",0,"Spring","found on the ground","Non-selasphorus spp.","2410_ANHU","Non-Selasphorus",2003-03-13
"3723","2/28/2014","Died","malibu","Yes","Selasphorus","unknown","Nestling",0,"Winter","found on the ground","Selasphorus spp.","6051_ALHU","Selasphorus",2014-02-28
"3724","8/26/1998","Released","Lindsey","No","BCHU","Female-like ","adult-like",0,"Summer","caught by domestic animal","Non-selasphorus spp.","1494_BCHU","Non-Selasphorus",1998-08-26
"3725","3/31/1996","Died","Lindsey","Yes","ANHU","Female-like ","adult-like",1,"Spring","found on the ground","Non-selasphorus spp.","1003_ANHU","Non-Selasphorus",1996-03-31
"3726","3/28/2000","Released","Lindsey","Yes","ANHU","Female-like ","adult-like",0,"Spring","found on the ground","Non-selasphorus spp.","1773_ANHU","Non-Selasphorus",2000-03-28
"3727","5/19/2013","Released","malibu","No","ANHU","Female-like ","adult-like",0,"Spring","unknown","Non-selasphorus spp.","5945_ANHU","Non-Selasphorus",2013-05-19
"3728","1/24/2001","Released","Lindsey","No","ANHU","Female-like ","adult-like",0,"Winter","caught by domestic animal","Non-selasphorus spp.","1945_ANHU","Non-Selasphorus",2001-01-24
"3729","3/25/2014","Died","malibu","Yes","ANHU","Female-like ","adult-like",0,"Spring","found on the ground","Non-selasphorus spp.","6196_ANHU","Non-Selasphorus",2014-03-25
"3730","12/31/2015","Released","malibu","No","ANHU","Female-like ","adult-like",244,"Winter","unknown","Non-selasphorus spp.","6562_ANHU","Non-Selasphorus",2015-12-31
"3731","4/9/2012","Released","Lindsey","No","ANHU","Female-like ","adult-like",0,"Spring","caught by domestic animal","Non-selasphorus spp.","4422_ANHU","Non-Selasphorus",2012-04-09
"3732","3/11/2012","Died","Lindsey","Yes","ANHU","Male","adult-like",0,"Spring","found on the ground","Non-selasphorus spp.","4384_ANHU","Non-Selasphorus",2012-03-11
"3733","5/31/2016","Died","malibu","No","Selasphorus","Female-like ","adult-like",1,"Spring","found on the ground","Selasphorus spp.","6741_ALHU","Selasphorus",2016-05-31
"3734","2/26/1994","Released","Lindsey","No","Non-selasphorus","unknown","Nestling",0,"Winter","found on the ground","Non-selasphorus spp.","575_ANHU","Selasphorus",1994-02-26
"3735","5/10/2014","Died","malibu","No","Selasphorus","Female-like ","adult-like",0,"Spring","unknown","Selasphorus spp.","6281_ALHU","Selasphorus",2014-05-10
"3736","5/23/2015","Died","Lindsey","No","ANHU","Female-like ","adult-like",0,"Spring","found on the ground","Non-selasphorus spp.","5332_ANHU","Non-Selasphorus",2015-05-23
"3737","7/14/2014","Died","malibu","No","Selasphorus","Female-like ","adult-like",0,"Summer","window hit","Selasphorus spp.","6165_ALHU","Selasphorus",2014-07-14
"3738","10/24/2000","Died","Lindsey","Yes","ANHU","Female-like ","adult-like",1,"Fall","caught by domestic animal","Non-selasphorus spp.","1918_ANHU","Non-Selasphorus",2000-10-24
"3739","3/1/1993","Died","Lindsey","No","Non-selasphorus","unknown","Nestling",0,"Spring","nest-related","Non-selasphorus spp.","386_ANHU","Selasphorus",1993-03-01
"3740","6/16/2013","Released","malibu","No","Selasphorus","Female-like ","adult-like",0,"Summer","unknown","Selasphorus spp.","5985_ALHU","Selasphorus",2013-06-16
"3741","6/21/2002","Died","Lindsey","No","Non-selasphorus","unknown","Nestling",0,"Summer","nest-related","Non-selasphorus spp.","2278_ANHU","Selasphorus",2002-06-21
"3742","5/19/1992","Released","Lindsey","No","ANHU","Female-like ","adult-like",0,"Spring","found inside","Non-selasphorus spp.","280_ANHU","Non-Selasphorus",1992-05-19
"3743","3/10/2004","Died","Lindsey","Yes","ANHU","Female-like ","adult-like",1,"Spring","caught by domestic animal","Non-selasphorus spp.","2633_ANHU","Non-Selasphorus",2004-03-10
"3744","3/29/2014","Released","malibu","Yes","Selasphorus","Male","adult-like",0,"Spring","found on the ground","Selasphorus spp.","6074_RUHU","Selasphorus",2014-03-29
"3745","9/21/2006","Died","Lindsey","Yes","ANHU","Female-like ","adult-like",0,"Fall","found on the ground","Non-selasphorus spp.","3157_ANHU","Non-Selasphorus",2006-09-21
"3746","4/28/2015","Released","malibu","No","Selasphorus","Female-like ","adult-like",0,"Spring","unknown","Selasphorus spp.","6502_ALHU","Selasphorus",2015-04-28
"3747","3/12/1995","Released","Lindsey","Yes","ANHU","Female-like ","adult-like",0,"Spring","caught by domestic animal","Non-selasphorus spp.","772_ANHU","Non-Selasphorus",1995-03-12
"3748","12/9/2016","Died","malibu","No","ANHU","Female-like ","adult-like",0,"Winter","window hit","Non-selasphorus spp.","6831_ANHU","Non-Selasphorus",2016-12-09
"3749","10/9/2016","Died","malibu","Yes","Selasphorus","Female-like ","adult-like",0,"Fall","unknown","Selasphorus spp.","6808_ALHU","Selasphorus",2016-10-09
"3750","8/6/2010","Died","Lindsey","No","ANHU","Female-like ","adult-like",0,"Summer","caught by domestic animal","Non-selasphorus spp.","4045_ANHU","Non-Selasphorus",2010-08-06
"3751","4/4/2014","Released","malibu","No","Selasphorus","Female-like ","adult-like",1,"Spring","unknown","Selasphorus spp.","6269_ALHU","Selasphorus",2014-04-04
"3752","4/6/1995","Died","Lindsey","No","ANHU","Female-like ","adult-like",0,"Spring","found on the ground","Non-selasphorus spp.","808_ANHU","Non-Selasphorus",1995-04-06
"3753","7/17/2000","Died","Lindsey","No","ANHU","Female-like ","adult-like",0,"Summer","caught by domestic animal","Non-selasphorus spp.","1891_ANHU","Non-Selasphorus",2000-07-17
"3754","5/14/2015","Released","malibu","No","ANHU","Female-like ","adult-like",0,"Spring","unknown","Non-selasphorus spp.","6602_ANHU","Non-Selasphorus",2015-05-14
"3755","2/28/2000","Died","Lindsey","No","ANHU","Female-like ","adult-like",0,"Winter","found on the ground","Non-selasphorus spp.","1750_ANHU","Non-Selasphorus",2000-02-28
"3756","4/13/2013","Released","Lindsey","No","Non-selasphorus","unknown","Nestling",0,"Spring","nest-related","Non-selasphorus spp.","4690_ANHU","Selasphorus",2013-04-13
"3757","2/24/2009","Died","Lindsey","No","ANHU","Male","adult-like",0,"Winter","window hit","Non-selasphorus spp.","3623_ANHU","Non-Selasphorus",2009-02-24
"3758","5/19/2013","Released","Lindsey","Yes","Non-selasphorus","unknown","Nestling",0,"Spring","found on the ground","Non-selasphorus spp.","4729_ANHU","Selasphorus",2013-05-19
"3759","7/2/2014","Died","malibu","Yes","ANHU","Female-like ","adult-like",0,"Summer","found on the ground","Non-selasphorus spp.","6157_ANHU","Non-Selasphorus",2014-07-02
"3760","5/13/1998","Died","Lindsey","Yes","ANHU","Female-like ","adult-like",0,"Spring","found inside","Non-selasphorus spp.","1413_ANHU","Non-Selasphorus",1998-05-13
"3761","1/20/1999","Died","Lindsey","No","ANHU","Female-like ","adult-like",0,"Winter","window hit","Non-selasphorus spp.","1533_ANHU","Non-Selasphorus",1999-01-20
"3762","3/17/2004","Died","Lindsey","No","ANHU","Female-like ","adult-like",0,"Spring","unknown","Non-selasphorus spp.","2639_ANHU","Non-Selasphorus",2004-03-17
"3763","11/10/2009","Died","Lindsey","Yes","ANHU","Female-like ","adult-like",1,"Fall","caught by domestic animal","Non-selasphorus spp.","3834_ANHU","Non-Selasphorus",2009-11-10
"3764","5/2/2006","Died","Lindsey","No","ANHU","Female-like ","adult-like",0,"Spring","found on the ground","Non-selasphorus spp.","3083_ANHU","Non-Selasphorus",2006-05-02
"3765","4/20/2010","Died","Lindsey","No","ANHU","Female-like ","adult-like",0,"Spring","unknown","Non-selasphorus spp.","3925_ANHU","Non-Selasphorus",2010-04-20
"3766","12/3/2011","Died","Lindsey","Yes","ANHU","Male","adult-like",1,"Winter","found on the ground","Non-selasphorus spp.","4331_ANHU","Non-Selasphorus",2011-12-03
"3767","3/28/1998","Died","Lindsey","Yes","Selasphorus","Female-like ","adult-like",0,"Spring","found on the ground","Selasphorus spp.","1361_RUHU","Selasphorus",1998-03-28
"3768","4/10/1993","Released","Lindsey","Yes","Non-selasphorus","unknown","Nestling",3,"Spring","nest-related","Non-selasphorus spp.","431_ANHU","Selasphorus",1993-04-10
"3769","5/25/1997","Released","Lindsey","Yes","Non-selasphorus","unknown","Nestling",14,"Spring","unknown","Non-selasphorus spp.","1247_ANHU","Selasphorus",1997-05-25
"3770","7/25/2001","Died","Lindsey","No","ANHU","Female-like ","adult-like",0,"Summer","caught by domestic animal","Non-selasphorus spp.","2100_ANHU","Non-Selasphorus",2001-07-25
"3771","6/26/1991","Died","Lindsey","No","Selasphorus","Female-like ","adult-like",1,"Summer","found on the ground","Selasphorus spp.","135_ALHU","Selasphorus",1991-06-26
"3772","6/7/2015","Died","malibu","Yes","Selasphorus","Female-like ","adult-like",0,"Summer","found on the ground","Selasphorus spp.","6451_ALHU","Selasphorus",2015-06-07
"3773","10/28/2013","Died","malibu","No","ANHU","Male","adult-like",0,"Fall","window hit","Non-selasphorus spp.","5906_ANHU","Non-Selasphorus",2013-10-28
"3774","4/21/2010","Died","Lindsey","Yes","ANHU","Female-like ","adult-like",0,"Spring","found on the ground","Non-selasphorus spp.","3926_ANHU","Non-Selasphorus",2010-04-21
"3775","7/30/1995","Died","Lindsey","Yes","ANHU","Female-like ","adult-like",1,"Summer","caught by domestic animal","Non-selasphorus spp.","905_ANHU","Non-Selasphorus",1995-07-30
"3776","4/30/2007","Released","Lindsey","Yes","Non-selasphorus","unknown","Nestling",1,"Spring","found on the ground","Non-selasphorus spp.","3274_ANHU","Selasphorus",2007-04-30
"3777","3/21/2001","Released","Lindsey","No","Non-selasphorus","unknown","Nestling",0,"Spring","found on the ground","Non-selasphorus spp.","1996_ANHU","Selasphorus",2001-03-21
"3778","5/25/2003","Released","Lindsey","Yes","Selasphorus","unknown","Nestling",1,"Spring","nest-related","Selasphorus spp.","2492_ALHU","Selasphorus",2003-05-25
"3779","7/3/2009","Released","Lindsey","Yes","ANHU","Female-like ","adult-like",1,"Summer","caught by domestic animal","Non-selasphorus spp.","3776_ANHU","Non-Selasphorus",2009-07-03
"3780","2/11/2015","Released","Lindsey","No","ANHU","Male","adult-like",0,"Winter","window hit","Non-selasphorus spp.","5172_ANHU","Non-Selasphorus",2015-02-11
"3781","7/24/2012","Released","Lindsey","Yes","ANHU","Female-like ","adult-like",1,"Summer","unknown","Non-selasphorus spp.","4543_ANHU","Non-Selasphorus",2012-07-24
"3782","3/7/2006","Released","Lindsey","Yes","Non-selasphorus","unknown","Nestling",0,"Spring","found on the ground","Non-selasphorus spp.","3020_ANHU","Selasphorus",2006-03-07
"3783","8/31/2007","Died","Lindsey","No","ANHU","Female-like ","adult-like",0,"Summer","found on the ground","Non-selasphorus spp.","3368_ANHU","Non-Selasphorus",2007-08-31
"3784","6/8/2008","Released","Lindsey","Yes","Non-selasphorus","unknown","Nestling",2,"Summer","found on the ground","Non-selasphorus spp.","3515_ANHU","Selasphorus",2008-06-08
"3785","6/9/2014","Died","Lindsey","Yes","ANHU","Female-like ","adult-like",0,"Summer","caught by domestic animal","Non-selasphorus spp.","5040_ANHU","Non-Selasphorus",2014-06-09
"3786","1/16/2015","Released","Lindsey","No","ANHU","Female-like ","adult-like",0,"Winter","caught by domestic animal","Non-selasphorus spp.","5152_ANHU","Non-Selasphorus",2015-01-16
"3787","7/16/1999","Died","Lindsey","No","ANHU","Female-like ","adult-like",0,"Summer","found inside","Non-selasphorus spp.","1690_ANHU","Non-Selasphorus",1999-07-16
"3788","10/17/2005","Died","Lindsey","Yes","ANHU","Female-like ","adult-like",0,"Fall","found on the ground","Non-selasphorus spp.","2975_ANHU","Non-Selasphorus",2005-10-17
"3789","4/27/2011","Released","Lindsey","No","ANHU","Male","adult-like",0,"Spring","found inside","Non-selasphorus spp.","4188_ANHU","Non-Selasphorus",2011-04-27
"3790","9/29/2014","Died","Lindsey","No","ANHU","Female-like ","adult-like",0,"Fall","found on the ground","Non-selasphorus spp.","5112_ANHU","Non-Selasphorus",2014-09-29
"3791","1/29/2005","Released","Lindsey","No","ANHU","Female-like ","adult-like",0,"Winter","caught by domestic animal","Non-selasphorus spp.","2790_ANHU","Non-Selasphorus",2005-01-29
"3792","11/18/1994","Died","Lindsey","No","ANHU","Female-like ","adult-like",0,"Fall","window hit","Non-selasphorus spp.","734_ANHU","Non-Selasphorus",1994-11-18
"3793","5/16/1997","Died","Lindsey","No","Non-selasphorus","unknown","Nestling",1,"Spring","nest-related","Non-selasphorus spp.","1238_ANHU","Selasphorus",1997-05-16
"3794","5/26/1994","Died","Lindsey","No","ANHU","Female-like ","adult-like",0,"Spring","caught by domestic animal","Non-selasphorus spp.","650_ANHU","Non-Selasphorus",1994-05-26
"3795","12/28/2013","Died","Lindsey","Yes","ANHU","Female-like ","adult-like",0,"Winter","found inside","Non-selasphorus spp.","4850_ANHU","Non-Selasphorus",2013-12-28
"3796","6/18/2005","Released","Lindsey","Yes","Non-selasphorus","unknown","Nestling",2,"Summer","found on the ground","Non-selasphorus spp.","2923_ANHU","Selasphorus",2005-06-18
"3797","9/28/2009","Died","Lindsey","No","ANHU","Male","adult-like",0,"Fall","found inside","Non-selasphorus spp.","3820_ANHU","Non-Selasphorus",2009-09-28
"3798","4/1/1995","Released","Lindsey","Yes","ANHU","Female-like ","adult-like",1,"Spring","nest-related","Non-selasphorus spp.","803_ANHU","Non-Selasphorus",1995-04-01
"3799","7/19/2013","Died","Lindsey","No","ANHU","Female-like ","adult-like",1,"Summer","caught by domestic animal","Non-selasphorus spp.","4794_ANHU","Non-Selasphorus",2013-07-19
"3800","6/28/2015","Released","malibu","No","Selasphorus","Female-like ","adult-like",-207,"Summer","unknown","Selasphorus spp.","6586_ALHU","Selasphorus",2015-06-28
"3801","11/3/1992","Died","Lindsey","No","ANHU","Female-like ","adult-like",0,"Fall","found inside","Non-selasphorus spp.","363_ANHU","Non-Selasphorus",1992-11-03
"3802","5/18/2011","Died","Lindsey","No","ANHU","Female-like ","adult-like",0,"Spring","found on the ground","Non-selasphorus spp.","4209_ANHU","Non-Selasphorus",2011-05-18
"3803","6/9/2009","Died","Lindsey","Yes","Non-selasphorus","unknown","Nestling",1,"Summer","nest-related","Non-selasphorus spp.","3753_ANHU","Selasphorus",2009-06-09
"3804","3/22/2013","Died","malibu","No","Selasphorus","Female-like ","adult-like",0,"Spring","unknown","Selasphorus spp.","5758_ALHU","Selasphorus",2013-03-22
"3805","1/16/2010","Died","Lindsey","No","ANHU","Female-like ","adult-like",16,"Winter","found on the ground","Non-selasphorus spp.","3848_ANHU","Non-Selasphorus",2010-01-16
"3806","4/25/2007","Died","Lindsey","No","ANHU","Female-like ","adult-like",0,"Spring","caught by domestic animal","Non-selasphorus spp.","3266_ANHU","Non-Selasphorus",2007-04-25
"3807","2/27/2003","Released","Lindsey","Yes","ANHU","Female-like ","adult-like",0,"Winter","found on the ground","Non-selasphorus spp.","2397_ANHU","Non-Selasphorus",2003-02-27
"3808","6/1/1991","Died","Lindsey","No","Non-selasphorus","unknown","Nestling",0,"Summer","nest-related","Non-selasphorus spp.","112_ANHU","Selasphorus",1991-06-01
"3809","2/19/1996","Released","Lindsey","Yes","ANHU","Female-like ","adult-like",1,"Winter","found on the ground","Non-selasphorus spp.","955_ANHU","Non-Selasphorus",1996-02-19
"3810","3/30/2014","Died","malibu","Yes","Selasphorus","Female-like ","adult-like",1,"Spring","found on the ground","Selasphorus spp.","6075_ALHU","Selasphorus",2014-03-30
"3811","11/2/2016","Died","Lindsey","No","ANHU","Male","adult-like",0,"Fall","caught by domestic animal","Non-selasphorus spp.","5727_ANHU","Non-Selasphorus",2016-11-02
"3812","5/26/2016","Released","Santa Barbara","No","ANHU","Female-like ","adult-like",2,"Spring","unknown","Non-selasphorus spp.","6880_ANHU","Non-Selasphorus",2016-05-26
"3813","8/28/1995","Released","Lindsey","Yes","Selasphorus","Female-like ","adult-like",1,"Summer","found on the ground","Selasphorus spp.","918_ALHU","Selasphorus",1995-08-28
"3814","11/25/2013","Died","Lindsey","No","ANHU","Female-like ","adult-like",1,"Fall","window hit","Non-selasphorus spp.","4833_ANHU","Non-Selasphorus",2013-11-25
"3815","1/10/2015","Died","malibu","No","ANHU","Female-like ","adult-like",0,"Winter","nest-related","Non-selasphorus spp.","6340_ANHU","Non-Selasphorus",2015-01-10
"3816","4/21/2013","Died","Lindsey","No","ANHU","Female-like ","adult-like",0,"Spring","caught by domestic animal","Non-selasphorus spp.","4699_ANHU","Non-Selasphorus",2013-04-21
"3817","7/9/2015","Died","malibu","No","Selasphorus","Female-like ","adult-like",0,"Summer","unknown","Selasphorus spp.","6478_ALHU","Selasphorus",2015-07-09
"3818","3/28/2005","Died","Lindsey","Yes","ANHU","Female-like ","adult-like",0,"Spring","window hit","Non-selasphorus spp.","2829_ANHU","Non-Selasphorus",2005-03-28
"3819","5/30/2011","Released","Lindsey","Yes","Non-selasphorus","unknown","Nestling",1,"Spring","nest-related","Non-selasphorus spp.","4229_ANHU","Selasphorus",2011-05-30
"3820","5/15/2012","Died","Lindsey","Yes","ANHU","Female-like ","adult-like",0,"Spring","found on the ground","Non-selasphorus spp.","4471_ANHU","Non-Selasphorus",2012-05-15
"3821","5/7/2016","Died","Lindsey","Yes","ANHU","Female-like ","adult-like",4,"Spring","found on the ground","Non-selasphorus spp.","5598_ANHU","Non-Selasphorus",2016-05-07
"3822","3/20/1996","Died","Lindsey","Yes","ANHU","Female-like ","adult-like",1,"Spring","caught by domestic animal","Non-selasphorus spp.","987_ANHU","Non-Selasphorus",1996-03-20
"3823","7/15/2016","Died","Santa Barbara","Yes","ANHU","Female-like ","adult-like",3,"Summer","nest-related","Non-selasphorus spp.","6904_ANHU","Non-Selasphorus",2016-07-15
"3824","6/23/1999","Died","Lindsey","No","Selasphorus","Female-like ","adult-like",2,"Summer","found inside","Selasphorus spp.","1669_ALHU","Selasphorus",1999-06-23
"3825","5/24/2014","Released","malibu","No","Selasphorus","Female-like ","adult-like",0,"Spring","unknown","Selasphorus spp.","6230_ALHU","Selasphorus",2014-05-24
"3826","4/17/1999","Released","Lindsey","No","ANHU","Female-like ","adult-like",0,"Spring","found on the ground","Non-selasphorus spp.","1597_ANHU","Non-Selasphorus",1999-04-17
"3827","1/11/1999","Died","Lindsey","Yes","ANHU","Female-like ","adult-like",1,"Winter","suspect torpor-like state","Non-selasphorus spp.","1526_ANHU","Non-Selasphorus",1999-01-11
"3828","10/28/1998","Died","Lindsey","No","ANHU","Female-like ","adult-like",0,"Fall","found on the ground","Non-selasphorus spp.","1513_ANHU","Non-Selasphorus",1998-10-28
"3829","4/2/2016","Released","malibu","No","ANHU","Female-like ","adult-like",-44,"Spring","nest-related","Non-selasphorus spp.","6712_ANHU","Non-Selasphorus",2016-04-02
"3830","12/23/2007","Released","Lindsey","Yes","ANHU","Female-like ","adult-like",0,"Winter","suspect torpor-like state","Non-selasphorus spp.","3394_ANHU","Non-Selasphorus",2007-12-23
"3831","3/12/2016","Died","Santa Barbara","No","ANHU","Male","adult-like",0,"Spring","unknown","Non-selasphorus spp.","6851_ANHU","Non-Selasphorus",2016-03-12
"3832","6/4/1991","Died","Lindsey","No","Non-selasphorus","unknown","Nestling",0,"Summer","unknown","Non-selasphorus spp.","118_ANHU","Selasphorus",1991-06-04
"3833","5/22/1992","Released","Lindsey","Yes","ANHU","Female-like ","adult-like",0,"Spring","found on the ground","Non-selasphorus spp.","285_ANHU","Non-Selasphorus",1992-05-22
"3834","4/12/2016","Released","Lindsey","Yes","Non-selasphorus","unknown","Nestling",1,"Spring","found on the ground","Non-selasphorus spp.","5576_ANHU","Selasphorus",2016-04-12
"3835","3/11/1991","Died","Lindsey","Yes","Non-selasphorus","unknown","Nestling",1,"Spring","nest-related","Non-selasphorus spp.","28_ANHU","Selasphorus",1991-03-11
"3836","7/20/2000","Died","Lindsey","No","ANHU","Female-like ","adult-like",1,"Summer","caught by domestic animal","Non-selasphorus spp.","1894_ANHU","Non-Selasphorus",2000-07-20
"3837","9/12/1997","Died","Lindsey","No","ANHU","Female-like ","adult-like",0,"Fall","found on the ground","Non-selasphorus spp.","1307_ANHU","Non-Selasphorus",1997-09-12
"3838","4/14/2014","Died","malibu","Yes","Selasphorus","Female-like ","adult-like",0,"Spring","found on the ground","Selasphorus spp.","6095_ALHU","Selasphorus",2014-04-14
"3839","12/9/2014","Died","Lindsey","No","ANHU","Female-like ","adult-like",0,"Winter","found on the ground","Non-selasphorus spp.","5138_ANHU","Non-Selasphorus",2014-12-09
"3840","3/23/2015","Released","Lindsey","No","Non-selasphorus","unknown","Nestling",0,"Spring","found on the ground","Non-selasphorus spp.","5226_ANHU","Selasphorus",2015-03-23
"3841","6/30/1999","Died","Lindsey","No","BCHU","Female-like ","adult-like",0,"Summer","found on the ground","Non-selasphorus spp.","1684_BCHU","Non-Selasphorus",1999-06-30
"3842","5/13/2015","Died","malibu","No","Selasphorus","Female-like ","adult-like",0,"Spring","found on the ground","Selasphorus spp.","6421_ALHU","Selasphorus",2015-05-13
"3843","2/10/2015","Released","Lindsey","No","ANHU","Female-like ","adult-like",1,"Winter","nest-related","Non-selasphorus spp.","5171_ANHU","Non-Selasphorus",2015-02-10
"3844","6/25/1993","Released","Lindsey","No","ANHU","Female-like ","adult-like",0,"Summer","found on the ground","Non-selasphorus spp.","503_ANHU","Non-Selasphorus",1993-06-25
"3845","7/14/2015","Released","Lindsey","No","ANHU","Female-like ","adult-like",1,"Summer","found on the ground","Non-selasphorus spp.","5418_ANHU","Non-Selasphorus",2015-07-14
"3846","12/8/2003","Died","Lindsey","No","ANHU","Female-like ","adult-like",0,"Winter","found inside","Non-selasphorus spp.","2583_ANHU","Non-Selasphorus",2003-12-08
"3847","4/27/1998","Died","Lindsey","No","Non-selasphorus","unknown","Nestling",1,"Spring","nest-related","Non-selasphorus spp.","1403_ANHU","Selasphorus",1998-04-27
"3848","4/7/1996","Released","Lindsey","No","Non-selasphorus","unknown","Nestling",1,"Spring","nest-related","Non-selasphorus spp.","1013_ANHU","Selasphorus",1996-04-07
"3849","5/31/2013","Released","malibu","No","Selasphorus","Female-like ","adult-like",0,"Spring","unknown","Selasphorus spp.","5957_ALHU","Selasphorus",2013-05-31
"3850","6/24/2005","Released","Lindsey","Yes","ANHU","Female-like ","adult-like",0,"Summer","found on the ground","Non-selasphorus spp.","2933_ANHU","Non-Selasphorus",2005-06-24
"3851","11/6/2006","Died","Lindsey","No","ANHU","Female-like ","adult-like",0,"Fall","found on the ground","Non-selasphorus spp.","3166_ANHU","Non-Selasphorus",2006-11-06
"3852","8/5/2011","Died","Lindsey","Yes","ANHU","Female-like ","adult-like",0,"Summer","caught by domestic animal","Non-selasphorus spp.","4289_ANHU","Non-Selasphorus",2011-08-05
"3853","6/3/2006","Released","Lindsey","No","Non-selasphorus","unknown","Nestling",0,"Summer","found on the ground","Non-selasphorus spp.","3100_ANHU","Selasphorus",2006-06-03
"3854","3/6/2016","Died","Santa Barbara","No","ANHU","Female-like ","adult-like",0,"Spring","found on the ground","Non-selasphorus spp.","6847_ANHU","Non-Selasphorus",2016-03-06
"3855","5/7/1995","Died","Lindsey","No","Selasphorus","unknown","Nestling",0,"Spring","caught by domestic animal","Selasphorus spp.","836_ALHU","Selasphorus",1995-05-07
"3856","6/5/1996","Died","Lindsey","No","Non-selasphorus","unknown","Nestling",0,"Summer","unknown","Non-selasphorus spp.","1068_ANHU","Selasphorus",1996-06-05
"3857","11/25/2006","Died","Lindsey","No","ANHU","Female-like ","adult-like",0,"Fall","found on the ground","Non-selasphorus spp.","3172_ANHU","Non-Selasphorus",2006-11-25
"3858","6/19/2014","Died","malibu","Yes","ANHU","Female-like ","adult-like",4,"Summer","unknown","Non-selasphorus spp.","6144_ANHU","Non-Selasphorus",2014-06-19
"3859","5/6/2014","Released","malibu","No","Selasphorus","Female-like ","adult-like",0,"Spring","unknown","Selasphorus spp.","6218_ALHU","Selasphorus",2014-05-06
"3860","7/21/2000","Died","Lindsey","No","ANHU","Female-like ","adult-like",0,"Summer","found on the ground","Non-selasphorus spp.","1895_ANHU","Non-Selasphorus",2000-07-21
"3861","9/12/2012","Died","Lindsey","No","ANHU","Male","adult-like",0,"Fall","unknown","Non-selasphorus spp.","4567_ANHU","Non-Selasphorus",2012-09-12
"3862","2/16/2000","Released","Lindsey","No","Non-selasphorus","unknown","Nestling",0,"Winter","nest-related","Non-selasphorus spp.","1739_ANHU","Selasphorus",2000-02-16
"3863","8/17/2011","Died","Lindsey","No","ANHU","Female-like ","adult-like",0,"Summer","suspect torpor-like state","Non-selasphorus spp.","4300_ANHU","Non-Selasphorus",2011-08-17
"3864","2/18/2002","Released","Lindsey","No","ANHU","Female-like ","adult-like",1,"Winter","found on the ground","Non-selasphorus spp.","2158_ANHU","Non-Selasphorus",2002-02-18
"3865","5/20/2015","Released","malibu","No","BCHU","Female-like ","adult-like",0,"Spring","unknown","Non-selasphorus spp.","6607_BCHU","Non-Selasphorus",2015-05-20
"3866","4/1/2003","Died","Lindsey","No","ANHU","Female-like ","adult-like",0,"Spring","caught by domestic animal","Non-selasphorus spp.","2433_ANHU","Non-Selasphorus",2003-04-01
"3867","3/3/2016","Released","malibu","No","Selasphorus","unknown","Nestling",4,"Spring","nest-related","Selasphorus spp.","6680_ALHU","Selasphorus",2016-03-03
"3868","9/23/2013","Died","malibu","No","ANHU","Female-like ","adult-like",3,"Fall","unknown","Non-selasphorus spp.","5894_ANHU","Non-Selasphorus",2013-09-23
"3869","4/9/1999","Released","Lindsey","No","ANHU","Female-like ","adult-like",1,"Spring","window hit","Non-selasphorus spp.","1582_ANHU","Non-Selasphorus",1999-04-09
"3870","12/16/2012","Died","Lindsey","No","ANHU","Male","adult-like",0,"Winter","window hit","Non-selasphorus spp.","4586_ANHU","Non-Selasphorus",2012-12-16
"3871","6/16/2016","Died","Lindsey","No","ANHU","Female-like ","adult-like",0,"Summer","unknown","Non-selasphorus spp.","5648_ANHU","Non-Selasphorus",2016-06-16
"3872","3/19/2016","Released","Santa Barbara","No","Selasphorus","unknown","Nestling",0,"Spring","nest-related","Selasphorus spp.","6853_ALHU","Selasphorus",2016-03-19
"3873","4/9/2015","Died","Lindsey","Yes","ANHU","Male","adult-like",0,"Spring","found on the ground","Non-selasphorus spp.","5259_ANHU","Non-Selasphorus",2015-04-09
"3874","3/19/2005","Died","Lindsey","Yes","ANHU","Female-like ","adult-like",1,"Spring","found on the ground","Non-selasphorus spp.","2821_ANHU","Non-Selasphorus",2005-03-19
"3875","6/4/2008","Released","Lindsey","Yes","ANHU","Female-like ","adult-like",0,"Summer","caught by domestic animal","Non-selasphorus spp.","3511_ANHU","Non-Selasphorus",2008-06-04
"3876","6/12/2015","Died","malibu","No","ANHU","Female-like ","adult-like",0,"Summer","found on the ground","Non-selasphorus spp.","6456_ANHU","Non-Selasphorus",2015-06-12
"3877","3/18/2008","Died","Lindsey","Yes","Selasphorus","Male","adult-like",0,"Spring","found on the ground","Selasphorus spp.","3437_RUHU","Selasphorus",2008-03-18
"3878","1/21/2012","Released","Lindsey","No","ANHU","Male","adult-like",0,"Winter","found on the ground","Non-selasphorus spp.","4347_ANHU","Non-Selasphorus",2012-01-21
"3879","5/14/2015","Released","malibu","No","Selasphorus","Female-like ","adult-like",0,"Spring","unknown","Selasphorus spp.","6605_ALHU","Selasphorus",2015-05-14
"3880","3/3/1996","Died","Lindsey","No","Non-selasphorus","unknown","Nestling",0,"Spring","nest-related","Non-selasphorus spp.","963_ANHU","Selasphorus",1996-03-03
"3881","7/1/2014","Released","malibu","No","Selasphorus","Female-like ","adult-like",0,"Summer","unknown","Selasphorus spp.","6318_ALHU","Selasphorus",2014-07-01
"3882","3/15/2012","Released","Lindsey","No","Non-selasphorus","unknown","Nestling",0,"Spring","found on the ground","Non-selasphorus spp.","4387_ANHU","Selasphorus",2012-03-15
"3883","4/4/2008","Released","Lindsey","No","Selasphorus","Female-like ","adult-like",0,"Spring","window hit","Selasphorus spp.","3456_RUHU","Selasphorus",2008-04-04
"3884","6/20/1991","Died","Lindsey","No","Non-selasphorus","unknown","Nestling",0,"Summer","nest-related","Non-selasphorus spp.","128_ANHU","Selasphorus",1991-06-20
"3885","1/7/2003","Died","Lindsey","No","ANHU","Female-like ","adult-like",0,"Winter","window hit","Non-selasphorus spp.","2364_ANHU","Non-Selasphorus",2003-01-07
"3886","10/27/1997","Died","Lindsey","No","ANHU","Female-like ","adult-like",0,"Fall","found on the ground","Non-selasphorus spp.","1316_ANHU","Non-Selasphorus",1997-10-27
"3887","4/29/1991","Died","Lindsey","Yes","Selasphorus","Female-like ","adult-like",1,"Spring","found on the ground","Selasphorus spp.","85_ALHU","Selasphorus",1991-04-29
"3888","2/26/2015","Died","Lindsey","Yes","ANHU","Female-like ","adult-like",1,"Winter","found on the ground","Non-selasphorus spp.","5191_ANHU","Non-Selasphorus",2015-02-26
"3889","4/19/2015","Released","Lindsey","No","ANHU","Female-like ","adult-like",0,"Spring","nest-related","Non-selasphorus spp.","5281_ANHU","Non-Selasphorus",2015-04-19
"3890","4/30/2010","Released","Lindsey","Yes","ANHU","Female-like ","adult-like",0,"Spring","nest-related","Non-selasphorus spp.","3938_ANHU","Non-Selasphorus",2010-04-30
"3891","10/3/1996","Died","Lindsey","No","ANHU","Female-like ","adult-like",1,"Fall","unknown","Non-selasphorus spp.","1123_ANHU","Non-Selasphorus",1996-10-03
"3892","3/3/1996","Died","Lindsey","No","Non-selasphorus","unknown","Nestling",0,"Spring","nest-related","Non-selasphorus spp.","962_ANHU","Selasphorus",1996-03-03
"3893","9/5/2009","Died","Lindsey","No","Selasphorus","Male","adult-like",0,"Fall","found on the ground","Selasphorus spp.","3818_ALHU","Selasphorus",2009-09-05
"3894","2/23/1994","Released","Lindsey","Yes","Non-selasphorus","unknown","Nestling",1,"Winter","nest-related","Non-selasphorus spp.","571_ANHU","Selasphorus",1994-02-23
"3895","7/6/2013","Died","malibu","Yes","Selasphorus","unknown","Nestling",0,"Summer","unknown","Selasphorus spp.","5873_ALHU","Selasphorus",2013-07-06
"3896","5/19/2003","Released","Lindsey","No","ANHU","Female-like ","adult-like",0,"Spring","found on the ground","Non-selasphorus spp.","2490_ANHU","Non-Selasphorus",2003-05-19
"3897","5/1/2014","Released","Lindsey","No","ANHU","Female-like ","adult-like",0,"Spring","caught by domestic animal","Non-selasphorus spp.","4982_ANHU","Non-Selasphorus",2014-05-01
"3898","2/20/2016","Died","Lindsey","No","Non-selasphorus","unknown","Nestling",0,"Winter","nest-related","Non-selasphorus spp.","5496_ANHU","Selasphorus",2016-02-20
"3899","1/25/2015","Died","Lindsey","No","ANHU","Male","adult-like",0,"Winter","window hit","Non-selasphorus spp.","5156_ANHU","Non-Selasphorus",2015-01-25
"3900","9/9/2014","Released","Lindsey","Yes","ANHU","Female-like ","adult-like",1,"Fall","caught by domestic animal","Non-selasphorus spp.","5105_ANHU","Non-Selasphorus",2014-09-09
"3901","5/30/1995","Released","Lindsey","Yes","ANHU","Female-like ","adult-like",0,"Spring","found on the ground","Non-selasphorus spp.","851_ANHU","Non-Selasphorus",1995-05-30
"3902","4/21/1998","Released","Lindsey","No","Non-selasphorus","unknown","Nestling",0,"Spring","found on the ground","Non-selasphorus spp.","1396_ANHU","Selasphorus",1998-04-21
"3903","3/25/1992","Released","Lindsey","No","ANHU","Female-like ","adult-like",0,"Spring","found on the ground","Non-selasphorus spp.","227_ANHU","Non-Selasphorus",1992-03-25
"3904","4/11/2015","Released","Lindsey","No","Non-selasphorus","unknown","Nestling",0,"Spring","nest-related","Non-selasphorus spp.","5262_ANHU","Selasphorus",2015-04-11
"3905","7/19/2013","Released","malibu","No","Selasphorus","Female-like ","adult-like",0,"Summer","unknown","Selasphorus spp.","6019_ALHU","Selasphorus",2013-07-19
"3906","5/25/1991","Released","Lindsey","Yes","ANHU","Female-like ","adult-like",0,"Spring","caught by domestic animal","Non-selasphorus spp.","103_ANHU","Non-Selasphorus",1991-05-25
"3907","12/4/2013","Released","malibu","No","Selasphorus","Male","adult-like",0,"Winter","found on the ground","Selasphorus spp.","5925_ALHU","Selasphorus",2013-12-04
"3908","2/24/2013","Released","Lindsey","No","Non-selasphorus","unknown","Nestling",0,"Winter","nest-related","Non-selasphorus spp.","4616_ANHU","Selasphorus",2013-02-24
"3909","11/3/2015","Released","malibu","No","ANHU","Female-like ","adult-like",0,"Fall","window hit","Non-selasphorus spp.","6569_ANHU","Non-Selasphorus",2015-11-03
"3910","2/14/2009","Died","Lindsey","No","ANHU","Female-like ","adult-like",0,"Winter","found on the ground","Non-selasphorus spp.","3618_ANHU","Non-Selasphorus",2009-02-14
"3911","5/12/2000","Released","Lindsey","No","ANHU","Female-like ","adult-like",0,"Spring","caught by domestic animal","Non-selasphorus spp.","1823_ANHU","Non-Selasphorus",2000-05-12
"3912","6/23/2016","Released","malibu","No","ANHU","Female-like ","adult-like",0,"Summer","unknown","Non-selasphorus spp.","6770_ANHU","Non-Selasphorus",2016-06-23
"3913","3/6/2013","Released","Lindsey","Yes","Non-selasphorus","unknown","Nestling",0,"Spring","found on the ground","Non-selasphorus spp.","4631_ANHU","Selasphorus",2013-03-06
"3914","5/6/2003","Died","Lindsey","No","Non-selasphorus","unknown","adult-like",18,"Spring","unknown","Non-selasphorus spp.","2480_COHU","Selasphorus",2003-05-06
"3915","1/17/2008","Died","Lindsey","No","ANHU","Male","adult-like",0,"Winter","found on the ground","Non-selasphorus spp.","3403_ANHU","Non-Selasphorus",2008-01-17
"3916","5/16/2015","Released","malibu","No","Selasphorus","unknown","Nestling",0,"Spring","unknown","Selasphorus spp.","6610_ALHU","Selasphorus",2015-05-16
"3917","1/11/2009","Released","Lindsey","No","Non-selasphorus","unknown","Nestling",0,"Winter","caught by domestic animal","Non-selasphorus spp.","3600_ANHU","Selasphorus",2009-01-11
"3918","5/17/2016","Died","malibu","Yes","Selasphorus","Female-like ","adult-like",0,"Spring","unknown","Selasphorus spp.","6733_ALHU","Selasphorus",2016-05-17
"3919","3/29/2013","Released","Lindsey","No","Non-selasphorus","unknown","Nestling",0,"Spring","found on the ground","Non-selasphorus spp.","4664_ANHU","Selasphorus",2013-03-29
"3920","2/23/1998","Died","Lindsey","Yes","ANHU","Female-like ","adult-like",0,"Winter","found inside","Non-selasphorus spp.","1342_ANHU","Non-Selasphorus",1998-02-23
"3921","6/10/2013","Released","malibu","No","Selasphorus","Female-like ","adult-like",1,"Summer","unknown","Selasphorus spp.","5843_ALHU","Selasphorus",2013-06-10
"3922","7/5/1994","Died","Lindsey","No","ANHU","Female-like ","adult-like",0,"Summer","caught by domestic animal","Non-selasphorus spp.","694_ANHU","Non-Selasphorus",1994-07-05
"3923","2/24/2009","Released","Lindsey","Yes","ANHU","Female-like ","adult-like",1,"Winter","found on the ground","Non-selasphorus spp.","3626_ANHU","Non-Selasphorus",2009-02-24
"3924","5/9/2008","Released","Lindsey","Yes","ANHU","Female-like ","adult-like",0,"Spring","found on the ground","Non-selasphorus spp.","3494_ANHU","Non-Selasphorus",2008-05-09
"3925","4/8/1994","Released","Lindsey","No","Non-selasphorus","unknown","Nestling",1,"Spring","nest-related","Non-selasphorus spp.","603_ANHU","Selasphorus",1994-04-08
"3926","2/8/2009","Died","Lindsey","No","ANHU","Female-like ","adult-like",1,"Winter","found inside","Non-selasphorus spp.","3615_ANHU","Non-Selasphorus",2009-02-08
"3927","6/25/2011","Released","Lindsey","No","ANHU","Male","adult-like",0,"Summer","caught by domestic animal","Non-selasphorus spp.","4260_ANHU","Non-Selasphorus",2011-06-25
"3928","9/29/2016","Died","malibu","Yes","Selasphorus","Female-like ","adult-like",0,"Fall","found inside","Selasphorus spp.","6805_ALHU","Selasphorus",2016-09-29
"3929","4/7/2009","Died","Lindsey","No","ANHU","Female-like ","adult-like",0,"Spring","found on the ground","Non-selasphorus spp.","3681_ANHU","Non-Selasphorus",2009-04-07
"3930","4/23/2013","Died","Lindsey","No","ANHU","Female-like ","adult-like",1,"Spring","found on the ground","Non-selasphorus spp.","4701_ANHU","Non-Selasphorus",2013-04-23
"3931","8/21/2009","Died","Lindsey","Yes","ANHU","Male","adult-like",0,"Summer","unknown","Non-selasphorus spp.","3811_ANHU","Non-Selasphorus",2009-08-21
"3932","6/11/1994","Died","Lindsey","No","ANHU","Female-like ","adult-like",0,"Summer","unknown","Non-selasphorus spp.","671_ANHU","Non-Selasphorus",1994-06-11
"3933","1/31/2011","Released","Lindsey","No","ANHU","Female-like ","adult-like",0,"Winter","caught by domestic animal","Non-selasphorus spp.","4093_ANHU","Non-Selasphorus",2011-01-31
"3934","3/25/2002","Died","Lindsey","No","ANHU","Female-like ","adult-like",0,"Spring","found on the ground","Non-selasphorus spp.","2188_ANHU","Non-Selasphorus",2002-03-25
"3935","8/29/2012","Released","Lindsey","Yes","ANHU","Male","adult-like",2,"Summer","found inside","Non-selasphorus spp.","4558_ANHU","Non-Selasphorus",2012-08-29
"3936","5/27/1994","Released","Lindsey","No","ANHU","Female-like ","adult-like",0,"Spring","found on the ground","Non-selasphorus spp.","652_ANHU","Non-Selasphorus",1994-05-27
"3937","2/7/1996","Died","Lindsey","Yes","Non-selasphorus","unknown","Nestling",1,"Winter","nest-related","Non-selasphorus spp.","946_ANHU","Selasphorus",1996-02-07
"3938","4/15/2015","Died","Lindsey","No","Selasphorus","Male","adult-like",0,"Spring","found on the ground","Selasphorus spp.","5268_RUHU","Selasphorus",2015-04-15
"3939","1/30/2007","Released","Lindsey","No","ANHU","Female-like ","adult-like",0,"Winter","window hit","Non-selasphorus spp.","3195_ANHU","Non-Selasphorus",2007-01-30
"3940","3/14/2014","Died","Lindsey","No","ANHU","Male","adult-like",0,"Spring","window hit","Non-selasphorus spp.","4900_ANHU","Non-Selasphorus",2014-03-14
"3941","2/27/2007","Died","Lindsey","No","ANHU","Female-like ","adult-like",0,"Winter","found on the ground","Non-selasphorus spp.","3209_ANHU","Non-Selasphorus",2007-02-27
"3942","8/7/2009","Died","Lindsey","No","ANHU","Male","adult-like",0,"Summer","found on the ground","Non-selasphorus spp.","3805_ANHU","Non-Selasphorus",2009-08-07
"3943","5/17/2002","Released","Lindsey","No","Non-selasphorus","unknown","Nestling",0,"Spring","nest-related","Non-selasphorus spp.","2246_ANHU","Selasphorus",2002-05-17
"3944","7/9/1991","Released","Lindsey","No","Non-selasphorus","unknown","Nestling",0,"Summer","found on the ground","Non-selasphorus spp.","145_ANHU","Selasphorus",1991-07-09
"3945","3/17/2014","Released","Lindsey","Yes","ANHU","Male","adult-like",0,"Spring","found on the ground","Non-selasphorus spp.","4909_ANHU","Non-Selasphorus",2014-03-17
"3946","3/14/2013","Released","Lindsey","Yes","Non-selasphorus","unknown","Nestling",2,"Spring","nest-related","Non-selasphorus spp.","4639_ANHU","Selasphorus",2013-03-14
"3947","1/2/1992","Died","Lindsey","Yes","Non-selasphorus","unknown","Nestling",1,"Winter","nest-related","Non-selasphorus spp.","192_ANHU","Selasphorus",1992-01-02
"3948","6/19/2012","Released","Lindsey","No","Non-selasphorus","unknown","Nestling",0,"Summer","nest-related","Non-selasphorus spp.","4501_ANHU","Selasphorus",2012-06-19
"3949","3/24/1995","Released","Lindsey","No","Non-selasphorus","unknown","Nestling",0,"Spring","nest-related","Non-selasphorus spp.","793_ANHU","Selasphorus",1995-03-24
"3950","5/10/2014","Released","malibu","No","Selasphorus","unknown","Nestling",0,"Spring","nest-related","Selasphorus spp.","6220_ALHU","Selasphorus",2014-05-10
"3951","6/14/2008","Released","Lindsey","No","Non-selasphorus","unknown","Nestling",1,"Summer","nest-related","Non-selasphorus spp.","3522_ANHU","Selasphorus",2008-06-14
"3952","11/8/2005","Died","Lindsey","Yes","ANHU","Female-like ","adult-like",0,"Fall","window hit","Non-selasphorus spp.","2980_ANHU","Non-Selasphorus",2005-11-08
"3953","3/16/2008","Released","Lindsey","No","Non-selasphorus","unknown","Nestling",0,"Spring","nest-related","Non-selasphorus spp.","3430_ANHU","Selasphorus",2008-03-16
"3954","7/11/2002","Released","Lindsey","Yes","Non-selasphorus","unknown","Nestling",0,"Summer","found on the ground","Non-selasphorus spp.","2311_ANHU","Selasphorus",2002-07-11
"3955","8/1/1991","Died","Lindsey","No","ANHU","Female-like ","adult-like",0,"Summer","caught by domestic animal","Non-selasphorus spp.","160_ANHU","Non-Selasphorus",1991-08-01
"3956","5/3/2015","Died","Lindsey","Yes","Selasphorus","Female-like ","adult-like",0,"Spring","found on the ground","Selasphorus spp.","5305_RUHU","Selasphorus",2015-05-03
"3957","7/25/2010","Died","Lindsey","No","ANHU","Female-like ","adult-like",0,"Summer","caught by domestic animal","Non-selasphorus spp.","4033_ANHU","Non-Selasphorus",2010-07-25
"3958","5/28/2014","Died","Lindsey","No","Non-selasphorus","unknown","Nestling",1,"Spring","nest-related","Non-selasphorus spp.","5016_ANHU","Selasphorus",2014-05-28
"3959","5/6/2011","Died","Lindsey","No","Non-selasphorus","unknown","Nestling",0,"Spring","found on the ground","Non-selasphorus spp.","4198_ANHU","Selasphorus",2011-05-06
"3960","9/21/1998","Died","Lindsey","No","ANHU","Female-like ","adult-like",0,"Fall","caught by domestic animal","Non-selasphorus spp.","1503_ANHU","Non-Selasphorus",1998-09-21
"3961","6/15/2009","Died","Lindsey","No","Selasphorus","Female-like ","adult-like",0,"Summer","found on the ground","Selasphorus spp.","3759_ALHU","Selasphorus",2009-06-15
"3962","3/31/2014","Died","Lindsey","No","ANHU","Male","adult-like",0,"Spring","found on the ground","Non-selasphorus spp.","4927_ANHU","Non-Selasphorus",2014-03-31
"3963","7/7/2002","Died","Lindsey","Yes","ANHU","Female-like ","adult-like",0,"Summer","caught by domestic animal","Non-selasphorus spp.","2308_ANHU","Non-Selasphorus",2002-07-07
"3964","3/16/2013","Released","Lindsey","No","ANHU","Male","adult-like",0,"Spring","window hit","Non-selasphorus spp.","4646_ANHU","Non-Selasphorus",2013-03-16
"3965","3/18/1991","Released","Lindsey","No","ANHU","Female-like ","adult-like",0,"Spring","found on the ground","Non-selasphorus spp.","34_ANHU","Non-Selasphorus",1991-03-18
"3966","2/21/2002","Released","Lindsey","No","Non-selasphorus","unknown","Nestling",0,"Winter","found on the ground","Non-selasphorus spp.","2160_ANHU","Selasphorus",2002-02-21
"3967","4/13/2015","Released","Lindsey","No","Selasphorus","Female-like ","adult-like",0,"Spring","caught by domestic animal","Selasphorus spp.","5266_RUHU","Selasphorus",2015-04-13
"3968","9/28/2016","Died","Santa Barbara","No","ANHU","Female-like ","adult-like",0,"Fall","caught by domestic animal","Non-selasphorus spp.","6929_ANHU","Non-Selasphorus",2016-09-28
"3969","7/12/2001","Died","Lindsey","Yes","Selasphorus","Female-like ","adult-like",0,"Summer","found on the ground","Selasphorus spp.","2095_ALHU","Selasphorus",2001-07-12
"3970","4/17/2015","Died","Lindsey","No","Selasphorus","Male","adult-like",0,"Spring","found on the ground","Selasphorus spp.","5278_ALHU","Selasphorus",2015-04-17
"3971","3/31/2015","Released","malibu","No","Non-selasphorus","unknown","Nestling",0,"Spring","unknown","Non-selasphorus spp.","6530_ANHU","Selasphorus",2015-03-31
"3972","5/24/2015","Died","Lindsey","Yes","ANHU","Male","adult-like",1,"Spring","found inside","Non-selasphorus spp.","5334_ANHU","Non-Selasphorus",2015-05-24
"3973","7/19/1991","Died","Lindsey","Yes","ANHU","Female-like ","adult-like",2,"Summer","window hit","Non-selasphorus spp.","151_ANHU","Non-Selasphorus",1991-07-19
"3974","2/26/2001","Died","Lindsey","No","Non-selasphorus","unknown","Nestling",0,"Winter","nest-related","Non-selasphorus spp.","1966_ANHU","Selasphorus",2001-02-26
"3975","7/2/2009","Died","Lindsey","No","ANHU","Male","adult-like",1,"Summer","nest-related","Non-selasphorus spp.","3774_ANHU","Non-Selasphorus",2009-07-02
"3976","3/21/2004","Died","Lindsey","No","ANHU","Female-like ","adult-like",0,"Spring","window hit","Non-selasphorus spp.","2641_ANHU","Non-Selasphorus",2004-03-21
"3977","6/21/2014","Died","malibu","No","Selasphorus","Female-like ","adult-like",1,"Summer","unknown","Selasphorus spp.","6148_ALHU","Selasphorus",2014-06-21
"3978","1/28/2008","Died","Lindsey","No","ANHU","Male","adult-like",0,"Winter","window hit","Non-selasphorus spp.","3410_ANHU","Non-Selasphorus",2008-01-28
"3979","2/15/2012","Released","Lindsey","No","Non-selasphorus","unknown","Nestling",0,"Winter","nest-related","Non-selasphorus spp.","4359_ANHU","Selasphorus",2012-02-15
"3980","4/27/2005","Died","Lindsey","No","ANHU","Female-like ","adult-like",0,"Spring","window hit","Non-selasphorus spp.","2861_ANHU","Non-Selasphorus",2005-04-27
"3981","12/20/2015","Died","malibu","Yes","ANHU","Female-like ","adult-like",1,"Winter","window hit","Non-selasphorus spp.","6556_ANHU","Non-Selasphorus",2015-12-20
"3982","8/19/1998","Died","Lindsey","No","Selasphorus","Female-like ","adult-like",0,"Summer","found on the ground","Selasphorus spp.","1490_ALHU","Selasphorus",1998-08-19
"3983","4/10/1992","Died","Lindsey","No","Non-selasphorus","unknown","Nestling",0,"Spring","caught by domestic animal","Non-selasphorus spp.","244_ANHU","Selasphorus",1992-04-10
"3984","6/30/1995","Died","Lindsey","No","ANHU","Female-like ","adult-like",0,"Summer","found on the ground","Non-selasphorus spp.","888_ANHU","Non-Selasphorus",1995-06-30
"3985","6/2/2014","Died","malibu","No","Selasphorus","Female-like ","adult-like",0,"Summer","found on the ground","Selasphorus spp.","6255_ALHU","Selasphorus",2014-06-02
"3986","6/23/2013","Released","Lindsey","Yes","Non-selasphorus","unknown","Nestling",2,"Summer","found on the ground","Non-selasphorus spp.","4774_ANHU","Selasphorus",2013-06-23
"3987","5/16/2004","Died","Lindsey","Yes","ANHU","Female-like ","adult-like",1,"Spring","found on the ground","Non-selasphorus spp.","2692_ANHU","Non-Selasphorus",2004-05-16
"3988","2/25/1998","Died","Lindsey","No","Non-selasphorus","unknown","Nestling",0,"Winter","found on the ground","Non-selasphorus spp.","1346_ANHU","Selasphorus",1998-02-25
"3989","7/21/2010","Died","Lindsey","Yes","Non-selasphorus","unknown","Nestling",0,"Summer","caught by domestic animal","Non-selasphorus spp.","4031_ANHU","Selasphorus",2010-07-21
"3990","7/5/2002","Released","Lindsey","Yes","Non-selasphorus","unknown","Nestling",0,"Summer","unknown","Non-selasphorus spp.","2305_ANHU","Selasphorus",2002-07-05
"3991","3/14/2016","Released","Lindsey","Yes","ANHU","Female-like ","adult-like",1,"Spring","nest-related","Non-selasphorus spp.","5530_ANHU","Non-Selasphorus",2016-03-14
"3992","9/30/1999","Released","Lindsey","No","ANHU","Female-like ","adult-like",0,"Fall","caught by domestic animal","Non-selasphorus spp.","1713_ANHU","Non-Selasphorus",1999-09-30
"3993","6/19/2004","Died","Lindsey","No","ANHU","Female-like ","adult-like",0,"Summer","found on the ground","Non-selasphorus spp.","2725_ANHU","Non-Selasphorus",2004-06-19
"3994","6/17/2015","Died","malibu","No","Selasphorus","Female-like ","adult-like",1,"Summer","found on the ground","Selasphorus spp.","6471_ALHU","Selasphorus",2015-06-17
"3995","2/14/1995","Released","Lindsey","No","ANHU","Female-like ","adult-like",0,"Winter","window hit","Non-selasphorus spp.","751_ANHU","Non-Selasphorus",1995-02-14
"3996","12/10/2013","Died","Lindsey","No","ANHU","Male","adult-like",0,"Winter","found on the ground","Non-selasphorus spp.","4844_ANHU","Non-Selasphorus",2013-12-10
"3997","3/7/2000","Released","Lindsey","No","Non-selasphorus","unknown","Nestling",0,"Spring","unknown","Non-selasphorus spp.","1758_ANHU","Selasphorus",2000-03-07
"3998","3/19/2015","Released","Lindsey","Yes","Non-selasphorus","unknown","Nestling",1,"Spring","caught by domestic animal","Non-selasphorus spp.","5219_ANHU","Selasphorus",2015-03-19
"3999","8/20/2014","Released","malibu","No","ANHU","Female-like ","adult-like",1,"Summer","unknown","Non-selasphorus spp.","6184_ANHU","Non-Selasphorus",2014-08-20
"4000","4/19/2002","Released","Lindsey","Yes","Non-selasphorus","unknown","Nestling",1,"Spring","nest-related","Non-selasphorus spp.","2220_ANHU","Selasphorus",2002-04-19
"4001","3/19/2015","Died","Lindsey","Yes","ANHU","Female-like ","adult-like",0,"Spring","found on the ground","Non-selasphorus spp.","5220_ANHU","Non-Selasphorus",2015-03-19
"4002","4/30/2013","Died","Lindsey","No","ANHU","Female-like ","adult-like",0,"Spring","found on the ground","Non-selasphorus spp.","4710_ANHU","Non-Selasphorus",2013-04-30
"4003","5/23/2016","Released","Santa Barbara","No","ANHU","Female-like ","adult-like",0,"Spring","caught by domestic animal","Non-selasphorus spp.","6879_ANHU","Non-Selasphorus",2016-05-23
"4004","3/31/2010","Died","Lindsey","No","ANHU","Female-like ","adult-like",0,"Spring","unknown","Non-selasphorus spp.","3896_ANHU","Non-Selasphorus",2010-03-31
"4005","3/1/2006","Released","Lindsey","No","Non-selasphorus","unknown","Nestling",0,"Spring","found on the ground","Non-selasphorus spp.","3015_ANHU","Selasphorus",2006-03-01
"4006","4/27/2009","Died","Lindsey","Yes","ANHU","Male","adult-like",1,"Spring","suspect torpor-like state","Non-selasphorus spp.","3711_ANHU","Non-Selasphorus",2009-04-27
"4007","4/26/2009","Died","Lindsey","No","Non-selasphorus","unknown","Nestling",1,"Spring","nest-related","Non-selasphorus spp.","3709_ANHU","Selasphorus",2009-04-26
"4008","4/28/1999","Died","Lindsey","Yes","ANHU","Female-like ","adult-like",0,"Spring","caught by domestic animal","Non-selasphorus spp.","1612_ANHU","Non-Selasphorus",1999-04-28
"4009","6/3/2015","Died","Lindsey","No","Non-selasphorus","unknown","Nestling",0,"Summer","found on the ground","Non-selasphorus spp.","5356_ANHU","Selasphorus",2015-06-03
"4010","4/8/1996","Died","Lindsey","No","ANHU","Female-like ","adult-like",6,"Spring","nest-related","Non-selasphorus spp.","1015_ANHU","Non-Selasphorus",1996-04-08
"4011","3/12/2006","Released","Lindsey","No","ANHU","Female-like ","adult-like",0,"Spring","found on the ground","Non-selasphorus spp.","3024_ANHU","Non-Selasphorus",2006-03-12
"4012","6/22/1997","Died","Lindsey","Yes","ANHU","Female-like ","adult-like",1,"Summer","caught by domestic animal","Non-selasphorus spp.","1270_ANHU","Non-Selasphorus",1997-06-22
"4013","6/26/2005","Died","Lindsey","No","Non-selasphorus","unknown","Nestling",0,"Summer","nest-related","Non-selasphorus spp.","2937_ANHU","Selasphorus",2005-06-26
"4014","11/20/2010","Died","Lindsey","No","ANHU","Male","adult-like",0,"Fall","found on the ground","Non-selasphorus spp.","4075_ANHU","Non-Selasphorus",2010-11-20
"4015","10/29/2014","Died","Lindsey","Yes","ANHU","Female-like ","adult-like",0,"Fall","window hit","Non-selasphorus spp.","5120_ANHU","Non-Selasphorus",2014-10-29
"4016","11/11/2008","Died","Lindsey","No","ANHU","Female-like ","adult-like",0,"Fall","found inside","Non-selasphorus spp.","3586_ANHU","Non-Selasphorus",2008-11-11
"4017","6/4/2005","Died","Lindsey","No","Non-selasphorus","unknown","Nestling",0,"Summer","nest-related","Non-selasphorus spp.","2905_ANHU","Selasphorus",2005-06-04
"4018","6/12/2016","Died","Lindsey","No","Selasphorus","unknown","Nestling",0,"Summer","nest-related","Selasphorus spp.","5641_ALHU","Selasphorus",2016-06-12
"4019","1/12/2014","Died","malibu","Yes","Selasphorus","Female-like ","adult-like",0,"Winter","window hit","Selasphorus spp.","6031_ALHU","Selasphorus",2014-01-12
"4020","5/13/1999","Died","Lindsey","Yes","ANHU","Female-like ","adult-like",0,"Spring","caught by domestic animal","Non-selasphorus spp.","1626_ANHU","Non-Selasphorus",1999-05-13
"4021","10/1/2010","Died","Lindsey","No","ANHU","Female-like ","adult-like",0,"Fall","found inside","Non-selasphorus spp.","4063_ANHU","Non-Selasphorus",2010-10-01
"4022","6/12/2013","Released","malibu","No","Selasphorus","unknown","Nestling",0,"Summer","nest-related","Selasphorus spp.","5846_ALHU","Selasphorus",2013-06-12
"4023","4/24/2013","Died","malibu","No","Selasphorus","Female-like ","adult-like",1,"Spring","unknown","Selasphorus spp.","5786_ALHU","Selasphorus",2013-04-24
"4024","7/11/2007","Died","Lindsey","No","ANHU","Female-like ","adult-like",0,"Summer","found on the ground","Non-selasphorus spp.","3346_ANHU","Non-Selasphorus",2007-07-11
"4025","7/29/2010","Released","Lindsey","Yes","ANHU","Female-like ","adult-like",1,"Summer","caught by domestic animal","Non-selasphorus spp.","4039_ANHU","Non-Selasphorus",2010-07-29
"4026","8/14/1991","Died","Lindsey","No","ANHU","Female-like ","adult-like",0,"Summer","found on the ground","Non-selasphorus spp.","165_ANHU","Non-Selasphorus",1991-08-14
"4027","1/26/2006","Died","Lindsey","No","ANHU","Female-like ","adult-like",0,"Winter","window hit","Non-selasphorus spp.","2992_ANHU","Non-Selasphorus",2006-01-26
"4028","4/20/1999","Released","Lindsey","No","Selasphorus","unknown","Nestling",0,"Spring","nest-related","Selasphorus spp.","1601_ALHU","Selasphorus",1999-04-20
"4029","3/27/2014","Released","Lindsey","No","ANHU","Female-like ","adult-like",0,"Spring","found on the ground","Non-selasphorus spp.","4921_ANHU","Non-Selasphorus",2014-03-27
"4030","2/2/2003","Died","Lindsey","No","ANHU","Female-like ","adult-like",0,"Winter","window hit","Non-selasphorus spp.","2372_ANHU","Non-Selasphorus",2003-02-02
"4031","4/30/2012","Released","Lindsey","No","Non-selasphorus","unknown","Nestling",0,"Spring","nest-related","Non-selasphorus spp.","4451_ANHU","Selasphorus",2012-04-30
"4032","7/20/1998","Died","Lindsey","Yes","ANHU","Female-like ","adult-like",0,"Summer","caught by domestic animal","Non-selasphorus spp.","1480_ANHU","Non-Selasphorus",1998-07-20
"4033","5/19/2012","Died","Lindsey","No","ANHU","Male","adult-like",0,"Spring","unknown","Non-selasphorus spp.","4474_ANHU","Non-Selasphorus",2012-05-19
"4034","5/24/2014","Released","malibu","No","Selasphorus","unknown","Nestling",0,"Spring","nest-related","Selasphorus spp.","6232_ALHU","Selasphorus",2014-05-24
"4035","4/3/2012","Released","Lindsey","No","ANHU","Female-like ","adult-like",1,"Spring","window hit","Non-selasphorus spp.","4411_ANHU","Non-Selasphorus",2012-04-03
"4036","4/6/2015","Released","malibu","No","Selasphorus","unknown","Nestling",0,"Spring","unknown","Selasphorus spp.","6522_ALHU","Selasphorus",2015-04-06
"4037","4/26/2012","Released","Lindsey","Yes","Non-selasphorus","unknown","Nestling",2,"Spring","nest-related","Non-selasphorus spp.","4443_ANHU","Selasphorus",2012-04-26
"4038","3/12/2014","Died","Lindsey","Yes","ANHU","Female-like ","adult-like",1,"Spring","found on the ground","Non-selasphorus spp.","4897_ANHU","Non-Selasphorus",2014-03-12
"4039","7/14/1994","Released","Lindsey","No","ANHU","Female-like ","adult-like",0,"Summer","found inside","Non-selasphorus spp.","706_ANHU","Non-Selasphorus",1994-07-14
"4040","4/30/2006","Released","Lindsey","No","Non-selasphorus","unknown","Nestling",0,"Spring","found on the ground","Non-selasphorus spp.","3080_ANHU","Selasphorus",2006-04-30
"4041","8/30/2001","Released","Lindsey","Yes","ANHU","Female-like ","adult-like",0,"Summer","found on the ground","Non-selasphorus spp.","2118_ANHU","Non-Selasphorus",2001-08-30
"4042","3/25/2004","Died","Lindsey","No","ANHU","Female-like ","adult-like",0,"Spring","found on the ground","Non-selasphorus spp.","2643_ANHU","Non-Selasphorus",2004-03-25
"4043","5/10/2010","Died","Lindsey","Yes","ANHU","Female-like ","adult-like",1,"Spring","nest-related","Non-selasphorus spp.","3948_ANHU","Non-Selasphorus",2010-05-10
"4044","3/13/2014","Released","Lindsey","No","Selasphorus","Female-like ","adult-like",0,"Spring","window hit","Selasphorus spp.","4899_ALHU","Selasphorus",2014-03-13
"4045","7/20/2013","Died","malibu","Yes","Selasphorus","Female-like ","adult-like",0,"Summer","found on the ground","Selasphorus spp.","5881_ALHU","Selasphorus",2013-07-20
"4046","6/17/1999","Released","Lindsey","No","Non-selasphorus","unknown","Nestling",0,"Summer","nest-related","Non-selasphorus spp.","1658_ANHU","Selasphorus",1999-06-17
"4047","1/26/2014","Died","malibu","No","ANHU","Female-like ","adult-like",0,"Winter","found on the ground","Non-selasphorus spp.","6185_ANHU","Non-Selasphorus",2014-01-26
"4048","4/14/1994","Died","Lindsey","No","ANHU","Female-like ","adult-like",0,"Spring","found on the ground","Non-selasphorus spp.","614_ANHU","Non-Selasphorus",1994-04-14
"4049","4/3/1998","Died","Lindsey","No","ANHU","Female-like ","adult-like",0,"Spring","caught by domestic animal","Non-selasphorus spp.","1368_ANHU","Non-Selasphorus",1998-04-03
"4050","11/13/2016","Died","malibu","No","Selasphorus","Female-like ","adult-like",0,"Fall","window hit","Selasphorus spp.","6822_ALHU","Selasphorus",2016-11-13
"4051","6/19/1994","Released","Lindsey","No","Non-selasphorus","unknown","Nestling",0,"Summer","caught by domestic animal","Non-selasphorus spp.","681_ANHU","Selasphorus",1994-06-19
"4052","2/15/2015","Died","Lindsey","No","ANHU","Female-like ","adult-like",0,"Winter","window hit","Non-selasphorus spp.","5179_ANHU","Non-Selasphorus",2015-02-15
"4053","7/31/2015","Died","Lindsey","No","ANHU","Female-like ","adult-like",0,"Summer","caught by domestic animal","Non-selasphorus spp.","5424_ANHU","Non-Selasphorus",2015-07-31
"4054","6/27/2009","Died","Lindsey","No","ANHU","Male","adult-like",0,"Summer","window hit","Non-selasphorus spp.","3769_ANHU","Non-Selasphorus",2009-06-27
"4055","5/26/2001","Released","Lindsey","No","Non-selasphorus","unknown","Nestling",0,"Spring","found on the ground","Non-selasphorus spp.","2051_ANHU","Selasphorus",2001-05-26
"4056","7/8/2011","Released","Lindsey","Yes","Non-selasphorus","unknown","Nestling",0,"Summer","nest-related","Non-selasphorus spp.","4273_ANHU","Selasphorus",2011-07-08
"4057","3/11/1994","Died","Lindsey","Yes","ANHU","Female-like ","adult-like",1,"Spring","found on the ground","Non-selasphorus spp.","582_ANHU","Non-Selasphorus",1994-03-11
"4058","6/19/2013","Died","malibu","Yes","Selasphorus","Female-like ","adult-like",1,"Summer","unknown","Selasphorus spp.","5858_ALHU","Selasphorus",2013-06-19
"4059","3/21/1997","Died","Lindsey","Yes","ANHU","Female-like ","adult-like",0,"Spring","found on the ground","Non-selasphorus spp.","1189_ANHU","Non-Selasphorus",1997-03-21
"4060","5/21/2007","Died","Lindsey","No","ANHU","Female-like ","adult-like",1,"Spring","caught by domestic animal","Non-selasphorus spp.","3288_ANHU","Non-Selasphorus",2007-05-21
"4061","9/8/2016","Died","Lindsey","Yes","ANHU","Female-like ","adult-like",1,"Fall","window hit","Non-selasphorus spp.","5705_ANHU","Non-Selasphorus",2016-09-08
"4062","7/7/2002","Released","Lindsey","Yes","ANHU","Female-like ","adult-like",0,"Summer","caught by domestic animal","Non-selasphorus spp.","2307_ANHU","Non-Selasphorus",2002-07-07
"4063","6/14/2005","Released","Lindsey","No","ANHU","Female-like ","adult-like",0,"Summer","found on the ground","Non-selasphorus spp.","2918_ANHU","Non-Selasphorus",2005-06-14
"4064","7/7/2003","Died","Lindsey","Yes","ANHU","Female-like ","adult-like",1,"Summer","caught by domestic animal","Non-selasphorus spp.","2538_ANHU","Non-Selasphorus",2003-07-07
"4065","3/12/1997","Died","Lindsey","No","ANHU","Female-like ","adult-like",0,"Spring","caught by domestic animal","Non-selasphorus spp.","1172_ANHU","Non-Selasphorus",1997-03-12
"4066","6/19/1997","Released","Lindsey","No","Selasphorus","Female-like ","adult-like",0,"Summer","caught by domestic animal","Selasphorus spp.","1268_ALHU","Selasphorus",1997-06-19
"4067","1/31/2015","Died","Lindsey","No","ANHU","Female-like ","adult-like",0,"Winter","found inside","Non-selasphorus spp.","5160_ANHU","Non-Selasphorus",2015-01-31
"4068","3/13/2016","Released","Lindsey","Yes","ANHU","Male","adult-like",1,"Spring","found on the ground","Non-selasphorus spp.","5524_ANHU","Non-Selasphorus",2016-03-13
"4069","4/9/1994","Released","Lindsey","No","ANHU","Female-like ","adult-like",0,"Spring","caught by domestic animal","Non-selasphorus spp.","607_ANHU","Non-Selasphorus",1994-04-09
"4070","4/15/2012","Died","Lindsey","No","ANHU","Female-like ","adult-like",0,"Spring","unknown","Non-selasphorus spp.","4433_ANHU","Non-Selasphorus",2012-04-15
"4071","5/26/2013","Released","malibu","No","Selasphorus","Female-like ","adult-like",-1,"Spring","unknown","Selasphorus spp.","5951_ALHU","Selasphorus",2013-05-26
"4072","9/18/2003","Released","Lindsey","No","ANHU","Female-like ","adult-like",0,"Fall","nest-related","Non-selasphorus spp.","2568_ANHU","Non-Selasphorus",2003-09-18
"4073","3/1/2014","Died","malibu","No","Selasphorus","Male","adult-like",-26,"Spring","unknown","Selasphorus spp.","6052_ALHU","Selasphorus",2014-03-01
"4074","2/2/2012","Died","Lindsey","Yes","ANHU","Male","adult-like",0,"Winter","window hit","Non-selasphorus spp.","4356_ANHU","Non-Selasphorus",2012-02-02
"4075","5/26/2014","Died","Lindsey","No","ANHU","Male","adult-like",0,"Spring","unknown","Non-selasphorus spp.","5013_ANHU","Non-Selasphorus",2014-05-26
"4076","6/7/2001","Died","Lindsey","No","Non-selasphorus","unknown","Nestling",0,"Summer","found on the ground","Non-selasphorus spp.","2062_ANHU","Selasphorus",2001-06-07
"4077","1/18/1992","Died","Lindsey","Yes","ANHU","Female-like ","adult-like",2,"Winter","caught by domestic animal","Non-selasphorus spp.","196_ANHU","Non-Selasphorus",1992-01-18
"4078","4/14/2005","Died","Lindsey","No","ANHU","Female-like ","adult-like",0,"Spring","window hit","Non-selasphorus spp.","2855_ANHU","Non-Selasphorus",2005-04-14
"4079","7/28/2002","Died","Lindsey","No","ANHU","Female-like ","adult-like",0,"Summer","caught by domestic animal","Non-selasphorus spp.","2317_ANHU","Non-Selasphorus",2002-07-28
"4080","6/9/1996","Died","Lindsey","Yes","ANHU","Female-like ","adult-like",0,"Summer","nest-related","Non-selasphorus spp.","1071_ANHU","Non-Selasphorus",1996-06-09
"4081","10/18/2007","Died","Lindsey","No","ANHU","Female-like ","adult-like",0,"Fall","found on the ground","Non-selasphorus spp.","3379_ANHU","Non-Selasphorus",2007-10-18
"4082","7/3/2010","Died","Lindsey","Yes","ANHU","Female-like ","adult-like",0,"Summer","found on the ground","Non-selasphorus spp.","4017_ANHU","Non-Selasphorus",2010-07-03
"4083","5/7/1992","Released","Lindsey","No","ANHU","Female-like ","adult-like",0,"Spring","caught by domestic animal","Non-selasphorus spp.","271_ANHU","Non-Selasphorus",1992-05-07
"4084","6/26/2014","Released","malibu","No","Selasphorus","Female-like ","adult-like",0,"Summer","unknown","Selasphorus spp.","6315_ALHU","Selasphorus",2014-06-26
"4085","10/1/2007","Died","Lindsey","Yes","ANHU","Female-like ","adult-like",1,"Fall","found on the ground","Non-selasphorus spp.","3376_ANHU","Non-Selasphorus",2007-10-01
"4086","2/23/2002","Died","Lindsey","No","Non-selasphorus","unknown","Nestling",0,"Winter","found on the ground","Non-selasphorus spp.","2161_ANHU","Selasphorus",2002-02-23
"4087","6/2/2013","Died","malibu","Yes","ANHU","Female-like ","adult-like",0,"Summer","found on the ground","Non-selasphorus spp.","5825_ANHU","Non-Selasphorus",2013-06-02
"4088","5/6/1991","Died","Lindsey","Yes","ANHU","Female-like ","adult-like",4,"Spring","unknown","Non-selasphorus spp.","91_ANHU","Non-Selasphorus",1991-05-06
"4089","3/13/2009","Released","Lindsey","Yes","ANHU","Male","adult-like",23,"Spring","nest-related","Non-selasphorus spp.","3647_ANHU","Non-Selasphorus",2009-03-13
"4090","6/21/2012","Released","Lindsey","No","ANHU","Male","adult-like",0,"Summer","found on the ground","Non-selasphorus spp.","4504_ANHU","Non-Selasphorus",2012-06-21
"4091","6/26/2005","Released","Lindsey","No","ANHU","Female-like ","adult-like",1,"Summer","found on the ground","Non-selasphorus spp.","2936_ANHU","Non-Selasphorus",2005-06-26
"4092","3/31/2007","Died","Lindsey","Yes","ANHU","Female-like ","adult-like",1,"Spring","caught by domestic animal","Non-selasphorus spp.","3237_ANHU","Non-Selasphorus",2007-03-31
"4093","5/18/2007","Died","Lindsey","No","ANHU","Female-like ","adult-like",0,"Spring","found on the ground","Non-selasphorus spp.","3286_ANHU","Non-Selasphorus",2007-05-18
"4094","12/15/2006","Died","Lindsey","No","ANHU","Female-like ","adult-like",0,"Winter","found on the ground","Non-selasphorus spp.","3179_ANHU","Non-Selasphorus",2006-12-15
"4095","6/22/2014","Died","Lindsey","Yes","Non-selasphorus","unknown","Nestling",0,"Summer","found on the ground","Non-selasphorus spp.","5062_ANHU","Selasphorus",2014-06-22
"4096","4/21/2015","Died","Lindsey","No","Selasphorus","Female-like ","adult-like",0,"Spring","found on the ground","Selasphorus spp.","5286_RUHU","Selasphorus",2015-04-21
"4097","2/23/2012","Released","Lindsey","No","ANHU","Female-like ","adult-like",0,"Winter","found on the ground","Non-selasphorus spp.","4365_ANHU","Non-Selasphorus",2012-02-23
"4098","5/24/2002","Died","Lindsey","Yes","Non-selasphorus","unknown","Nestling",0,"Spring","nest-related","Non-selasphorus spp.","2253_ANHU","Selasphorus",2002-05-24
"4099","8/12/2001","Died","Lindsey","No","ANHU","Female-like ","adult-like",0,"Summer","found on the ground","Non-selasphorus spp.","2111_ANHU","Non-Selasphorus",2001-08-12
"4100","5/1/1996","Died","Lindsey","No","ANHU","Female-like ","adult-like",0,"Spring","found on the ground","Non-selasphorus spp.","1041_ANHU","Non-Selasphorus",1996-05-01
"4101","5/13/2016","Released","Santa Barbara","No","ANHU","Female-like ","adult-like",0,"Spring","nest-related","Non-selasphorus spp.","6872_ANHU","Non-Selasphorus",2016-05-13
"4102","3/28/2010","Died","Lindsey","Yes","ANHU","Male","adult-like",1,"Spring","found on the ground","Non-selasphorus spp.","3895_ANHU","Non-Selasphorus",2010-03-28
"4103","7/20/2014","Died","malibu","Yes","Selasphorus","Male","adult-like",0,"Summer","unknown","Selasphorus spp.","6168_ALHU","Selasphorus",2014-07-20
"4104","1/4/2010","Died","Lindsey","Yes","ANHU","Male","adult-like",0,"Winter","found inside","Non-selasphorus spp.","3842_ANHU","Non-Selasphorus",2010-01-04
"4105","3/17/2016","Released","malibu","Yes","Selasphorus","unknown","Nestling",1,"Spring","found on the ground","Selasphorus spp.","6641_ALHU","Selasphorus",2016-03-17
"4106","3/14/2010","Released","Lindsey","No","Non-selasphorus","unknown","Nestling",0,"Spring","found on the ground","Non-selasphorus spp.","3887_ANHU","Selasphorus",2010-03-14
"4107","3/19/2001","Released","Lindsey","Yes","Non-selasphorus","unknown","Nestling",2,"Spring","found on the ground","Non-selasphorus spp.","1990_ANHU","Selasphorus",2001-03-19
"4108","7/16/2016","Died","malibu","No","Selasphorus","Female-like ","adult-like",0,"Summer","unknown","Selasphorus spp.","6765_ALHU","Selasphorus",2016-07-16
"4109","8/7/2007","Died","Lindsey","No","ANHU","Female-like ","adult-like",0,"Summer","found on the ground","Non-selasphorus spp.","3361_ANHU","Non-Selasphorus",2007-08-07
"4110","8/24/1995","Died","Lindsey","Yes","ANHU","Female-like ","adult-like",1,"Summer","found on the ground","Non-selasphorus spp.","915_ANHU","Non-Selasphorus",1995-08-24
"4111","4/19/2007","Released","Lindsey","No","ANHU","Female-like ","adult-like",0,"Spring","found on the ground","Non-selasphorus spp.","3259_ANHU","Non-Selasphorus",2007-04-19
"4112","4/5/1993","Died","Lindsey","No","ANHU","Female-like ","adult-like",0,"Spring","caught by domestic animal","Non-selasphorus spp.","419_ANHU","Non-Selasphorus",1993-04-05
"4113","4/30/2010","Died","Lindsey","Yes","Non-selasphorus","unknown","Nestling",0,"Spring","nest-related","Non-selasphorus spp.","3939_ANHU","Selasphorus",2010-04-30
"4114","2/16/2000","Died","Lindsey","No","ANHU","Female-like ","adult-like",1,"Winter","window hit","Non-selasphorus spp.","1738_ANHU","Non-Selasphorus",2000-02-16
"4115","6/4/2004","Released","Lindsey","No","Non-selasphorus","unknown","Nestling",1,"Summer","found on the ground","Non-selasphorus spp.","2709_ANHU","Selasphorus",2004-06-04
"4116","8/3/1999","Died","Lindsey","No","Selasphorus","Female-like ","adult-like",1,"Summer","caught by domestic animal","Selasphorus spp.","1698_ALHU","Selasphorus",1999-08-03
"4117","5/4/2013","Died","malibu","Yes","ANHU","Female-like ","adult-like",0,"Spring","unknown","Non-selasphorus spp.","5799_ANHU","Non-Selasphorus",2013-05-04
"4118","3/14/2000","Released","Lindsey","No","Non-selasphorus","unknown","Nestling",0,"Spring","found on the ground","Non-selasphorus spp.","1764_ANHU","Selasphorus",2000-03-14
"4119","4/23/2000","Died","Lindsey","No","Non-selasphorus","unknown","Nestling",0,"Spring","nest-related","Non-selasphorus spp.","1805_ANHU","Selasphorus",2000-04-23
"4120","5/25/2011","Died","Lindsey","No","ANHU","Female-like ","adult-like",0,"Spring","window hit","Non-selasphorus spp.","4216_ANHU","Non-Selasphorus",2011-05-25
"4121","6/9/2003","Released","Lindsey","No","Non-selasphorus","unknown","Nestling",0,"Summer","nest-related","Non-selasphorus spp.","2506_ANHU","Selasphorus",2003-06-09
"4122","9/27/2010","Died","Lindsey","Yes","ANHU","Male","adult-like",0,"Fall","found on the ground","Non-selasphorus spp.","4062_ANHU","Non-Selasphorus",2010-09-27
"4123","4/23/2003","Released","Lindsey","No","ANHU","Female-like ","adult-like",0,"Spring","window hit","Non-selasphorus spp.","2459_ANHU","Non-Selasphorus",2003-04-23
"4124","3/11/2013","Released","Lindsey","Yes","ANHU","Male","adult-like",1,"Spring","found on the ground","Non-selasphorus spp.","4637_ANHU","Non-Selasphorus",2013-03-11
"4125","3/10/2013","Released","malibu","No","Selasphorus","unknown","Nestling",0,"Spring","nest-related","Selasphorus spp.","5754_ALHU","Selasphorus",2013-03-10
"4126","9/13/1996","Died","Lindsey","No","ANHU","Female-like ","adult-like",0,"Fall","found on the ground","Non-selasphorus spp.","1121_ANHU","Non-Selasphorus",1996-09-13
"4127","6/8/2011","Released","Lindsey","Yes","Non-selasphorus","unknown","Nestling",0,"Summer","found on the ground","Non-selasphorus spp.","4244_ANHU","Selasphorus",2011-06-08
"4128","3/9/1994","Died","Lindsey","No","ANHU","Female-like ","adult-like",0,"Spring","unknown","Non-selasphorus spp.","581_ANHU","Non-Selasphorus",1994-03-09
"4129","3/13/2002","Released","Lindsey","No","Non-selasphorus","unknown","Nestling",0,"Spring","found on the ground","Non-selasphorus spp.","2176_ANHU","Selasphorus",2002-03-13
"4130","10/23/2000","Died","Lindsey","No","ANHU","Female-like ","adult-like",0,"Fall","window hit","Non-selasphorus spp.","1916_ANHU","Non-Selasphorus",2000-10-23
"4131","5/27/2007","Released","Lindsey","No","ANHU","Female-like ","adult-like",0,"Spring","found inside","Non-selasphorus spp.","3296_ANHU","Non-Selasphorus",2007-05-27
"4132","3/15/1995","Died","Lindsey","Yes","Non-selasphorus","unknown","Nestling",1,"Spring","nest-related","Non-selasphorus spp.","776_ANHU","Selasphorus",1995-03-15
"4133","1/6/2001","Released","Lindsey","No","ANHU","Female-like ","adult-like",0,"Winter","window hit","Non-selasphorus spp.","1937_ANHU","Non-Selasphorus",2001-01-06
"4134","3/6/2011","Died","Lindsey","No","ANHU","Male","adult-like",0,"Spring","window hit","Non-selasphorus spp.","4112_ANHU","Non-Selasphorus",2011-03-06
"4135","4/24/2003","Died","Lindsey","No","ANHU","Female-like ","adult-like",0,"Spring","suspect torpor-like state","Non-selasphorus spp.","2460_ANHU","Non-Selasphorus",2003-04-24
"4136","5/29/2002","Died","Lindsey","No","ANHU","Female-like ","adult-like",0,"Spring","found inside","Non-selasphorus spp.","2261_ANHU","Non-Selasphorus",2002-05-29
"4137","5/9/1992","Released","Lindsey","No","Non-selasphorus","unknown","Nestling",0,"Spring","found on the ground","Non-selasphorus spp.","273_ANHU","Selasphorus",1992-05-09
"4138","6/17/2014","Died","Lindsey","No","ANHU","Male","adult-like",0,"Summer","found on the ground","Non-selasphorus spp.","5055_ANHU","Non-Selasphorus",2014-06-17
"4139","6/1/1992","Died","Lindsey","Yes","ANHU","Female-like ","adult-like",1,"Summer","found on the ground","Non-selasphorus spp.","296_ANHU","Non-Selasphorus",1992-06-01
"4140","1/1/2011","Released","Lindsey","No","ANHU","Female-like ","adult-like",0,"Winter","found on the ground","Non-selasphorus spp.","4086_ANHU","Non-Selasphorus",2011-01-01
"4141","2/10/1994","Released","Lindsey","Yes","Non-selasphorus","unknown","Nestling",0,"Winter","unknown","Non-selasphorus spp.","566_ANHU","Selasphorus",1994-02-10
"4142","10/14/2013","Died","Lindsey","Yes","ANHU","Male","adult-like",1,"Fall","caught by domestic animal","Non-selasphorus spp.","4817_ANHU","Non-Selasphorus",2013-10-14
"4143","2/21/1995","Died","Lindsey","No","Non-selasphorus","unknown","Nestling",1,"Winter","nest-related","Non-selasphorus spp.","754_ANHU","Selasphorus",1995-02-21
"4144","8/6/2004","Died","Lindsey","Yes","ANHU","Female-like ","adult-like",1,"Summer","caught by domestic animal","Non-selasphorus spp.","2755_ANHU","Non-Selasphorus",2004-08-06
"4145","11/8/2000","Died","Lindsey","No","ANHU","Female-like ","adult-like",0,"Fall","found on the ground","Non-selasphorus spp.","1925_ANHU","Non-Selasphorus",2000-11-08
"4146","6/12/2002","Released","Lindsey","No","ANHU","Female-like ","adult-like",0,"Summer","nest-related","Non-selasphorus spp.","2271_ANHU","Non-Selasphorus",2002-06-12
"4147","6/1/2013","Released","malibu","No","ANHU","Female-like ","adult-like",1,"Summer","unknown","Non-selasphorus spp.","5823_ANHU","Non-Selasphorus",2013-06-01
"4148","4/29/1999","Died","Lindsey","No","ANHU","Female-like ","adult-like",0,"Spring","caught by domestic animal","Non-selasphorus spp.","1614_ANHU","Non-Selasphorus",1999-04-29
"4149","4/30/1998","Released","Lindsey","No","Non-selasphorus","unknown","Nestling",0,"Spring","found on the ground","Non-selasphorus spp.","1405_ANHU","Selasphorus",1998-04-30
"4150","3/16/2003","Released","Lindsey","Yes","Non-selasphorus","unknown","Nestling",1,"Spring","nest-related","Non-selasphorus spp.","2415_ANHU","Selasphorus",2003-03-16
"4151","9/4/2004","Died","Lindsey","No","Selasphorus","Female-like ","adult-like",0,"Fall","found inside","Selasphorus spp.","2762_RUHU","Selasphorus",2004-09-04
"4152","4/2/2011","Died","Lindsey","No","ANHU","Male","adult-like",0,"Spring","suspect torpor-like state","Non-selasphorus spp.","4149_ANHU","Non-Selasphorus",2011-04-02
"4153","6/10/2016","Released","malibu","No","ANHU","Female-like ","adult-like",0,"Summer","unknown","Non-selasphorus spp.","6785_ANHU","Non-Selasphorus",2016-06-10
"4154","2/12/2016","Died","Lindsey","No","ANHU","Male","adult-like",0,"Winter","unknown","Non-selasphorus spp.","5488_ANHU","Non-Selasphorus",2016-02-12
"4155","3/4/2012","Died","Lindsey","No","ANHU","Male","adult-like",0,"Spring","window hit","Non-selasphorus spp.","4372_ANHU","Non-Selasphorus",2012-03-04
"4156","6/20/2013","Died","malibu","No","ANHU","Female-like ","adult-like",0,"Summer","unknown","Non-selasphorus spp.","5997_ANHU","Non-Selasphorus",2013-06-20
"4157","5/26/2006","Died","Lindsey","Yes","ANHU","Female-like ","adult-like",0,"Spring","window hit","Non-selasphorus spp.","3096_ANHU","Non-Selasphorus",2006-05-26
"4158","5/29/2013","Died","malibu","Yes","Selasphorus","Female-like ","adult-like",1,"Spring","caught by domestic animal","Selasphorus spp.","5816_ALHU","Selasphorus",2013-05-29
"4159","3/15/2004","Released","Lindsey","No","Non-selasphorus","unknown","Nestling",1,"Spring","caught by domestic animal","Non-selasphorus spp.","2635_ANHU","Selasphorus",2004-03-15
"4160","5/13/2014","Released","Lindsey","No","ANHU","Female-like ","adult-like",0,"Spring","found on the ground","Non-selasphorus spp.","5003_ANHU","Non-Selasphorus",2014-05-13
"4161","5/9/1998","Died","Lindsey","No","ANHU","Female-like ","adult-like",0,"Spring","window hit","Non-selasphorus spp.","1410_ANHU","Non-Selasphorus",1998-05-09
"4162","4/23/1993","Died","Lindsey","No","ANHU","Female-like ","adult-like",0,"Spring","found on the ground","Non-selasphorus spp.","449_ANHU","Non-Selasphorus",1993-04-23
"4163","2/6/2002","Released","Lindsey","No","ANHU","Female-like ","adult-like",0,"Winter","window hit","Non-selasphorus spp.","2151_ANHU","Non-Selasphorus",2002-02-06
"4164","3/18/2006","Died","Lindsey","Yes","ANHU","Female-like ","adult-like",0,"Spring","caught by domestic animal","Non-selasphorus spp.","3029_ANHU","Non-Selasphorus",2006-03-18
"4165","4/19/2000","Died","Lindsey","Yes","Non-selasphorus","unknown","Nestling",0,"Spring","found on the ground","Non-selasphorus spp.","1802_ANHU","Selasphorus",2000-04-19
"4166","6/18/2013","Died","malibu","No","Selasphorus","Female-like ","adult-like",0,"Summer","unknown","Selasphorus spp.","5989_ALHU","Selasphorus",2013-06-18
"4167","3/20/1991","Died","Lindsey","No","ANHU","Female-like ","adult-like",0,"Spring","found on the ground","Non-selasphorus spp.","58_ANHU","Non-Selasphorus",1991-03-20
"4168","12/26/2000","Died","Lindsey","No","ANHU","Female-like ","adult-like",0,"Winter","caught by domestic animal","Non-selasphorus spp.","1935_ANHU","Non-Selasphorus",2000-12-26
"4169","4/3/1996","Died","Lindsey","No","ANHU","Female-like ","adult-like",0,"Spring","found on the ground","Non-selasphorus spp.","1009_ANHU","Non-Selasphorus",1996-04-03
"4170","6/8/1992","Died","Lindsey","No","ANHU","Female-like ","adult-like",0,"Summer","found on the ground","Non-selasphorus spp.","309_ANHU","Non-Selasphorus",1992-06-08
"4171","6/27/2010","Died","Lindsey","Yes","Selasphorus","unknown","Nestling",0,"Summer","nest-related","Selasphorus spp.","4004_ALHU","Selasphorus",2010-06-27
"4172","6/2/1997","Died","Lindsey","No","ANHU","Female-like ","adult-like",0,"Summer","caught by domestic animal","Non-selasphorus spp.","1253_ANHU","Non-Selasphorus",1997-06-02
"4173","3/9/2015","Released","Lindsey","No","Non-selasphorus","unknown","Nestling",0,"Spring","unknown","Non-selasphorus spp.","5204_ANHU","Selasphorus",2015-03-09
"4174","2/5/1992","Died","Lindsey","Yes","ANHU","Female-like ","adult-like",0,"Winter","found on the ground","Non-selasphorus spp.","205_ANHU","Non-Selasphorus",1992-02-05
"4175","7/29/2014","Died","malibu","Yes","Selasphorus","unknown","Nestling",1,"Summer","found on the ground","Selasphorus spp.","6175_ALHU","Selasphorus",2014-07-29
"4176","3/25/2003","Released","Lindsey","Yes","ANHU","Female-like ","adult-like",1,"Spring","window hit","Non-selasphorus spp.","2426_ANHU","Non-Selasphorus",2003-03-25
"4177","3/26/2015","Died","Lindsey","Yes","ANHU","Female-like ","adult-like",0,"Spring","found on the ground","Non-selasphorus spp.","5230_ANHU","Non-Selasphorus",2015-03-26
"4178","12/31/2015","Released","malibu","No","ANHU","Female-like ","adult-like",290,"Winter","found on the ground","Non-selasphorus spp.","6560_ANHU","Non-Selasphorus",2015-12-31
"4179","6/29/2013","Died","malibu","Yes","ANHU","Female-like ","adult-like",2,"Summer","found on the ground","Non-selasphorus spp.","5867_ANHU","Non-Selasphorus",2013-06-29
"4180","5/19/1995","Died","Lindsey","No","ANHU","Female-like ","adult-like",0,"Spring","found on the ground","Non-selasphorus spp.","845_ANHU","Non-Selasphorus",1995-05-19
"4181","7/15/2016","Died","Santa Barbara","No","ANHU","Female-like ","adult-like",3,"Summer","window hit","Non-selasphorus spp.","6906_ANHU","Non-Selasphorus",2016-07-15
"4182","5/10/2013","Died","Lindsey","No","ANHU","Male","adult-like",0,"Spring","found on the ground","Non-selasphorus spp.","4723_ANHU","Non-Selasphorus",2013-05-10
"4183","6/16/2014","Released","malibu","No","Selasphorus","Female-like ","adult-like",0,"Summer","unknown","Selasphorus spp.","6300_ALHU","Selasphorus",2014-06-16
"4184","4/11/2005","Died","Lindsey","No","ANHU","Female-like ","adult-like",0,"Spring","found on the ground","Non-selasphorus spp.","2852_ANHU","Non-Selasphorus",2005-04-11
"4185","6/25/2006","Died","Lindsey","No","ANHU","Female-like ","adult-like",0,"Summer","caught by domestic animal","Non-selasphorus spp.","3125_ANHU","Non-Selasphorus",2006-06-25
"4186","11/15/2012","Died","Lindsey","Yes","ANHU","Male","adult-like",1,"Fall","found on the ground","Non-selasphorus spp.","4581_ANHU","Non-Selasphorus",2012-11-15
"4187","1/17/2001","Died","Lindsey","No","ANHU","Female-like ","adult-like",0,"Winter","window hit","Non-selasphorus spp.","1940_ANHU","Non-Selasphorus",2001-01-17
"4188","5/13/2002","Released","Lindsey","No","ANHU","Female-like ","adult-like",0,"Spring","found on the ground","Non-selasphorus spp.","2242_ANHU","Non-Selasphorus",2002-05-13
"4189","9/23/2010","Released","Lindsey","No","ANHU","Female-like ","adult-like",0,"Fall","window hit","Non-selasphorus spp.","4060_ANHU","Non-Selasphorus",2010-09-23
"4190","1/15/2008","Died","Lindsey","Yes","ANHU","Female-like ","adult-like",0,"Winter","found on the ground","Non-selasphorus spp.","3402_ANHU","Non-Selasphorus",2008-01-15
"4191","8/8/2013","Died","Lindsey","No","ANHU","Female-like ","adult-like",0,"Summer","found on the ground","Non-selasphorus spp.","4802_ANHU","Non-Selasphorus",2013-08-08
"4192","5/30/2014","Released","malibu","Yes","Non-selasphorus","unknown","Nestling",2,"Spring","found on the ground","Non-selasphorus spp.","6252_ANHU","Selasphorus",2014-05-30
"4193","4/12/2005","Died","Lindsey","No","ANHU","Female-like ","adult-like",0,"Spring","found on the ground","Non-selasphorus spp.","2853_ANHU","Non-Selasphorus",2005-04-12
"4194","3/20/2001","Released","Lindsey","No","ANHU","Female-like ","adult-like",0,"Spring","window hit","Non-selasphorus spp.","1992_ANHU","Non-Selasphorus",2001-03-20
"4195","3/14/2014","Died","Lindsey","Yes","ANHU","Female-like ","adult-like",1,"Spring","found on the ground","Non-selasphorus spp.","4901_ANHU","Non-Selasphorus",2014-03-14
"4196","1/24/2014","Died","Lindsey","Yes","ANHU","Male","adult-like",0,"Winter","found on the ground","Non-selasphorus spp.","4866_ANHU","Non-Selasphorus",2014-01-24
"4197","4/1/1996","Died","Lindsey","No","ANHU","Female-like ","adult-like",0,"Spring","found on the ground","Non-selasphorus spp.","1006_ANHU","Non-Selasphorus",1996-04-01
"4198","1/14/2016","Died","Lindsey","No","ANHU","Female-like ","adult-like",0,"Winter","found on the ground","Non-selasphorus spp.","5472_ANHU","Non-Selasphorus",2016-01-14
"4199","5/8/2015","Died","malibu","No","Selasphorus","Female-like ","adult-like",0,"Spring","unknown","Selasphorus spp.","6415_ALHU","Selasphorus",2015-05-08
"4200","2/20/2016","Died","Lindsey","Yes","ANHU","Female-like ","adult-like",0,"Winter","found on the ground","Non-selasphorus spp.","5499_ANHU","Non-Selasphorus",2016-02-20
"4201","4/1/2011","Died","Lindsey","No","Selasphorus","Female-like ","adult-like",1,"Spring","found on the ground","Selasphorus spp.","4143_RUHU","Selasphorus",2011-04-01
"4202","3/20/1999","Died","Lindsey","No","ANHU","Female-like ","adult-like",0,"Spring","found on the ground","Non-selasphorus spp.","1560_ANHU","Non-Selasphorus",1999-03-20
"4203","4/13/2013","Released","malibu","No","Non-selasphorus","unknown","Nestling",0,"Spring","unknown","Non-selasphorus spp.","5901_ANHU","Selasphorus",2013-04-13
"4204","6/6/1992","Released","Lindsey","Yes","ANHU","Female-like ","adult-like",0,"Summer","nest-related","Non-selasphorus spp.","305_ANHU","Non-Selasphorus",1992-06-06
"4205","5/13/1994","Died","Lindsey","No","ANHU","Female-like ","adult-like",0,"Spring","window hit","Non-selasphorus spp.","641_ANHU","Non-Selasphorus",1994-05-13
"4206","1/24/2015","Died","Lindsey","No","ANHU","Male","adult-like",0,"Winter","suspect torpor-like state","Non-selasphorus spp.","5154_ANHU","Non-Selasphorus",2015-01-24
"4207","8/20/2015","Died","malibu","No","ANHU","Female-like ","adult-like",0,"Summer","unknown","Non-selasphorus spp.","6577_ANHU","Non-Selasphorus",2015-08-20
"4208","6/9/2016","Released","Lindsey","No","ANHU","Female-like ","adult-like",0,"Summer","found on the ground","Non-selasphorus spp.","5633_ANHU","Non-Selasphorus",2016-06-09
"4209","1/21/2014","Died","Lindsey","No","ANHU","Female-like ","adult-like",0,"Winter","window hit","Non-selasphorus spp.","4865_ANHU","Non-Selasphorus",2014-01-21
"4210","6/14/1997","Died","Lindsey","No","Selasphorus","Female-like ","adult-like",0,"Summer","caught by domestic animal","Selasphorus spp.","1263_ALHU","Selasphorus",1997-06-14
"4211","4/28/2015","Released","Lindsey","Yes","ANHU","Female-like ","adult-like",0,"Spring","unknown","Non-selasphorus spp.","5299_ANHU","Non-Selasphorus",2015-04-28
"4212","4/27/2015","Died","Lindsey","No","Non-selasphorus","unknown","Nestling",0,"Spring","nest-related","Non-selasphorus spp.","5294_ANHU","Selasphorus",2015-04-27
"4213","9/28/1995","Released","Lindsey","No","ANHU","Female-like ","adult-like",0,"Fall","found on the ground","Non-selasphorus spp.","927_ANHU","Non-Selasphorus",1995-09-28
"4214","8/8/2016","Released","Lindsey","No","ANHU","Male","adult-like",0,"Summer","caught by domestic animal","Non-selasphorus spp.","5692_ANHU","Non-Selasphorus",2016-08-08
"4215","5/29/1999","Released","Lindsey","No","Non-selasphorus","unknown","Nestling",0,"Spring","nest-related","Non-selasphorus spp.","1642_ANHU","Selasphorus",1999-05-29
"4216","6/12/2014","Died","Lindsey","Yes","ANHU","Female-like ","adult-like",1,"Summer","found on the ground","Non-selasphorus spp.","5044_ANHU","Non-Selasphorus",2014-06-12
"4217","9/7/2003","Died","Lindsey","No","ANHU","Female-like ","adult-like",0,"Fall","window hit","Non-selasphorus spp.","2565_ANHU","Non-Selasphorus",2003-09-07
"4218","7/13/2016","Died","Lindsey","Yes","ANHU","Female-like ","adult-like",1,"Summer","found on the ground","Non-selasphorus spp.","5684_ANHU","Non-Selasphorus",2016-07-13
"4219","4/25/2000","Died","Lindsey","No","ANHU","Female-like ","adult-like",0,"Spring","caught by domestic animal","Non-selasphorus spp.","1810_ANHU","Non-Selasphorus",2000-04-25
"4220","9/3/2011","Died","Lindsey","No","ANHU","Male","adult-like",0,"Fall","nest-related","Non-selasphorus spp.","4305_ANHU","Non-Selasphorus",2011-09-03
"4221","4/5/2016","Released","malibu","No","Selasphorus","unknown","Nestling",0,"Spring","nest-related","Selasphorus spp.","6722_ALHU","Selasphorus",2016-04-05
"4222","5/25/2015","Died","malibu","Yes","Selasphorus","unknown","Nestling",1,"Spring","found on the ground","Selasphorus spp.","6433_ALHU","Selasphorus",2015-05-25
"4223","7/24/1998","Released","Lindsey","No","ANHU","Female-like ","adult-like",0,"Summer","found on the ground","Non-selasphorus spp.","1485_ANHU","Non-Selasphorus",1998-07-24
"4224","6/12/2006","Released","Lindsey","Yes","ANHU","Female-like ","adult-like",11,"Summer","found on the ground","Non-selasphorus spp.","3104_ANHU","Non-Selasphorus",2006-06-12
"4225","7/27/1991","Died","Lindsey","No","Selasphorus","Female-like ","adult-like",0,"Summer","found on the ground","Selasphorus spp.","156_ALHU","Selasphorus",1991-07-27
"4226","6/1/1992","Died","Lindsey","No","Non-selasphorus","unknown","Nestling",0,"Summer","nest-related","Non-selasphorus spp.","298_ANHU","Selasphorus",1992-06-01
"4227","6/28/1996","Died","Lindsey","Yes","ANHU","Female-like ","adult-like",3,"Summer","found on the ground","Non-selasphorus spp.","1090_ANHU","Non-Selasphorus",1996-06-28
"4228","8/13/2015","Died","Lindsey","No","ANHU","Male","adult-like",1,"Summer","window hit","Non-selasphorus spp.","5433_ANHU","Non-Selasphorus",2015-08-13
"4229","2/2/2013","Released","Lindsey","Yes","Non-selasphorus","unknown","Nestling",1,"Winter","nest-related","Non-selasphorus spp.","4602_ANHU","Selasphorus",2013-02-02
"4230","2/19/2016","Died","Santa Barbara","No","ANHU","Male","adult-like",0,"Winter","found inside","Non-selasphorus spp.","6845_ANHU","Non-Selasphorus",2016-02-19
"4231","4/11/1994","Died","Lindsey","No","ANHU","Female-like ","adult-like",0,"Spring","unknown","Non-selasphorus spp.","611_ANHU","Non-Selasphorus",1994-04-11
"4232","2/2/2005","Released","Lindsey","No","Non-selasphorus","unknown","Nestling",0,"Winter","nest-related","Non-selasphorus spp.","2793_ANHU","Selasphorus",2005-02-02
"4233","7/25/1996","Died","Lindsey","No","ANHU","Female-like ","adult-like",0,"Summer","unknown","Non-selasphorus spp.","1108_ANHU","Non-Selasphorus",1996-07-25
"4234","5/31/1994","Died","Lindsey","No","ANHU","Female-like ","adult-like",1,"Spring","unknown","Non-selasphorus spp.","656_ANHU","Non-Selasphorus",1994-05-31
"4235","5/9/2014","Released","Lindsey","No","Non-selasphorus","unknown","Nestling",0,"Spring","nest-related","Non-selasphorus spp.","4993_ANHU","Selasphorus",2014-05-09
"4236","12/2/2007","Died","Lindsey","Yes","ANHU","Female-like ","adult-like",0,"Winter","unknown","Non-selasphorus spp.","3387_ANHU","Non-Selasphorus",2007-12-02
"4237","6/13/2012","Died","Lindsey","Yes","ANHU","Female-like ","adult-like",0,"Summer","found on the ground","Non-selasphorus spp.","4494_ANHU","Non-Selasphorus",2012-06-13
"4238","3/13/1994","Released","Lindsey","No","ANHU","Female-like ","adult-like",0,"Spring","caught by domestic animal","Non-selasphorus spp.","583_ANHU","Non-Selasphorus",1994-03-13
"4239","4/1/1992","Died","Lindsey","No","ANHU","Female-like ","adult-like",0,"Spring","unknown","Non-selasphorus spp.","233_ANHU","Non-Selasphorus",1992-04-01
"4240","8/18/2012","Died","Lindsey","No","ANHU","Male","adult-like",0,"Summer","found on the ground","Non-selasphorus spp.","4556_ANHU","Non-Selasphorus",2012-08-18
"4241","5/5/2013","Released","Lindsey","No","Non-selasphorus","unknown","Nestling",0,"Spring","found on the ground","Non-selasphorus spp.","4717_ANHU","Selasphorus",2013-05-05
"4242","2/28/2000","Released","Lindsey","No","Non-selasphorus","unknown","Nestling",0,"Winter","nest-related","Non-selasphorus spp.","1751_ANHU","Selasphorus",2000-02-28
"4243","1/21/1995","Released","Lindsey","No","ANHU","Female-like ","adult-like",0,"Winter","unknown","Non-selasphorus spp.","788_ANHU","Non-Selasphorus",1995-01-21
"4244","7/2/2014","Released","Lindsey","Yes","Non-selasphorus","unknown","Nestling",0,"Summer","unknown","Non-selasphorus spp.","5070_ANHU","Selasphorus",2014-07-02
"4245","5/3/2011","Died","Lindsey","Yes","Non-selasphorus","unknown","Nestling",1,"Spring","nest-related","Non-selasphorus spp.","4193_ANHU","Selasphorus",2011-05-03
"4246","7/25/2010","Died","Lindsey","No","ANHU","Male","adult-like",0,"Summer","window hit","Non-selasphorus spp.","4034_ANHU","Non-Selasphorus",2010-07-25
"4247","5/5/2012","Died","Lindsey","No","Non-selasphorus","unknown","Nestling",0,"Spring","found on the ground","Non-selasphorus spp.","4458_ANHU","Selasphorus",2012-05-05
"4248","7/11/2001","Released","Lindsey","Yes","Selasphorus","Female-like ","adult-like",0,"Summer","found on the ground","Selasphorus spp.","2092_ALHU","Selasphorus",2001-07-11
"4249","5/31/1996","Released","Lindsey","Yes","Non-selasphorus","unknown","Nestling",0,"Spring","found on the ground","Non-selasphorus spp.","1060_ANHU","Selasphorus",1996-05-31
"4250","3/25/2013","Released","malibu","No","ANHU","Female-like ","adult-like",0,"Spring","unknown","Non-selasphorus spp.","5926_ANHU","Non-Selasphorus",2013-03-25
"4251","3/26/2002","Died","Lindsey","No","ANHU","Female-like ","adult-like",0,"Spring","found inside","Non-selasphorus spp.","2189_ANHU","Non-Selasphorus",2002-03-26
"4252","4/9/1998","Died","Lindsey","Yes","ANHU","Female-like ","adult-like",9,"Spring","found on the ground","Non-selasphorus spp.","1373_ANHU","Non-Selasphorus",1998-04-09
"4253","6/1/2015","Died","Lindsey","No","ANHU","Female-like ","adult-like",1,"Summer","caught by domestic animal","Non-selasphorus spp.","5347_ANHU","Non-Selasphorus",2015-06-01
"4254","1/30/2011","Died","Lindsey","Yes","ANHU","Male","adult-like",0,"Winter","found on the ground","Non-selasphorus spp.","4092_ANHU","Non-Selasphorus",2011-01-30
"4255","6/18/2014","Released","Lindsey","Yes","ANHU","Female-like ","adult-like",0,"Summer","found on the ground","Non-selasphorus spp.","5056_ANHU","Non-Selasphorus",2014-06-18
"4256","3/12/1993","Died","Lindsey","Yes","ANHU","Female-like ","adult-like",0,"Spring","unknown","Non-selasphorus spp.","394_ANHU","Non-Selasphorus",1993-03-12
"4257","3/5/2002","Released","Lindsey","No","Non-selasphorus","unknown","Nestling",1,"Spring","nest-related","Non-selasphorus spp.","2168_ANHU","Selasphorus",2002-03-05
"4258","10/30/2016","Died","Lindsey","No","ANHU","Male","adult-like",0,"Fall","found inside","Non-selasphorus spp.","5724_ANHU","Non-Selasphorus",2016-10-30
"4259","4/8/2011","Released","Lindsey","Yes","ANHU","Female-like ","adult-like",8,"Spring","found on the ground","Non-selasphorus spp.","4157_ANHU","Non-Selasphorus",2011-04-08
"4260","3/23/2015","Released","malibu","No","ANHU","Female-like ","adult-like",0,"Spring","nest-related","Non-selasphorus spp.","6371_ANHU","Non-Selasphorus",2015-03-23
"4261","1/11/2013","Died","Lindsey","No","ANHU","Male","adult-like",0,"Winter","caught by domestic animal","Non-selasphorus spp.","4592_ANHU","Non-Selasphorus",2013-01-11
"4262","2/9/2008","Died","Lindsey","Yes","ANHU","Male","adult-like",0,"Winter","found inside","Non-selasphorus spp.","3413_ANHU","Non-Selasphorus",2008-02-09
"4263","2/19/2012","Released","Lindsey","No","ANHU","Female-like ","adult-like",0,"Winter","caught by domestic animal","Non-selasphorus spp.","4363_ANHU","Non-Selasphorus",2012-02-19
"4264","6/12/2013","Died","malibu","No","Selasphorus","Female-like ","adult-like",0,"Summer","unknown","Selasphorus spp.","5973_ALHU","Selasphorus",2013-06-12
"4265","3/29/2007","Died","Lindsey","Yes","ANHU","Female-like ","adult-like",1,"Spring","window hit","Non-selasphorus spp.","3236_ANHU","Non-Selasphorus",2007-03-29
"4266","6/21/2013","Released","malibu","No","ANHU","Female-like ","adult-like",1,"Summer","unknown","Non-selasphorus spp.","6000_ANHU","Non-Selasphorus",2013-06-21
"4267","6/17/2014","Released","malibu","Yes","Non-selasphorus","unknown","Nestling",1,"Summer","found on the ground","Non-selasphorus spp.","6139_ANHU","Selasphorus",2014-06-17
"4268","3/12/2007","Released","Lindsey","Yes","Non-selasphorus","unknown","Nestling",1,"Spring","found on the ground","Non-selasphorus spp.","3222_ANHU","Selasphorus",2007-03-12
"4269","5/26/2015","Died","malibu","Yes","Selasphorus","unknown","Nestling",1,"Spring","caught by domestic animal","Selasphorus spp.","6435_ALHU","Selasphorus",2015-05-26
"4270","4/6/2001","Died","Lindsey","No","ANHU","Female-like ","adult-like",0,"Spring","found on the ground","Non-selasphorus spp.","2014_ANHU","Non-Selasphorus",2001-04-06
"4271","1/24/1991","Died","Lindsey","No","ANHU","Female-like ","adult-like",0,"Winter","found on the ground","Non-selasphorus spp.","14_ANHU","Non-Selasphorus",1991-01-24
"4272","4/8/1992","Died","Lindsey","No","Selasphorus","Female-like ","adult-like",0,"Spring","caught by domestic animal","Selasphorus spp.","241_ALHU","Selasphorus",1992-04-08
"4273","1/27/2013","Died","Lindsey","No","Non-selasphorus","unknown","Nestling",0,"Winter","nest-related","Non-selasphorus spp.","4810_ANHU","Selasphorus",2013-01-27
"4274","4/12/2008","Died","Lindsey","No","Non-selasphorus","unknown","Nestling",1,"Spring","nest-related","Non-selasphorus spp.","3469_ANHU","Selasphorus",2008-04-12
"4275","6/19/2001","Died","Lindsey","No","ANHU","Female-like ","adult-like",0,"Summer","caught by domestic animal","Non-selasphorus spp.","2072_ANHU","Non-Selasphorus",2001-06-19
"4276","5/5/2006","Died","Lindsey","No","ANHU","Female-like ","adult-like",0,"Spring","found on the ground","Non-selasphorus spp.","3085_ANHU","Non-Selasphorus",2006-05-05
"4277","4/17/2009","Died","Lindsey","Yes","ANHU","Male","adult-like",1,"Spring","found on the ground","Non-selasphorus spp.","3693_ANHU","Non-Selasphorus",2009-04-17
"4278","5/28/2013","Released","Lindsey","No","Non-selasphorus","unknown","Nestling",0,"Spring","found on the ground","Non-selasphorus spp.","4737_ANHU","Selasphorus",2013-05-28
"4279","8/21/2010","Died","Lindsey","No","ANHU","Male","adult-like",0,"Summer","window hit","Non-selasphorus spp.","4052_ANHU","Non-Selasphorus",2010-08-21
"4280","11/10/2013","Died","Lindsey","No","ANHU","Male","adult-like",0,"Fall","found inside","Non-selasphorus spp.","4825_ANHU","Non-Selasphorus",2013-11-10
"4281","4/19/2016","Released","malibu","No","Selasphorus","unknown","Nestling",0,"Spring","nest-related","Selasphorus spp.","6717_ALHU","Selasphorus",2016-04-19
"4282","3/19/2016","Released","Santa Barbara","Yes","ANHU","Female-like ","adult-like",0,"Spring","nest-related","Non-selasphorus spp.","6854_ANHU","Non-Selasphorus",2016-03-19
"4283","4/2/2009","Released","Lindsey","No","Non-selasphorus","unknown","Nestling",1,"Spring","found on the ground","Non-selasphorus spp.","3675_ANHU","Selasphorus",2009-04-02
"4284","1/27/2015","Died","Lindsey","Yes","ANHU","Female-like ","adult-like",0,"Winter","found inside","Non-selasphorus spp.","5158_ANHU","Non-Selasphorus",2015-01-27
"4285","6/21/2003","Died","Lindsey","Yes","Non-selasphorus","unknown","Nestling",1,"Summer","found on the ground","Non-selasphorus spp.","2521_ANHU","Selasphorus",2003-06-21
"4286","3/29/2015","Released","Lindsey","Yes","Non-selasphorus","unknown","Nestling",4,"Spring","found on the ground","Non-selasphorus spp.","5237_ANHU","Selasphorus",2015-03-29
"4287","6/25/1993","Released","Lindsey","No","ANHU","Female-like ","adult-like",0,"Summer","found on the ground","Non-selasphorus spp.","504_ANHU","Non-Selasphorus",1993-06-25
"4288","4/13/1999","Died","Lindsey","Yes","ANHU","Female-like ","adult-like",0,"Spring","window hit","Non-selasphorus spp.","1591_ANHU","Non-Selasphorus",1999-04-13
"4289","2/16/2009","Died","Lindsey","No","ANHU","Female-like ","adult-like",0,"Winter","found on the ground","Non-selasphorus spp.","3620_ANHU","Non-Selasphorus",2009-02-16
"4290","3/2/2011","Released","Lindsey","No","Non-selasphorus","unknown","Nestling",2,"Spring","nest-related","Non-selasphorus spp.","4110_ANHU","Selasphorus",2011-03-02
"4291","6/25/1998","Died","Lindsey","No","Non-selasphorus","unknown","Nestling",0,"Summer","unknown","Non-selasphorus spp.","1448_ANHU","Selasphorus",1998-06-25
"4292","11/10/2013","Released","Lindsey","No","ANHU","Male","adult-like",0,"Fall","found on the ground","Non-selasphorus spp.","4823_ANHU","Non-Selasphorus",2013-11-10
"4293","2/20/2011","Died","Lindsey","No","Non-selasphorus","unknown","Nestling",0,"Winter","nest-related","Non-selasphorus spp.","4103_ANHU","Selasphorus",2011-02-20
"4294","7/7/2012","Died","Lindsey","Yes","ANHU","Female-like ","adult-like",1,"Summer","found on the ground","Non-selasphorus spp.","4522_ANHU","Non-Selasphorus",2012-07-07
"4295","4/9/2013","Released","Lindsey","No","Non-selasphorus","unknown","Nestling",0,"Spring","found on the ground","Non-selasphorus spp.","4679_ANHU","Selasphorus",2013-04-09
"4296","4/5/2005","Died","Lindsey","No","ANHU","Female-like ","adult-like",0,"Spring","found on the ground","Non-selasphorus spp.","2846_ANHU","Non-Selasphorus",2005-04-05
"4297","3/20/2007","Died","Lindsey","Yes","ANHU","Female-like ","adult-like",3,"Spring","found on the ground","Non-selasphorus spp.","3227_ANHU","Non-Selasphorus",2007-03-20
"4298","5/25/1991","Died","Lindsey","No","Selasphorus","unknown","Nestling",0,"Spring","nest-related","Selasphorus spp.","101_ALHU","Selasphorus",1991-05-25
"4299","7/12/2014","Died","Lindsey","No","ANHU","Female-like ","adult-like",0,"Summer","found on the ground","Non-selasphorus spp.","5084_ANHU","Non-Selasphorus",2014-07-12
"4300","5/10/2013","Died","Lindsey","Yes","ANHU","Female-like ","adult-like",14,"Spring","nest-related","Non-selasphorus spp.","4722_ANHU","Non-Selasphorus",2013-05-10
"4301","1/22/2004","Released","Lindsey","No","ANHU","Female-like ","adult-like",0,"Winter","found on the ground","Non-selasphorus spp.","2592_ANHU","Non-Selasphorus",2004-01-22
"4302","11/13/2011","Died","Lindsey","No","ANHU","Male","adult-like",0,"Fall","found on the ground","Non-selasphorus spp.","4323_ANHU","Non-Selasphorus",2011-11-13
"4303","6/4/1995","Released","Lindsey","No","ANHU","Female-like ","adult-like",0,"Summer","caught by domestic animal","Non-selasphorus spp.","854_ANHU","Non-Selasphorus",1995-06-04
"4304","6/22/2016","Died","Lindsey","Yes","ANHU","Female-like ","adult-like",10,"Summer","unknown","Non-selasphorus spp.","5657_ANHU","Non-Selasphorus",2016-06-22
"4305","2/2/2007","Died","Lindsey","No","ANHU","Female-like ","adult-like",0,"Winter","found on the ground","Non-selasphorus spp.","3198_ANHU","Non-Selasphorus",2007-02-02
"4306","12/30/1993","Died","Lindsey","Yes","ANHU","Female-like ","adult-like",0,"Winter","caught by domestic animal","Non-selasphorus spp.","563_ANHU","Non-Selasphorus",1993-12-30
"4307","1/11/2007","Released","Lindsey","No","ANHU","Female-like ","adult-like",0,"Winter","window hit","Non-selasphorus spp.","3191_ANHU","Non-Selasphorus",2007-01-11
"4308","2/25/2011","Died","Lindsey","No","ANHU","Male","adult-like",1,"Winter","found on the ground","Non-selasphorus spp.","4106_ANHU","Non-Selasphorus",2011-02-25
"4309","7/31/2007","Released","Lindsey","Yes","ANHU","Female-like ","adult-like",0,"Summer","found inside","Non-selasphorus spp.","3359_ANHU","Non-Selasphorus",2007-07-31
"4310","3/13/2015","Died","Lindsey","No","Non-selasphorus","unknown","Nestling",0,"Spring","nest-related","Non-selasphorus spp.","5208_ANHU","Selasphorus",2015-03-13
"4311","2/11/2016","Died","Lindsey","Yes","ANHU","Female-like ","adult-like",0,"Winter","found on the ground","Non-selasphorus spp.","5487_ANHU","Non-Selasphorus",2016-02-11
"4312","5/4/2009","Released","Lindsey","No","ANHU","Female-like ","adult-like",0,"Spring","found on the ground","Non-selasphorus spp.","3714_ANHU","Non-Selasphorus",2009-05-04
"4313","8/18/2000","Died","Lindsey","Yes","ANHU","Female-like ","adult-like",0,"Summer","window hit","Non-selasphorus spp.","1900_ANHU","Non-Selasphorus",2000-08-18
"4314","3/23/2016","Released","malibu","No","Selasphorus","Female-like ","adult-like",1,"Spring","unknown","Selasphorus spp.","6645_ALHU","Selasphorus",2016-03-23
"4315","11/23/2014","Died","Lindsey","No","ANHU","Female-like ","adult-like",0,"Fall","found inside","Non-selasphorus spp.","5128_ANHU","Non-Selasphorus",2014-11-23
"4316","1/5/1995","Released","Lindsey","No","ANHU","Female-like ","adult-like",0,"Winter","found on the ground","Non-selasphorus spp.","739_ANHU","Non-Selasphorus",1995-01-05
"4317","2/24/1997","Died","Lindsey","No","Non-selasphorus","unknown","Nestling",0,"Winter","nest-related","Non-selasphorus spp.","1164_ANHU","Selasphorus",1997-02-24
"4318","1/14/2005","Died","Lindsey","Yes","ANHU","Female-like ","adult-like",0,"Winter","window hit","Non-selasphorus spp.","2782_ANHU","Non-Selasphorus",2005-01-14
"4319","6/21/1992","Died","Lindsey","No","ANHU","Female-like ","adult-like",0,"Summer","found on the ground","Non-selasphorus spp.","324_ANHU","Non-Selasphorus",1992-06-21
"4320","6/16/2001","Released","Lindsey","No","ANHU","Female-like ","adult-like",0,"Summer","unknown","Non-selasphorus spp.","2071_ANHU","Non-Selasphorus",2001-06-16
"4321","6/23/2005","Released","Lindsey","No","Non-selasphorus","unknown","Nestling",0,"Summer","nest-related","Non-selasphorus spp.","2931_ANHU","Selasphorus",2005-06-23
"4322","5/9/2016","Died","Lindsey","No","ANHU","Female-like ","adult-like",0,"Spring","found on the ground","Non-selasphorus spp.","5603_ANHU","Non-Selasphorus",2016-05-09
"4323","6/24/2014","Released","malibu","No","Selasphorus","Female-like ","adult-like",0,"Summer","unknown","Selasphorus spp.","6313_ALHU","Selasphorus",2014-06-24
"4324","6/10/1995","Died","Lindsey","Yes","ANHU","Female-like ","adult-like",1,"Summer","unknown","Non-selasphorus spp.","862_ANHU","Non-Selasphorus",1995-06-10
"4325","2/1/1993","Died","Lindsey","No","ANHU","Female-like ","adult-like",1,"Winter","found on the ground","Non-selasphorus spp.","373_ANHU","Non-Selasphorus",1993-02-01
"4326","4/13/1999","Died","Lindsey","Yes","ANHU","Female-like ","adult-like",1,"Spring","caught by domestic animal","Non-selasphorus spp.","1590_ANHU","Non-Selasphorus",1999-04-13
"4327","6/1/1993","Released","Lindsey","No","Non-selasphorus","unknown","Nestling",1,"Summer","unknown","Non-selasphorus spp.","484_ANHU","Selasphorus",1993-06-01
"4328","4/5/2016","Released","malibu","Yes","Selasphorus","unknown","Nestling",0,"Spring","nest-related","Selasphorus spp.","6723_ALHU","Selasphorus",2016-04-05
"4329","4/1/1998","Released","Lindsey","No","Non-selasphorus","unknown","Nestling",0,"Spring","unknown","Non-selasphorus spp.","1366_ANHU","Selasphorus",1998-04-01
"4330","3/31/2002","Died","Lindsey","No","ANHU","Female-like ","adult-like",0,"Spring","found on the ground","Non-selasphorus spp.","2191_ANHU","Non-Selasphorus",2002-03-31
"4331","4/1/2009","Released","Lindsey","No","ANHU","Female-like ","adult-like",0,"Spring","suspect torpor-like state","Non-selasphorus spp.","3673_ANHU","Non-Selasphorus",2009-04-01
"4332","4/2/1996","Died","Lindsey","Yes","ANHU","Female-like ","adult-like",1,"Spring","caught by domestic animal","Non-selasphorus spp.","1007_ANHU","Non-Selasphorus",1996-04-02
"4333","7/22/2014","Died","Lindsey","No","ANHU","Female-like ","adult-like",0,"Summer","found on the ground","Non-selasphorus spp.","5090_ANHU","Non-Selasphorus",2014-07-22
"4334","3/9/1996","Died","Lindsey","No","ANHU","Female-like ","adult-like",0,"Spring","window hit","Non-selasphorus spp.","974_ANHU","Non-Selasphorus",1996-03-09
"4335","11/5/1994","Died","Lindsey","No","ANHU","Female-like ","adult-like",0,"Fall","found on the ground","Non-selasphorus spp.","731_ANHU","Non-Selasphorus",1994-11-05
"4336","4/3/2016","Released","malibu","No","Selasphorus","unknown","Nestling",0,"Spring","nest-related","Selasphorus spp.","6721_ALHU","Selasphorus",2016-04-03
"4337","8/27/1991","Died","Lindsey","No","BCHU","Female-like ","adult-like",0,"Summer","found on the ground","Non-selasphorus spp.","174_BCHU","Non-Selasphorus",1991-08-27
"4338","6/24/2000","Released","Lindsey","No","Non-selasphorus","unknown","Nestling",0,"Summer","found on the ground","Non-selasphorus spp.","1871_ANHU","Selasphorus",2000-06-24
"4339","2/24/2013","Released","malibu","No","Non-selasphorus","unknown","Nestling",1,"Winter","nest-related","Non-selasphorus spp.","5746_ANHU","Selasphorus",2013-02-24
"4340","7/18/1994","Died","Lindsey","No","ANHU","Female-like ","adult-like",0,"Summer","window hit","Non-selasphorus spp.","711_ANHU","Non-Selasphorus",1994-07-18
"4341","3/16/1993","Released","Lindsey","No","ANHU","Female-like ","adult-like",0,"Spring","found on the ground","Non-selasphorus spp.","398_ANHU","Non-Selasphorus",1993-03-16
"4342","4/9/2002","Died","Lindsey","No","ANHU","Female-like ","adult-like",0,"Spring","unknown","Non-selasphorus spp.","2205_ANHU","Non-Selasphorus",2002-04-09
"4343","5/18/2005","Released","Lindsey","Yes","Non-selasphorus","unknown","Nestling",1,"Spring","nest-related","Non-selasphorus spp.","2883_ANHU","Selasphorus",2005-05-18
"4344","10/20/2013","Died","Lindsey","No","ANHU","Female-like ","adult-like",0,"Fall","found on the ground","Non-selasphorus spp.","4820_ANHU","Non-Selasphorus",2013-10-20
"4345","2/9/2008","Died","Lindsey","No","ANHU","Female-like ","adult-like",0,"Winter","found on the ground","Non-selasphorus spp.","3412_ANHU","Non-Selasphorus",2008-02-09
"4346","3/17/2016","Died","malibu","No","ANHU","Female-like ","adult-like",1,"Spring","unknown","Non-selasphorus spp.","6642_ANHU","Non-Selasphorus",2016-03-17
"4347","3/28/1997","Died","Lindsey","Yes","ANHU","Female-like ","adult-like",1,"Spring","found on the ground","Non-selasphorus spp.","1195_ANHU","Non-Selasphorus",1997-03-28
"4348","6/24/1999","Released","Lindsey","No","Selasphorus","unknown","Nestling",0,"Summer","nest-related","Selasphorus spp.","1675_ALHU","Selasphorus",1999-06-24
"4349","7/23/1992","Died","Lindsey","No","ANHU","Female-like ","adult-like",0,"Summer","caught by domestic animal","Non-selasphorus spp.","346_ANHU","Non-Selasphorus",1992-07-23
"4350","4/26/1994","Died","Lindsey","Yes","ANHU","Female-like ","adult-like",1,"Spring","caught by domestic animal","Non-selasphorus spp.","630_ANHU","Non-Selasphorus",1994-04-26
"4351","6/30/2004","Died","Lindsey","No","ANHU","Female-like ","adult-like",0,"Summer","caught by domestic animal","Non-selasphorus spp.","2736_ANHU","Non-Selasphorus",2004-06-30
"4352","6/26/2013","Died","malibu","Yes","Selasphorus","Female-like ","adult-like",2,"Summer","found on the ground","Selasphorus spp.","5864_ALHU","Selasphorus",2013-06-26
"4353","3/23/1999","Died","Lindsey","Yes","ANHU","Female-like ","adult-like",0,"Spring","found on the ground","Non-selasphorus spp.","1562_ANHU","Non-Selasphorus",1999-03-23
"4354","2/4/2010","Died","Lindsey","No","ANHU","Male","adult-like",0,"Winter","window hit","Non-selasphorus spp.","3855_ANHU","Non-Selasphorus",2010-02-04
"4355","6/15/2006","Released","Lindsey","Yes","Non-selasphorus","unknown","Nestling",0,"Summer","found on the ground","Non-selasphorus spp.","3111_ANHU","Selasphorus",2006-06-15
"4356","4/1/2010","Released","Lindsey","No","Non-selasphorus","unknown","Nestling",0,"Spring","found on the ground","Non-selasphorus spp.","3897_ANHU","Selasphorus",2010-04-01
"4357","12/13/1995","Released","Lindsey","Yes","ANHU","Female-like ","adult-like",0,"Winter","unknown","Non-selasphorus spp.","937_ANHU","Non-Selasphorus",1995-12-13
"4358","4/1/2016","Released","Lindsey","Yes","Non-selasphorus","unknown","Nestling",0,"Spring","nest-related","Non-selasphorus spp.","5557_ANHU","Selasphorus",2016-04-01
"4359","3/8/2010","Died","Lindsey","Yes","ANHU","Female-like ","adult-like",0,"Spring","found on the ground","Non-selasphorus spp.","3883_ANHU","Non-Selasphorus",2010-03-08
"4360","3/10/1991","Died","Lindsey","No","ANHU","Female-like ","adult-like",0,"Spring","unknown","Non-selasphorus spp.","26_ANHU","Non-Selasphorus",1991-03-10
"4361","2/26/1999","Died","Lindsey","No","ANHU","Female-like ","adult-like",0,"Winter","found on the ground","Non-selasphorus spp.","1543_ANHU","Non-Selasphorus",1999-02-26
"4362","5/7/2012","Released","Lindsey","No","Non-selasphorus","unknown","Nestling",0,"Spring","found on the ground","Non-selasphorus spp.","4460_ANHU","Selasphorus",2012-05-07
"4363","5/6/2016","Died","malibu","No","ANHU","Female-like ","adult-like",0,"Spring","unknown","Non-selasphorus spp.","6703_ANHU","Non-Selasphorus",2016-05-06
"4364","4/5/2014","Died","Lindsey","No","ANHU","Male","adult-like",1,"Spring","found on the ground","Non-selasphorus spp.","4938_ANHU","Non-Selasphorus",2014-04-05
"4365","10/16/1995","Died","Lindsey","No","ANHU","Female-like ","adult-like",0,"Fall","caught by domestic animal","Non-selasphorus spp.","930_ANHU","Non-Selasphorus",1995-10-16
"4366","7/24/2013","Died","Lindsey","No","ANHU","Male","adult-like",0,"Summer","found on the ground","Non-selasphorus spp.","4796_ANHU","Non-Selasphorus",2013-07-24
"4367","5/25/2000","Released","Lindsey","Yes","Selasphorus","Female-like ","adult-like",0,"Spring","caught by domestic animal","Selasphorus spp.","1834_ALHU","Selasphorus",2000-05-25
"4368","2/17/2015","Died","Lindsey","No","ANHU","Male","adult-like",0,"Winter","found on the ground","Non-selasphorus spp.","5183_ANHU","Non-Selasphorus",2015-02-17
"4369","5/31/2007","Died","Lindsey","No","ANHU","Female-like ","adult-like",28,"Spring","window hit","Non-selasphorus spp.","3302_ANHU","Non-Selasphorus",2007-05-31
"4370","12/19/2000","Died","Lindsey","No","ANHU","Female-like ","adult-like",0,"Winter","found on the ground","Non-selasphorus spp.","1934_ANHU","Non-Selasphorus",2000-12-19
"4371","4/29/2006","Died","Lindsey","No","ANHU","Female-like ","adult-like",0,"Spring","found on the ground","Non-selasphorus spp.","3078_ANHU","Non-Selasphorus",2006-04-29
"4372","5/17/2002","Died","Lindsey","Yes","ANHU","Female-like ","adult-like",1,"Spring","found on the ground","Non-selasphorus spp.","2244_ANHU","Non-Selasphorus",2002-05-17
"4373","6/7/2005","Released","Lindsey","Yes","ANHU","Female-like ","adult-like",0,"Summer","found on the ground","Non-selasphorus spp.","2910_ANHU","Non-Selasphorus",2005-06-07
"4374","7/11/2002","Released","Lindsey","No","Selasphorus","Female-like ","adult-like",0,"Summer","found on the ground","Selasphorus spp.","2310_ALHU","Selasphorus",2002-07-11
"4375","7/29/1992","Died","Lindsey","No","Non-selasphorus","unknown","Nestling",0,"Summer","found on the ground","Non-selasphorus spp.","351_ANHU","Selasphorus",1992-07-29
"4376","11/29/2015","Died","Lindsey","No","ANHU","Female-like ","adult-like",0,"Fall","found on the ground","Non-selasphorus spp.","5456_ANHU","Non-Selasphorus",2015-11-29
"4377","5/8/2014","Died","Lindsey","No","ANHU","Female-like ","adult-like",0,"Spring","unknown","Non-selasphorus spp.","4990_ANHU","Non-Selasphorus",2014-05-08
"4378","2/20/2013","Died","Lindsey","No","ANHU","Female-like ","adult-like",0,"Winter","unknown","Non-selasphorus spp.","4610_ANHU","Non-Selasphorus",2013-02-20
"4379","6/24/1996","Released","Lindsey","No","Non-selasphorus","unknown","Nestling",0,"Summer","unknown","Non-selasphorus spp.","1085_BCHU","Selasphorus",1996-06-24
"4380","4/9/1994","Released","Lindsey","Yes","ANHU","Female-like ","adult-like",5,"Spring","found on the ground","Non-selasphorus spp.","606_ANHU","Non-Selasphorus",1994-04-09
"4381","11/3/2012","Died","Lindsey","No","ANHU","Male","adult-like",0,"Fall","window hit","Non-selasphorus spp.","4578_ANHU","Non-Selasphorus",2012-11-03
"4382","4/25/1992","Died","Lindsey","No","ANHU","Female-like ","adult-like",0,"Spring","unknown","Non-selasphorus spp.","265_ANHU","Non-Selasphorus",1992-04-25
"4383","6/23/2005","Released","Lindsey","No","Non-selasphorus","unknown","Nestling",0,"Summer","found on the ground","Non-selasphorus spp.","2929_ANHU","Selasphorus",2005-06-23
"4384","8/3/2010","Died","Lindsey","No","Selasphorus","Male","adult-like",0,"Summer","unknown","Selasphorus spp.","4042_RUHU","Selasphorus",2010-08-03
"4385","1/11/1994","Died","Lindsey","No","ANHU","Female-like ","adult-like",0,"Winter","caught by domestic animal","Non-selasphorus spp.","564_ANHU","Non-Selasphorus",1994-01-11
"4386","7/14/1993","Died","Lindsey","Yes","ANHU","Female-like ","adult-like",0,"Summer","caught by domestic animal","Non-selasphorus spp.","524_ANHU","Non-Selasphorus",1993-07-14
"4387","6/24/1994","Died","Lindsey","No","ANHU","Female-like ","adult-like",0,"Summer","found on the ground","Non-selasphorus spp.","684_ANHU","Non-Selasphorus",1994-06-24
"4388","12/26/2007","Died","Lindsey","Yes","ANHU","Female-like ","adult-like",1,"Winter","found on the ground","Non-selasphorus spp.","3396_ANHU","Non-Selasphorus",2007-12-26
"4389","3/22/2014","Released","malibu","No","Selasphorus","unknown","Nestling",0,"Spring","found on the ground","Selasphorus spp.","6193_ALHU","Selasphorus",2014-03-22
"4390","3/27/2009","Died","Lindsey","No","ANHU","Male","adult-like",0,"Spring","found on the ground","Non-selasphorus spp.","3663_ANHU","Non-Selasphorus",2009-03-27
"4391","6/15/2013","Released","malibu","No","Selasphorus","Female-like ","adult-like",0,"Summer","unknown","Selasphorus spp.","5979_ALHU","Selasphorus",2013-06-15
"4392","1/8/2007","Died","Lindsey","No","ANHU","Female-like ","adult-like",0,"Winter","window hit","Non-selasphorus spp.","3189_ANHU","Non-Selasphorus",2007-01-08
"4393","1/11/2009","Released","Lindsey","No","ANHU","Male","adult-like",0,"Winter","found inside","Non-selasphorus spp.","3599_ANHU","Non-Selasphorus",2009-01-11
"4394","11/25/2001","Died","Lindsey","No","ANHU","Female-like ","adult-like",0,"Fall","window hit","Non-selasphorus spp.","2134_ANHU","Non-Selasphorus",2001-11-25
"4395","4/21/1998","Died","Lindsey","No","ANHU","Female-like ","adult-like",0,"Spring","caught by domestic animal","Non-selasphorus spp.","1394_ANHU","Non-Selasphorus",1998-04-21
"4396","7/31/2011","Died","Lindsey","No","ANHU","Male","adult-like",0,"Summer","suspect torpor-like state","Non-selasphorus spp.","4286_ANHU","Non-Selasphorus",2011-07-31
"4397","4/5/2002","Died","Lindsey","Yes","Non-selasphorus","unknown","Nestling",0,"Spring","found on the ground","Non-selasphorus spp.","2199_ANHU","Selasphorus",2002-04-05
"4398","2/19/2010","Died","Lindsey","No","ANHU","Male","adult-like",0,"Winter","found on the ground","Non-selasphorus spp.","3867_ANHU","Non-Selasphorus",2010-02-19
"4399","3/10/2014","Died","Lindsey","No","ANHU","Female-like ","adult-like",0,"Spring","found on the ground","Non-selasphorus spp.","4891_ANHU","Non-Selasphorus",2014-03-10
"4400","4/1/2011","Died","Lindsey","No","ANHU","Female-like ","adult-like",0,"Spring","found on the ground","Non-selasphorus spp.","4146_ANHU","Non-Selasphorus",2011-04-01
"4401","5/9/2013","Released","Lindsey","No","Non-selasphorus","unknown","Nestling",0,"Spring","found on the ground","Non-selasphorus spp.","4721_ANHU","Selasphorus",2013-05-09
"4402","2/26/2002","Died","Lindsey","Yes","ANHU","Female-like ","adult-like",0,"Winter","caught by domestic animal","Non-selasphorus spp.","2165_ANHU","Non-Selasphorus",2002-02-26
"4403","4/10/2010","Died","Lindsey","No","ANHU","Female-like ","adult-like",0,"Spring","found on the ground","Non-selasphorus spp.","3911_ANHU","Non-Selasphorus",2010-04-10
"4404","7/14/2010","Died","Lindsey","No","Selasphorus","Female-like ","adult-like",1,"Summer","found on the ground","Selasphorus spp.","4022_ALHU","Selasphorus",2010-07-14
"4405","5/26/1999","Died","Lindsey","No","ANHU","Female-like ","adult-like",0,"Spring","caught by domestic animal","Non-selasphorus spp.","1640_ANHU","Non-Selasphorus",1999-05-26
"4406","4/5/2015","Died","malibu","Yes","Selasphorus","Female-like ","adult-like",1,"Spring","unknown","Selasphorus spp.","6381_ALHU","Selasphorus",2015-04-05
"4407","4/26/1999","Died","Lindsey","Yes","ANHU","Female-like ","adult-like",0,"Spring","caught by domestic animal","Non-selasphorus spp.","1607_ANHU","Non-Selasphorus",1999-04-26
"4408","6/12/2005","Released","Lindsey","No","Non-selasphorus","unknown","Nestling",0,"Summer","nest-related","Non-selasphorus spp.","2915_ANHU","Selasphorus",2005-06-12
"4409","2/10/2008","Died","Lindsey","No","ANHU","Male","adult-like",0,"Winter","found on the ground","Non-selasphorus spp.","3415_ANHU","Non-Selasphorus",2008-02-10
"4410","3/14/2013","Died","Lindsey","No","ANHU","Female-like ","adult-like",0,"Spring","found inside","Non-selasphorus spp.","4642_ANHU","Non-Selasphorus",2013-03-14
"4411","3/16/2006","Died","Lindsey","Yes","ANHU","Female-like ","adult-like",1,"Spring","found on the ground","Non-selasphorus spp.","3027_ANHU","Non-Selasphorus",2006-03-16
"4412","9/19/1991","Died","Lindsey","No","ANHU","Female-like ","adult-like",0,"Fall","caught by domestic animal","Non-selasphorus spp.","178_ANHU","Non-Selasphorus",1991-09-19
"4413","5/3/2014","Died","Lindsey","Yes","ANHU","Female-like ","adult-like",0,"Spring","caught by domestic animal","Non-selasphorus spp.","4983_ANHU","Non-Selasphorus",2014-05-03
"4414","5/10/2015","Released","Lindsey","No","Non-selasphorus","unknown","Nestling",0,"Spring","found on the ground","Non-selasphorus spp.","5312_ANHU","Selasphorus",2015-05-10
"4415","11/30/1996","Died","Lindsey","No","ANHU","Female-like ","adult-like",0,"Fall","caught by domestic animal","Non-selasphorus spp.","1138_ANHU","Non-Selasphorus",1996-11-30
"4416","4/19/2010","Released","Lindsey","Yes","Non-selasphorus","unknown","Nestling",0,"Spring","found on the ground","Non-selasphorus spp.","3923_ANHU","Selasphorus",2010-04-19
"4417","4/11/2002","Released","Lindsey","Yes","ANHU","Female-like ","adult-like",1,"Spring","found on the ground","Non-selasphorus spp.","2212_ANHU","Non-Selasphorus",2002-04-11
"4418","4/9/1993","Released","Lindsey","No","ANHU","Female-like ","adult-like",0,"Spring","found on the ground","Non-selasphorus spp.","429_ANHU","Non-Selasphorus",1993-04-09
"4419","3/27/1999","Died","Lindsey","Yes","ANHU","Female-like ","adult-like",0,"Spring","found on the ground","Non-selasphorus spp.","1568_ANHU","Non-Selasphorus",1999-03-27
"4420","4/18/2000","Released","Lindsey","No","ANHU","Female-like ","adult-like",0,"Spring","found on the ground","Non-selasphorus spp.","1801_ANHU","Non-Selasphorus",2000-04-18
"4421","7/14/1995","Released","Lindsey","No","ANHU","Female-like ","adult-like",0,"Summer","window hit","Non-selasphorus spp.","898_ANHU","Non-Selasphorus",1995-07-14
"4422","9/11/2011","Released","Lindsey","No","ANHU","Male","adult-like",0,"Fall","window hit","Non-selasphorus spp.","4306_ANHU","Non-Selasphorus",2011-09-11
"4423","5/17/1994","Died","Lindsey","Yes","ANHU","Female-like ","adult-like",0,"Spring","caught by domestic animal","Non-selasphorus spp.","643_ANHU","Non-Selasphorus",1994-05-17
"4424","12/16/1992","Died","Lindsey","No","ANHU","Female-like ","adult-like",0,"Winter","found inside","Non-selasphorus spp.","369_ANHU","Non-Selasphorus",1992-12-16
"4425","3/21/2010","Died","Lindsey","Yes","ANHU","Female-like ","adult-like",0,"Spring","found on the ground","Non-selasphorus spp.","3889_ANHU","Non-Selasphorus",2010-03-21
"4426","4/18/2015","Died","Lindsey","No","ANHU","Female-like ","adult-like",1,"Spring","caught by domestic animal","Non-selasphorus spp.","5279_ANHU","Non-Selasphorus",2015-04-18
"4427","3/22/1993","Released","Lindsey","No","Non-selasphorus","unknown","Nestling",0,"Spring","found on the ground","Non-selasphorus spp.","407_ANHU","Selasphorus",1993-03-22
"4428","6/1/2011","Died","Lindsey","No","ANHU","Female-like ","adult-like",0,"Summer","found on the ground","Non-selasphorus spp.","4231_ANHU","Non-Selasphorus",2011-06-01
"4429","3/5/2002","Died","Lindsey","Yes","ANHU","Female-like ","adult-like",0,"Spring","found on the ground","Non-selasphorus spp.","2167_ANHU","Non-Selasphorus",2002-03-05
"4430","7/3/2002","Released","Lindsey","Yes","Non-selasphorus","unknown","Nestling",0,"Summer","nest-related","Non-selasphorus spp.","2300_ANHU","Selasphorus",2002-07-03
"4431","4/28/2007","Died","Lindsey","No","ANHU","Female-like ","adult-like",0,"Spring","found on the ground","Non-selasphorus spp.","3272_ANHU","Non-Selasphorus",2007-04-28
"4432","11/25/2006","Died","Lindsey","No","ANHU","Female-like ","adult-like",0,"Fall","found on the ground","Non-selasphorus spp.","3173_ANHU","Non-Selasphorus",2006-11-25
"4433","2/20/2010","Died","Lindsey","No","ANHU","Female-like ","adult-like",0,"Winter","caught by domestic animal","Non-selasphorus spp.","3868_ANHU","Non-Selasphorus",2010-02-20
"4434","4/30/2014","Died","Lindsey","No","ANHU","Male","adult-like",0,"Spring","found on the ground","Non-selasphorus spp.","4979_ANHU","Non-Selasphorus",2014-04-30
"4435","11/27/2011","Died","Lindsey","No","ANHU","Male","adult-like",0,"Fall","suspect torpor-like state","Non-selasphorus spp.","4327_ANHU","Non-Selasphorus",2011-11-27
"4436","4/8/2012","Died","Lindsey","No","Selasphorus","Female-like ","adult-like",0,"Spring","suspect torpor-like state","Selasphorus spp.","4420_RUHU","Selasphorus",2012-04-08
"4437","4/12/1998","Died","Lindsey","No","Non-selasphorus","unknown","Nestling",0,"Spring","nest-related","Non-selasphorus spp.","1376_ANHU","Selasphorus",1998-04-12
"4438","7/12/1993","Released","Lindsey","No","Selasphorus","unknown","Nestling",0,"Summer","nest-related","Selasphorus spp.","518_ALHU","Selasphorus",1993-07-12
"4439","11/10/2012","Died","Lindsey","No","ANHU","Male","adult-like",0,"Fall","found on the ground","Non-selasphorus spp.","4579_ANHU","Non-Selasphorus",2012-11-10
"4440","8/12/2015","Released","Lindsey","No","Selasphorus","Female-like ","adult-like",1,"Summer","found on the ground","Selasphorus spp.","5432_ALHU","Selasphorus",2015-08-12
"4441","3/4/2011","Released","Lindsey","No","ANHU","Female-like ","adult-like",0,"Spring","found on the ground","Non-selasphorus spp.","4111_ANHU","Non-Selasphorus",2011-03-04
"4442","4/28/2014","Released","Lindsey","Yes","Non-selasphorus","unknown","Nestling",5,"Spring","found on the ground","Non-selasphorus spp.","4976_ANHU","Selasphorus",2014-04-28
"4443","12/31/2015","Released","malibu","No","Non-selasphorus","unknown","Nestling",289,"Winter","unknown","Non-selasphorus spp.","6559_ANHU","Selasphorus",2015-12-31
"4444","6/5/2015","Died","Lindsey","No","ANHU","Female-like ","adult-like",0,"Summer","found on the ground","Non-selasphorus spp.","5360_ANHU","Non-Selasphorus",2015-06-05
"4445","4/16/2013","Released","malibu","No","ANHU","Female-like ","adult-like",0,"Spring","unknown","Non-selasphorus spp.","5778_ANHU","Non-Selasphorus",2013-04-16
"4446","5/10/2008","Died","Lindsey","No","ANHU","Female-like ","adult-like",0,"Spring","found inside","Non-selasphorus spp.","3495_ANHU","Non-Selasphorus",2008-05-10
"4447","4/24/1993","Released","Lindsey","No","Non-selasphorus","unknown","Nestling",0,"Spring","nest-related","Non-selasphorus spp.","450_ANHU","Selasphorus",1993-04-24
"4448","5/9/2012","Died","Lindsey","No","ANHU","Female-like ","adult-like",0,"Spring","unknown","Non-selasphorus spp.","4464_ANHU","Non-Selasphorus",2012-05-09
"4449","2/17/2003","Died","Lindsey","No","Non-selasphorus","unknown","Nestling",0,"Winter","nest-related","Non-selasphorus spp.","2386_ANHU","Selasphorus",2003-02-17
"4450","6/22/1999","Died","Lindsey","No","Non-selasphorus","unknown","Nestling",0,"Summer","nest-related","Non-selasphorus spp.","1667_BCHU","Selasphorus",1999-06-22
"4451","5/5/2010","Released","Lindsey","No","ANHU","Female-like ","adult-like",1,"Spring","found on the ground","Non-selasphorus spp.","3944_ANHU","Non-Selasphorus",2010-05-05
"4452","7/15/2005","Released","Lindsey","Yes","Non-selasphorus","unknown","Nestling",1,"Summer","nest-related","Non-selasphorus spp.","2961_ANHU","Selasphorus",2005-07-15
"4453","1/31/2002","Died","Lindsey","No","ANHU","Female-like ","adult-like",0,"Winter","found on the ground","Non-selasphorus spp.","2149_ANHU","Non-Selasphorus",2002-01-31
"4454","3/7/1996","Died","Lindsey","No","ANHU","Female-like ","adult-like",0,"Spring","window hit","Non-selasphorus spp.","973_ANHU","Non-Selasphorus",1996-03-07
"4455","5/5/2015","Died","Lindsey","No","ANHU","Male","adult-like",0,"Spring","found on the ground","Non-selasphorus spp.","5307_ANHU","Non-Selasphorus",2015-05-05
"4456","6/23/2006","Released","Lindsey","No","Non-selasphorus","unknown","Nestling",0,"Summer","found on the ground","Non-selasphorus spp.","3124_ANHU","Selasphorus",2006-06-23
"4457","6/16/2013","Died","malibu","No","ANHU","Female-like ","adult-like",0,"Summer","unknown","Non-selasphorus spp.","5857_ANHU","Non-Selasphorus",2013-06-16
"4458","4/12/1991","Released","Lindsey","No","BCHU","Female-like ","adult-like",0,"Spring","window hit","Non-selasphorus spp.","66_BCHU","Non-Selasphorus",1991-04-12
"4459","8/15/1999","Released","Lindsey","No","Selasphorus","Female-like ","adult-like",0,"Summer","caught by domestic animal","Selasphorus spp.","1703_ALHU","Selasphorus",1999-08-15
"4460","4/9/2016","Died","malibu","No","Selasphorus","Female-like ","adult-like",0,"Spring","found on the ground","Selasphorus spp.","6671_ALHU","Selasphorus",2016-04-09
"4461","6/26/2006","Died","Lindsey","No","ANHU","Female-like ","adult-like",0,"Summer","found on the ground","Non-selasphorus spp.","3127_ANHU","Non-Selasphorus",2006-06-26
"4462","4/2/2016","Died","Lindsey","Yes","ANHU","Female-like ","adult-like",0,"Spring","window hit","Non-selasphorus spp.","5561_ANHU","Non-Selasphorus",2016-04-02
"4463","5/11/2014","Released","malibu","No","Selasphorus","Female-like ","adult-like",0,"Spring","unknown","Selasphorus spp.","6223_ALHU","Selasphorus",2014-05-11
"4464","11/18/2012","Died","Lindsey","No","ANHU","Male","adult-like",0,"Fall","caught by domestic animal","Non-selasphorus spp.","4582_ANHU","Non-Selasphorus",2012-11-18
"4465","10/17/2004","Died","Lindsey","No","ANHU","Female-like ","adult-like",0,"Fall","suspect torpor-like state","Non-selasphorus spp.","2774_ANHU","Non-Selasphorus",2004-10-17
"4466","1/29/2012","Died","Lindsey","No","ANHU","Male","adult-like",0,"Winter","found on the ground","Non-selasphorus spp.","4351_ANHU","Non-Selasphorus",2012-01-29
"4467","6/18/2010","Died","Lindsey","Yes","ANHU","Male","adult-like",1,"Summer","found on the ground","Non-selasphorus spp.","3993_ANHU","Non-Selasphorus",2010-06-18
"4468","3/23/2016","Released","malibu","No","Selasphorus","unknown","Nestling",0,"Spring","nest-related","Selasphorus spp.","6731_ALHU","Selasphorus",2016-03-23
"4469","5/7/1998","Died","Lindsey","Yes","ANHU","Female-like ","adult-like",0,"Spring","found on the ground","Non-selasphorus spp.","1407_ANHU","Non-Selasphorus",1998-05-07
"4470","5/22/2016","Died","Santa Barbara","No","Non-selasphorus","unknown","Nestling",0,"Spring","caught by domestic animal","Non-selasphorus spp.","6877_ANHU","Selasphorus",2016-05-22
"4471","11/20/2007","Died","Lindsey","Yes","ANHU","Female-like ","adult-like",0,"Fall","suspect torpor-like state","Non-selasphorus spp.","3385_ANHU","Non-Selasphorus",2007-11-20
"4472","6/13/2014","Released","malibu","Yes","Selasphorus","Female-like ","adult-like",1,"Summer","unknown","Selasphorus spp.","6136_ALHU","Selasphorus",2014-06-13
"4473","1/31/2006","Died","Lindsey","No","ANHU","Female-like ","adult-like",0,"Winter","found on the ground","Non-selasphorus spp.","2995_ANHU","Non-Selasphorus",2006-01-31
"4474","2/22/2014","Died","Lindsey","Yes","ANHU","Female-like ","adult-like",2,"Winter","found on the ground","Non-selasphorus spp.","4881_ANHU","Non-Selasphorus",2014-02-22
"4475","4/21/2015","Died","malibu","No","Selasphorus","Female-like ","adult-like",0,"Spring","unknown","Selasphorus spp.","6397_ALHU","Selasphorus",2015-04-21
"4476","1/7/2015","Died","Lindsey","Yes","ANHU","Male","adult-like",0,"Winter","window hit","Non-selasphorus spp.","5146_ANHU","Non-Selasphorus",2015-01-07
"4477","9/21/2001","Died","Lindsey","No","ANHU","Female-like ","adult-like",0,"Fall","caught by domestic animal","Non-selasphorus spp.","2123_ANHU","Non-Selasphorus",2001-09-21
"4478","12/16/2014","Released","Lindsey","Yes","ANHU","Female-like ","adult-like",0,"Winter","found inside","Non-selasphorus spp.","5141_ANHU","Non-Selasphorus",2014-12-16
"4479","11/7/2011","Died","Lindsey","No","ANHU","Female-like ","adult-like",1,"Fall","unknown","Non-selasphorus spp.","4322_ANHU","Non-Selasphorus",2011-11-07
"4480","4/12/1995","Died","Lindsey","Yes","Selasphorus","Female-like ","adult-like",1,"Spring","found on the ground","Selasphorus spp.","813_ALHU","Selasphorus",1995-04-12
"4481","4/28/2003","Died","Lindsey","Yes","ANHU","Female-like ","adult-like",0,"Spring","found on the ground","Non-selasphorus spp.","2464_ANHU","Non-Selasphorus",2003-04-28
"4482","3/11/2001","Died","Lindsey","No","Non-selasphorus","unknown","Nestling",0,"Spring","nest-related","Non-selasphorus spp.","1979_ANHU","Selasphorus",2001-03-11
"4483","5/5/2011","Died","Lindsey","No","ANHU","Female-like ","adult-like",0,"Spring","found on the ground","Non-selasphorus spp.","4197_ANHU","Non-Selasphorus",2011-05-05
"4484","11/5/2000","Released","Lindsey","No","ANHU","Female-like ","adult-like",0,"Fall","found inside","Non-selasphorus spp.","1923_ANHU","Non-Selasphorus",2000-11-05
"4485","12/19/2007","Died","Lindsey","No","ANHU","Female-like ","adult-like",0,"Winter","found inside","Non-selasphorus spp.","3392_ANHU","Non-Selasphorus",2007-12-19
"4486","3/20/2000","Died","Lindsey","Yes","ANHU","Female-like ","adult-like",3,"Spring","found on the ground","Non-selasphorus spp.","1769_ANHU","Non-Selasphorus",2000-03-20
"4487","8/6/2016","Died","Santa Barbara","No","ANHU","Female-like ","adult-like",0,"Summer","window hit","Non-selasphorus spp.","6914_ANHU","Non-Selasphorus",2016-08-06
"4488","7/26/2014","Died","malibu","Yes","Selasphorus","Female-like ","adult-like",0,"Summer","caught by domestic animal","Selasphorus spp.","6171_ALHU","Selasphorus",2014-07-26
"4489","7/17/2016","Died","Santa Barbara","No","Selasphorus","Female-like ","adult-like",0,"Summer","caught by domestic animal","Selasphorus spp.","6908_ALHU","Selasphorus",2016-07-17
"4490","5/13/2013","Released","malibu","No","ANHU","Female-like ","adult-like",0,"Spring","unknown","Non-selasphorus spp.","5940_ANHU","Non-Selasphorus",2013-05-13
"4491","1/25/2004","Died","Lindsey","No","ANHU","Female-like ","adult-like",0,"Winter","window hit","Non-selasphorus spp.","2595_ANHU","Non-Selasphorus",2004-01-25
"4492","2/18/2013","Released","Lindsey","No","ANHU","Female-like ","adult-like",0,"Winter","found on the ground","Non-selasphorus spp.","4608_ANHU","Non-Selasphorus",2013-02-18
"4493","12/5/2014","Died","Lindsey","No","ANHU","Female-like ","adult-like",0,"Winter","found on the ground","Non-selasphorus spp.","5134_ANHU","Non-Selasphorus",2014-12-05
"4494","5/27/2003","Died","Lindsey","No","Non-selasphorus","unknown","Nestling",0,"Spring","nest-related","Non-selasphorus spp.","2497_ANHU","Selasphorus",2003-05-27
"4495","4/18/1992","Released","Lindsey","No","ANHU","Female-like ","adult-like",0,"Spring","nest-related","Non-selasphorus spp.","257_ANHU","Non-Selasphorus",1992-04-18
"4496","2/21/2015","Released","Lindsey","Yes","Non-selasphorus","unknown","Nestling",1,"Winter","found on the ground","Non-selasphorus spp.","5185_ANHU","Selasphorus",2015-02-21
"4497","8/10/2005","Died","Lindsey","No","ANHU","Female-like ","adult-like",0,"Summer","window hit","Non-selasphorus spp.","2965_ANHU","Non-Selasphorus",2005-08-10
"4498","3/18/1997","Died","Lindsey","No","ANHU","Female-like ","adult-like",0,"Spring","window hit","Non-selasphorus spp.","1183_ANHU","Non-Selasphorus",1997-03-18
"4499","5/20/1998","Died","Lindsey","No","ANHU","Female-like ","adult-like",0,"Spring","found on the ground","Non-selasphorus spp.","1421_ANHU","Non-Selasphorus",1998-05-20
"4500","4/9/1999","Released","Lindsey","No","Non-selasphorus","unknown","Nestling",0,"Spring","nest-related","Non-selasphorus spp.","1586_ANHU","Selasphorus",1999-04-09
"4501","7/17/2004","Died","Lindsey","Yes","ANHU","Female-like ","adult-like",1,"Summer","found on the ground","Non-selasphorus spp.","2748_ANHU","Non-Selasphorus",2004-07-17
"4502","3/15/2012","Died","Lindsey","Yes","ANHU","Female-like ","adult-like",0,"Spring","found on the ground","Non-selasphorus spp.","4388_ANHU","Non-Selasphorus",2012-03-15
"4503","6/22/2013","Died","Lindsey","No","ANHU","Female-like ","adult-like",0,"Summer","found on the ground","Non-selasphorus spp.","4772_ANHU","Non-Selasphorus",2013-06-22
"4504","5/1/2014","Released","Lindsey","Yes","Selasphorus","unknown","Nestling",0,"Spring","nest-related","Selasphorus spp.","4980_ALHU","Selasphorus",2014-05-01
"4505","6/11/2013","Died","Lindsey","No","Non-selasphorus","unknown","Nestling",1,"Summer","nest-related","Non-selasphorus spp.","4755_ANHU","Selasphorus",2013-06-11
"4506","3/13/2013","Died","malibu","No","Selasphorus","Male","adult-like",0,"Spring","unknown","Selasphorus spp.","5755_ALHU","Selasphorus",2013-03-13
"4507","7/7/2004","Died","Lindsey","No","ANHU","Female-like ","adult-like",0,"Summer","suspect torpor-like state","Non-selasphorus spp.","2741_ANHU","Non-Selasphorus",2004-07-07
"4508","5/16/2015","Died","Lindsey","No","Non-selasphorus","unknown","Nestling",2,"Spring","found on the ground","Non-selasphorus spp.","5320_ANHU","Selasphorus",2015-05-16
"4509","6/10/2016","Died","malibu","No","Selasphorus","Female-like ","adult-like",0,"Summer","unknown","Selasphorus spp.","6796_ALHU","Selasphorus",2016-06-10
"4510","5/20/2015","Died","malibu","Yes","ANHU","Female-like ","adult-like",1,"Spring","caught by domestic animal","Non-selasphorus spp.","6428_ANHU","Non-Selasphorus",2015-05-20
"4511","7/12/1993","Released","Lindsey","No","Selasphorus","unknown","Nestling",0,"Summer","nest-related","Selasphorus spp.","519_ALHU","Selasphorus",1993-07-12
"4512","2/22/2010","Died","Lindsey","No","Non-selasphorus","unknown","Nestling",0,"Winter","found on the ground","Non-selasphorus spp.","3869_ANHU","Selasphorus",2010-02-22
"4513","6/4/1994","Died","Lindsey","No","ANHU","Female-like ","adult-like",0,"Summer","caught by domestic animal","Non-selasphorus spp.","662_ANHU","Non-Selasphorus",1994-06-04
"4514","10/12/1999","Died","Lindsey","No","ANHU","Female-like ","adult-like",1,"Fall","found on the ground","Non-selasphorus spp.","1715_ANHU","Non-Selasphorus",1999-10-12
"4515","4/20/2011","Died","Lindsey","Yes","ANHU","Female-like ","adult-like",0,"Spring","unknown","Non-selasphorus spp.","4179_ANHU","Non-Selasphorus",2011-04-20
"4516","1/13/2010","Died","Lindsey","Yes","ANHU","Male","adult-like",1,"Winter","found on the ground","Non-selasphorus spp.","3846_ANHU","Non-Selasphorus",2010-01-13
"4517","3/31/2009","Died","Lindsey","No","Selasphorus","Female-like ","adult-like",0,"Spring","found inside","Selasphorus spp.","3671_ALHU","Selasphorus",2009-03-31
"4518","2/12/2007","Died","Lindsey","No","ANHU","Female-like ","adult-like",0,"Winter","found on the ground","Non-selasphorus spp.","3200_ANHU","Non-Selasphorus",2007-02-12
"4519","4/8/2011","Released","Lindsey","Yes","ANHU","Female-like ","adult-like",0,"Spring","unknown","Non-selasphorus spp.","4160_ANHU","Non-Selasphorus",2011-04-08
"4520","11/6/2011","Released","Lindsey","Yes","ANHU","Female-like ","adult-like",1,"Fall","caught by domestic animal","Non-selasphorus spp.","4321_ANHU","Non-Selasphorus",2011-11-06
"4521","2/18/2003","Released","Lindsey","No","Non-selasphorus","unknown","Nestling",1,"Winter","found on the ground","Non-selasphorus spp.","2387_ANHU","Selasphorus",2003-02-18
"4522","6/4/2013","Died","malibu","Yes","Selasphorus","Female-like ","adult-like",0,"Summer","unknown","Selasphorus spp.","5831_ALHU","Selasphorus",2013-06-04
"4523","11/30/2015","Died","Lindsey","No","ANHU","Female-like ","adult-like",1,"Fall","found inside","Non-selasphorus spp.","5457_ANHU","Non-Selasphorus",2015-11-30
"4524","10/18/1999","Died","Lindsey","No","ANHU","Female-like ","adult-like",0,"Fall","caught by domestic animal","Non-selasphorus spp.","1716_ANHU","Non-Selasphorus",1999-10-18
"4525","6/8/1999","Died","Lindsey","No","ANHU","Female-like ","adult-like",0,"Summer","caught by domestic animal","Non-selasphorus spp.","1647_ANHU","Non-Selasphorus",1999-06-08
"4526","1/30/2013","Died","malibu","No","ANHU","Female-like ","adult-like",0,"Winter","unknown","Non-selasphorus spp.","5733_ANHU","Non-Selasphorus",2013-01-30
"4527","3/11/2016","Released","malibu","No","Selasphorus","unknown","Nestling",0,"Spring","nest-related","Selasphorus spp.","6724_ALHU","Selasphorus",2016-03-11
"4528","4/1/2011","Released","Lindsey","Yes","ANHU","Male","adult-like",3,"Spring","found on the ground","Non-selasphorus spp.","4147_ANHU","Non-Selasphorus",2011-04-01
"4529","7/11/1994","Released","Lindsey","Yes","ANHU","Female-like ","adult-like",1,"Summer","found on the ground","Non-selasphorus spp.","701_ANHU","Non-Selasphorus",1994-07-11
"4530","1/25/2004","Died","Lindsey","No","ANHU","Female-like ","adult-like",1,"Winter","found on the ground","Non-selasphorus spp.","2594_ANHU","Non-Selasphorus",2004-01-25
"4531","6/11/1993","Died","Lindsey","No","ANHU","Female-like ","adult-like",0,"Summer","found on the ground","Non-selasphorus spp.","493_ANHU","Non-Selasphorus",1993-06-11
"4532","1/10/1999","Died","Lindsey","No","ANHU","Female-like ","adult-like",1,"Winter","found on the ground","Non-selasphorus spp.","1525_ANHU","Non-Selasphorus",1999-01-10
"4533","7/22/2003","Died","Lindsey","Yes","ANHU","Female-like ","adult-like",1,"Summer","window hit","Non-selasphorus spp.","2549_ANHU","Non-Selasphorus",2003-07-22
"4534","12/12/2013","Died","Lindsey","No","ANHU","Female-like ","adult-like",1,"Winter","found on the ground","Non-selasphorus spp.","4845_ANHU","Non-Selasphorus",2013-12-12
"4535","10/4/2016","Died","Lindsey","Yes","ANHU","Female-like ","adult-like",1,"Fall","found on the ground","Non-selasphorus spp.","5717_ANHU","Non-Selasphorus",2016-10-04
"4536","4/27/2008","Died","Lindsey","No","ANHU","Male","adult-like",0,"Spring","suspect torpor-like state","Non-selasphorus spp.","3484_ANHU","Non-Selasphorus",2008-04-27
"4537","4/23/2008","Released","Lindsey","No","Non-selasphorus","unknown","Nestling",0,"Spring","unknown","Non-selasphorus spp.","3480_ANHU","Selasphorus",2008-04-23
"4538","5/28/2014","Released","Lindsey","No","ANHU","Female-like ","adult-like",0,"Spring","nest-related","Non-selasphorus spp.","5019_ANHU","Non-Selasphorus",2014-05-28
"4539","4/4/1995","Released","Lindsey","No","ANHU","Female-like ","adult-like",0,"Spring","window hit","Non-selasphorus spp.","806_ANHU","Non-Selasphorus",1995-04-04
"4540","5/12/2005","Died","Lindsey","Yes","ANHU","Female-like ","adult-like",0,"Spring","window hit","Non-selasphorus spp.","2877_ANHU","Non-Selasphorus",2005-05-12
"4541","5/31/2016","Died","malibu","Yes","Selasphorus","Female-like ","adult-like",0,"Spring","found on the ground","Selasphorus spp.","6740_ALHU","Selasphorus",2016-05-31
"4542","6/22/1999","Released","Lindsey","No","Non-selasphorus","unknown","Nestling",0,"Summer","found on the ground","Non-selasphorus spp.","1666_ANHU","Selasphorus",1999-06-22
"4543","12/12/2015","Died","Lindsey","No","ANHU","Female-like ","adult-like",0,"Winter","caught by domestic animal","Non-selasphorus spp.","5459_ANHU","Non-Selasphorus",2015-12-12
"4544","7/9/2003","Released","Lindsey","No","ANHU","Female-like ","adult-like",0,"Summer","found on the ground","Non-selasphorus spp.","2539_ANHU","Non-Selasphorus",2003-07-09
"4545","4/7/2011","Released","Lindsey","No","ANHU","Female-like ","adult-like",0,"Spring","caught by domestic animal","Non-selasphorus spp.","4156_ANHU","Non-Selasphorus",2011-04-07
"4546","6/16/2014","Released","malibu","No","ANHU","Female-like ","adult-like",0,"Summer","nest-related","Non-selasphorus spp.","6138_ANHU","Non-Selasphorus",2014-06-16
"4547","12/22/2015","Died","Lindsey","No","ANHU","Male","adult-like",0,"Winter","window hit","Non-selasphorus spp.","5462_ANHU","Non-Selasphorus",2015-12-22
"4548","5/27/2016","Released","Lindsey","No","ANHU","Female-like ","adult-like",0,"Spring","found on the ground","Non-selasphorus spp.","5620_ANHU","Non-Selasphorus",2016-05-27
"4549","9/2/1992","Died","Lindsey","Yes","ANHU","Female-like ","adult-like",3,"Fall","window hit","Non-selasphorus spp.","360_ANHU","Non-Selasphorus",1992-09-02
"4550","3/26/1992","Died","Lindsey","No","ANHU","Female-like ","adult-like",1,"Spring","unknown","Non-selasphorus spp.","229_ANHU","Non-Selasphorus",1992-03-26
"4551","7/28/2013","Died","malibu","Yes","Selasphorus","Female-like ","adult-like",0,"Summer","caught by domestic animal","Selasphorus spp.","5884_ALHU","Selasphorus",2013-07-28
"4552","7/12/2013","Released","malibu","No","ANHU","Female-like ","adult-like",0,"Summer","unknown","Non-selasphorus spp.","6017_ANHU","Non-Selasphorus",2013-07-12
"4553","7/30/2015","Died","Lindsey","No","ANHU","Female-like ","adult-like",0,"Summer","window hit","Non-selasphorus spp.","5422_ANHU","Non-Selasphorus",2015-07-30
"4554","7/6/2001","Released","Lindsey","Yes","ANHU","Female-like ","adult-like",0,"Summer","found inside","Non-selasphorus spp.","2089_ANHU","Non-Selasphorus",2001-07-06
"4555","5/26/1994","Released","Lindsey","Yes","Selasphorus","unknown","Nestling",1,"Spring","unknown","Selasphorus spp.","649_RUHU","Selasphorus",1994-05-26
"4556","7/15/1995","Died","Lindsey","No","Non-selasphorus","unknown","Nestling",0,"Summer","found on the ground","Non-selasphorus spp.","899_ANHU","Selasphorus",1995-07-15
"4557","6/14/2013","Died","malibu","Yes","ANHU","Female-like ","adult-like",0,"Summer","found on the ground","Non-selasphorus spp.","5854_ANHU","Non-Selasphorus",2013-06-14
"4558","6/23/1999","Died","Lindsey","No","Non-selasphorus","unknown","Nestling",1,"Summer","nest-related","Non-selasphorus spp.","1670_BCHU","Selasphorus",1999-06-23
"4559","4/8/2015","Died","Lindsey","No","Non-selasphorus","unknown","Nestling",0,"Spring","nest-related","Non-selasphorus spp.","5254_ANHU","Selasphorus",2015-04-08
"4560","3/7/1993","Released","Lindsey","No","ANHU","Female-like ","adult-like",1,"Spring","found inside","Non-selasphorus spp.","392_ANHU","Non-Selasphorus",1993-03-07
"4561","2/14/1998","Died","Lindsey","No","ANHU","Female-like ","adult-like",0,"Winter","found on the ground","Non-selasphorus spp.","1332_ANHU","Non-Selasphorus",1998-02-14
"4562","3/7/2015","Released","malibu","No","Selasphorus","unknown","Nestling",0,"Spring","found on the ground","Selasphorus spp.","6501_ALHU","Selasphorus",2015-03-07
"4563","2/23/1994","Released","Lindsey","Yes","Non-selasphorus","unknown","Nestling",1,"Winter","nest-related","Non-selasphorus spp.","570_ANHU","Selasphorus",1994-02-23
"4564","7/14/1994","Died","Lindsey","No","Selasphorus","Female-like ","adult-like",0,"Summer","window hit","Selasphorus spp.","707_ALHU","Selasphorus",1994-07-14
"4565","1/9/2014","Died","malibu","Yes","ANHU","Female-like ","adult-like",0,"Winter","unknown","Non-selasphorus spp.","6028_ANHU","Non-Selasphorus",2014-01-09
"4566","6/10/1995","Released","Lindsey","No","Non-selasphorus","unknown","Nestling",0,"Summer","nest-related","Non-selasphorus spp.","864_ANHU","Selasphorus",1995-06-10
"4567","4/28/2015","Released","Lindsey","Yes","Non-selasphorus","unknown","Nestling",1,"Spring","found on the ground","Non-selasphorus spp.","5297_ANHU","Selasphorus",2015-04-28
"4568","1/30/2000","Died","Lindsey","Yes","ANHU","Female-like ","adult-like",1,"Winter","found on the ground","Non-selasphorus spp.","1735_ANHU","Non-Selasphorus",2000-01-30
"4569","6/3/1991","Released","Lindsey","No","ANHU","Female-like ","adult-like",1,"Summer","nest-related","Non-selasphorus spp.","116_ANHU","Non-Selasphorus",1991-06-03
"4570","12/17/2011","Died","Lindsey","No","ANHU","Male","adult-like",0,"Winter","found on the ground","Non-selasphorus spp.","4335_ANHU","Non-Selasphorus",2011-12-17
"4571","3/7/2006","Died","Lindsey","No","ANHU","Female-like ","adult-like",0,"Spring","found on the ground","Non-selasphorus spp.","3021_ANHU","Non-Selasphorus",2006-03-07
"4572","8/6/2008","Died","Lindsey","Yes","ANHU","Male","adult-like",0,"Summer","found on the ground","Non-selasphorus spp.","3562_ANHU","Non-Selasphorus",2008-08-06
"4573","3/21/2011","Died","Lindsey","Yes","Non-selasphorus","unknown","Nestling",4,"Spring","found on the ground","Non-selasphorus spp.","4135_ANHU","Selasphorus",2011-03-21
"4574","7/20/2013","Died","malibu","No","ANHU","Female-like ","adult-like",0,"Summer","suspect torpor-like state","Non-selasphorus spp.","5880_ANHU","Non-Selasphorus",2013-07-20
"4575","5/26/2015","Released","Lindsey","No","Non-selasphorus","unknown","Nestling",0,"Spring","nest-related","Non-selasphorus spp.","5337_ANHU","Selasphorus",2015-05-26
"4576","2/28/2014","Released","Lindsey","Yes","Non-selasphorus","unknown","Nestling",0,"Winter","found on the ground","Non-selasphorus spp.","4883_ANHU","Selasphorus",2014-02-28
"4577","6/3/2013","Released","malibu","Yes","Selasphorus","unknown","Nestling",0,"Summer","nest-related","Selasphorus spp.","5828_ALHU","Selasphorus",2013-06-03
"4578","7/2/2011","Died","Lindsey","Yes","ANHU","Female-like ","adult-like",0,"Summer","found on the ground","Non-selasphorus spp.","4267_ANHU","Non-Selasphorus",2011-07-02
"4579","7/2/2010","Died","Lindsey","No","Non-selasphorus","unknown","Nestling",0,"Summer","nest-related","Non-selasphorus spp.","4013_ANHU","Selasphorus",2010-07-02
"4580","9/7/2013","Died","Lindsey","No","ANHU","Male","adult-like",0,"Fall","found on the ground","Non-selasphorus spp.","4811_ANHU","Non-Selasphorus",2013-09-07
"4581","7/16/2013","Died","Lindsey","No","ANHU","Male","adult-like",0,"Summer","found on the ground","Non-selasphorus spp.","4793_ANHU","Non-Selasphorus",2013-07-16
"4582","6/30/2016","Released","Lindsey","No","Selasphorus","Female-like ","adult-like",0,"Summer","found on the ground","Selasphorus spp.","5665_ALHU","Selasphorus",2016-06-30
"4583","6/30/2013","Died","Lindsey","No","ANHU","Male","adult-like",0,"Summer","found on the ground","Non-selasphorus spp.","4783_ANHU","Non-Selasphorus",2013-06-30
"4584","4/27/2007","Died","Lindsey","No","Selasphorus","Female-like ","adult-like",0,"Spring","caught by domestic animal","Selasphorus spp.","3269_ALHU","Selasphorus",2007-04-27
"4585","4/9/1996","Released","Lindsey","No","ANHU","Female-like ","adult-like",0,"Spring","unknown","Non-selasphorus spp.","1018_ANHU","Non-Selasphorus",1996-04-09
"4586","2/26/2006","Died","Lindsey","No","ANHU","Female-like ","adult-like",0,"Winter","found on the ground","Non-selasphorus spp.","3010_ANHU","Non-Selasphorus",2006-02-26
"4587","4/24/2006","Released","Lindsey","Yes","Non-selasphorus","unknown","Nestling",1,"Spring","found on the ground","Non-selasphorus spp.","3073_ANHU","Selasphorus",2006-04-24
"4588","2/20/2015","Released","malibu","No","Selasphorus","unknown","Nestling",0,"Winter","found on the ground","Selasphorus spp.","6487_ALHU","Selasphorus",2015-02-20
"4589","4/14/1994","Released","Lindsey","No","Non-selasphorus","unknown","Nestling",0,"Spring","nest-related","Non-selasphorus spp.","613_ANHU","Selasphorus",1994-04-14
"4590","4/10/2009","Died","Lindsey","No","Non-selasphorus","unknown","Nestling",0,"Spring","nest-related","Non-selasphorus spp.","3687_ANHU","Selasphorus",2009-04-10
"4591","4/21/2014","Died","Lindsey","Yes","ANHU","Male","adult-like",2,"Spring","window hit","Non-selasphorus spp.","4964_ANHU","Non-Selasphorus",2014-04-21
"4592","3/9/2007","Died","Lindsey","Yes","ANHU","Female-like ","adult-like",1,"Spring","found on the ground","Non-selasphorus spp.","3217_ANHU","Non-Selasphorus",2007-03-09
"4593","8/10/2014","Died","malibu","No","Non-selasphorus","unknown","Nestling",3,"Summer","unknown","Non-selasphorus spp.","6180_ANHU","Selasphorus",2014-08-10
"4594","4/9/2016","Released","malibu","No","ANHU","Female-like ","adult-like",-37,"Spring","nest-related","Non-selasphorus spp.","6716_ANHU","Non-Selasphorus",2016-04-09
"4595","6/5/2013","Died","malibu","No","Selasphorus","Female-like ","adult-like",0,"Summer","caught by domestic animal","Selasphorus spp.","5837_ALHU","Selasphorus",2013-06-05
"4596","6/23/2012","Died","Lindsey","Yes","ANHU","Female-like ","adult-like",0,"Summer","found on the ground","Non-selasphorus spp.","4506_ANHU","Non-Selasphorus",2012-06-23
"4597","5/11/1993","Died","Lindsey","No","ANHU","Female-like ","adult-like",0,"Spring","caught by domestic animal","Non-selasphorus spp.","462_ANHU","Non-Selasphorus",1993-05-11
"4598","3/9/2015","Died","Lindsey","Yes","Non-selasphorus","unknown","Nestling",1,"Spring","nest-related","Non-selasphorus spp.","5203_ANHU","Selasphorus",2015-03-09
"4599","6/8/2014","Died","Lindsey","Yes","ANHU","Female-like ","adult-like",0,"Summer","found on the ground","Non-selasphorus spp.","5037_ANHU","Non-Selasphorus",2014-06-08
"4600","8/7/2001","Died","Lindsey","Yes","ANHU","Female-like ","adult-like",0,"Summer","found on the ground","Non-selasphorus spp.","2108_ANHU","Non-Selasphorus",2001-08-07
"4601","5/31/1991","Released","Lindsey","No","ANHU","Female-like ","adult-like",0,"Spring","nest-related","Non-selasphorus spp.","111_ANHU","Non-Selasphorus",1991-05-31
"4602","4/10/1995","Released","Lindsey","No","ANHU","Female-like ","adult-like",0,"Spring","nest-related","Non-selasphorus spp.","812_ANHU","Non-Selasphorus",1995-04-10
"4603","6/14/2013","Released","Lindsey","Yes","Non-selasphorus","unknown","Nestling",6,"Summer","found on the ground","Non-selasphorus spp.","4758_ANHU","Selasphorus",2013-06-14
"4604","10/9/2013","Died","malibu","No","ANHU","Male","adult-like",0,"Fall","found on the ground","Non-selasphorus spp.","5897_ANHU","Non-Selasphorus",2013-10-09
"4605","5/13/1996","Released","Lindsey","Yes","ANHU","Female-like ","adult-like",0,"Spring","found on the ground","Non-selasphorus spp.","1050_ANHU","Non-Selasphorus",1996-05-13
"4606","2/4/2006","Released","Lindsey","No","ANHU","Female-like ","adult-like",0,"Winter","found on the ground","Non-selasphorus spp.","2999_ANHU","Non-Selasphorus",2006-02-04
"4607","3/24/1991","Died","Lindsey","Yes","ANHU","Female-like ","adult-like",0,"Spring","found on the ground","Non-selasphorus spp.","40_ANHU","Non-Selasphorus",1991-03-24
"4608","4/23/2013","Released","Lindsey","No","BCHU","Female-like ","adult-like",0,"Spring","caught by domestic animal","Non-selasphorus spp.","4700_BCHU","Non-Selasphorus",2013-04-23
"4609","4/20/1997","Released","Lindsey","No","Non-selasphorus","unknown","Nestling",0,"Spring","nest-related","Non-selasphorus spp.","1213_ANHU","Selasphorus",1997-04-20
"4610","1/14/2007","Died","Lindsey","Yes","ANHU","Female-like ","adult-like",0,"Winter","window hit","Non-selasphorus spp.","3192_ANHU","Non-Selasphorus",2007-01-14
"4611","6/1/2015","Released","Lindsey","No","Non-selasphorus","unknown","Nestling",0,"Summer","found on the ground","Non-selasphorus spp.","5348_ANHU","Selasphorus",2015-06-01
"4612","6/8/2000","Released","Lindsey","Yes","ANHU","Female-like ","adult-like",5,"Summer","unknown","Non-selasphorus spp.","1847_ANHU","Non-Selasphorus",2000-06-08
"4613","4/7/2016","Died","Lindsey","No","ANHU","Female-like ","adult-like",0,"Spring","found on the ground","Non-selasphorus spp.","5568_ANHU","Non-Selasphorus",2016-04-07
"4614","3/3/1992","Died","Lindsey","No","Selasphorus","Female-like ","adult-like",0,"Spring","found on the ground","Selasphorus spp.","215_ALHU","Selasphorus",1992-03-03
"4615","4/5/1999","Died","Lindsey","No","ANHU","Female-like ","adult-like",0,"Spring","found on the ground","Non-selasphorus spp.","1577_ANHU","Non-Selasphorus",1999-04-05
"4616","4/16/2015","Died","Lindsey","No","ANHU","Female-like ","adult-like",0,"Spring","nest-related","Non-selasphorus spp.","5275_ANHU","Non-Selasphorus",2015-04-16
"4617","3/25/2006","Released","Lindsey","Yes","ANHU","Female-like ","adult-like",1,"Spring","found on the ground","Non-selasphorus spp.","3037_ANHU","Non-Selasphorus",2006-03-25
"4618","5/8/2014","Died","malibu","Yes","Selasphorus","Female-like ","adult-like",1,"Spring","unknown","Selasphorus spp.","6112_ALHU","Selasphorus",2014-05-08
"4619","4/16/1996","Released","Lindsey","No","Non-selasphorus","unknown","Nestling",2,"Spring","found on the ground","Non-selasphorus spp.","1025_ANHU","Selasphorus",1996-04-16
"4620","8/6/2014","Died","malibu","No","ANHU","Female-like ","adult-like",0,"Summer","unknown","Non-selasphorus spp.","6324_ANHU","Non-Selasphorus",2014-08-06
"4621","9/14/1994","Died","Lindsey","No","ANHU","Female-like ","adult-like",0,"Fall","caught by domestic animal","Non-selasphorus spp.","726_ANHU","Non-Selasphorus",1994-09-14
"4622","6/7/1996","Died","Lindsey","No","Non-selasphorus","unknown","Nestling",0,"Summer","found on the ground","Non-selasphorus spp.","1069_ANHU","Selasphorus",1996-06-07
"4623","6/7/2016","Died","Lindsey","Yes","Non-selasphorus","unknown","Nestling",0,"Summer","nest-related","Non-selasphorus spp.","5629_ANHU","Selasphorus",2016-06-07
"4624","3/1/1995","Died","Lindsey","Yes","ANHU","Female-like ","adult-like",15,"Spring","found on the ground","Non-selasphorus spp.","761_ANHU","Non-Selasphorus",1995-03-01
"4625","5/15/1993","Died","Lindsey","No","Non-selasphorus","unknown","Nestling",0,"Spring","found on the ground","Non-selasphorus spp.","467_ANHU","Selasphorus",1993-05-15
"4626","6/12/2005","Released","Lindsey","No","Non-selasphorus","unknown","Nestling",0,"Summer","nest-related","Non-selasphorus spp.","2914_ANHU","Selasphorus",2005-06-12
"4627","10/4/2006","Died","Lindsey","No","ANHU","Female-like ","adult-like",0,"Fall","found on the ground","Non-selasphorus spp.","3160_ANHU","Non-Selasphorus",2006-10-04
"4628","10/30/2011","Died","Lindsey","No","ANHU","Male","adult-like",1,"Fall","unknown","Non-selasphorus spp.","4317_ANHU","Non-Selasphorus",2011-10-30
"4629","4/20/2001","Died","Lindsey","Yes","Non-selasphorus","unknown","Nestling",1,"Spring","found on the ground","Non-selasphorus spp.","2021_ANHU","Selasphorus",2001-04-20
"4630","4/16/2013","Released","malibu","No","Selasphorus","unknown","Nestling",0,"Spring","unknown","Selasphorus spp.","5902_ALHU","Selasphorus",2013-04-16
"4631","6/22/1994","Died","Lindsey","Yes","ANHU","Female-like ","adult-like",0,"Summer","caught by domestic animal","Non-selasphorus spp.","683_ANHU","Non-Selasphorus",1994-06-22
"4632","7/29/2001","Died","Lindsey","No","ANHU","Female-like ","adult-like",0,"Summer","found on the ground","Non-selasphorus spp.","2103_ANHU","Non-Selasphorus",2001-07-29
"4633","4/21/1993","Died","Lindsey","No","Selasphorus","Female-like ","adult-like",0,"Spring","found on the ground","Selasphorus spp.","442_ALHU","Selasphorus",1993-04-21
"4634","6/7/2009","Released","Lindsey","No","Non-selasphorus","unknown","Nestling",0,"Summer","nest-related","Non-selasphorus spp.","3747_ANHU","Selasphorus",2009-06-07
"4635","7/10/2008","Released","Lindsey","Yes","ANHU","Female-like ","adult-like",0,"Summer","caught by domestic animal","Non-selasphorus spp.","3552_ANHU","Non-Selasphorus",2008-07-10
"4636","7/7/2008","Released","Lindsey","Yes","Non-selasphorus","unknown","Nestling",0,"Summer","found on the ground","Non-selasphorus spp.","3551_BCHU","Selasphorus",2008-07-07
"4637","9/10/2016","Died","Lindsey","No","ANHU","Female-like ","adult-like",0,"Fall","caught by domestic animal","Non-selasphorus spp.","5706_ANHU","Non-Selasphorus",2016-09-10
"4638","5/9/2001","Released","Lindsey","No","Non-selasphorus","unknown","Nestling",0,"Spring","unknown","Non-selasphorus spp.","2042_ANHU","Selasphorus",2001-05-09
"4639","10/28/2009","Died","Lindsey","Yes","ANHU","Female-like ","adult-like",1,"Fall","caught by domestic animal","Non-selasphorus spp.","3829_ANHU","Non-Selasphorus",2009-10-28
"4640","5/5/2004","Died","Lindsey","Yes","ANHU","Female-like ","adult-like",2,"Spring","found on the ground","Non-selasphorus spp.","2684_ANHU","Non-Selasphorus",2004-05-05
"4641","6/25/2016","Released","Santa Barbara","No","ANHU","Female-like ","adult-like",0,"Summer","nest-related","Non-selasphorus spp.","6890_ANHU","Non-Selasphorus",2016-06-25
"4642","6/10/2011","Died","Lindsey","Yes","ANHU","Male","adult-like",1,"Summer","found on the ground","Non-selasphorus spp.","4246_ANHU","Non-Selasphorus",2011-06-10
"4643","7/7/2013","Released","malibu","No","Selasphorus","Female-like ","adult-like",0,"Summer","unknown","Selasphorus spp.","6016_ALHU","Selasphorus",2013-07-07
"4644","10/14/2009","Died","Lindsey","Yes","ANHU","Male","adult-like",0,"Fall","suspect torpor-like state","Non-selasphorus spp.","3823_ANHU","Non-Selasphorus",2009-10-14
"4645","3/21/1995","Released","Lindsey","No","ANHU","Female-like ","adult-like",1,"Spring","unknown","Non-selasphorus spp.","787_ANHU","Non-Selasphorus",1995-03-21
"4646","5/25/2015","Released","malibu","No","Selasphorus","unknown","Nestling",0,"Spring","unknown","Selasphorus spp.","6597_ALHU","Selasphorus",2015-05-25
"4647","8/1/1994","Died","Lindsey","No","ANHU","Female-like ","adult-like",0,"Summer","caught by domestic animal","Non-selasphorus spp.","717_ANHU","Non-Selasphorus",1994-08-01
"4648","7/13/2003","Released","Lindsey","No","ANHU","Female-like ","adult-like",0,"Summer","caught by domestic animal","Non-selasphorus spp.","2542_ANHU","Non-Selasphorus",2003-07-13
"4649","7/21/2012","Died","Lindsey","Yes","ANHU","Female-like ","adult-like",0,"Summer","caught by domestic animal","Non-selasphorus spp.","4539_ANHU","Non-Selasphorus",2012-07-21
"4650","11/10/1993","Died","Lindsey","No","ANHU","Female-like ","adult-like",0,"Fall","suspect torpor-like state","Non-selasphorus spp.","553_ANHU","Non-Selasphorus",1993-11-10
"4651","4/29/2008","Released","Lindsey","No","Non-selasphorus","unknown","Nestling",0,"Spring","nest-related","Non-selasphorus spp.","3488_ANHU","Selasphorus",2008-04-29
"4652","5/12/2014","Died","Lindsey","Yes","ANHU","Female-like ","adult-like",1,"Spring","caught by domestic animal","Non-selasphorus spp.","5000_ANHU","Non-Selasphorus",2014-05-12
"4653","8/20/2016","Died","Lindsey","Yes","ANHU","Female-like ","adult-like",0,"Summer","caught by domestic animal","Non-selasphorus spp.","5698_ANHU","Non-Selasphorus",2016-08-20
"4654","2/17/2016","Died","Lindsey","No","ANHU","Male","adult-like",0,"Winter","suspect torpor-like state","Non-selasphorus spp.","5493_ANHU","Non-Selasphorus",2016-02-17
"4655","9/13/2016","Died","Lindsey","Yes","ANHU","Female-like ","adult-like",0,"Fall","found on the ground","Non-selasphorus spp.","5709_ANHU","Non-Selasphorus",2016-09-13
"4656","10/28/1996","Died","Lindsey","No","ANHU","Female-like ","adult-like",0,"Fall","window hit","Non-selasphorus spp.","1131_ANHU","Non-Selasphorus",1996-10-28
"4657","6/15/2014","Released","Lindsey","No","Non-selasphorus","unknown","Nestling",0,"Summer","found on the ground","Non-selasphorus spp.","5050_ANHU","Selasphorus",2014-06-15
"4658","8/6/1995","Died","Lindsey","Yes","ANHU","Female-like ","adult-like",1,"Summer","found on the ground","Non-selasphorus spp.","908_ANHU","Non-Selasphorus",1995-08-06
"4659","1/18/2000","Died","Lindsey","No","ANHU","Female-like ","adult-like",0,"Winter","found on the ground","Non-selasphorus spp.","1731_ANHU","Non-Selasphorus",2000-01-18
"4660","5/18/2000","Died","Lindsey","Yes","ANHU","Female-like ","adult-like",17,"Spring","nest-related","Non-selasphorus spp.","1828_ANHU","Non-Selasphorus",2000-05-18
"4661","6/2/2015","Released","Lindsey","No","ANHU","Female-like ","adult-like",0,"Summer","nest-related","Non-selasphorus spp.","5353_ANHU","Non-Selasphorus",2015-06-02
"4662","11/7/1999","Died","Lindsey","No","ANHU","Female-like ","adult-like",0,"Fall","found on the ground","Non-selasphorus spp.","1719_ANHU","Non-Selasphorus",1999-11-07
"4663","4/14/2006","Died","Lindsey","No","ANHU","Female-like ","adult-like",0,"Spring","found on the ground","Non-selasphorus spp.","3061_ANHU","Non-Selasphorus",2006-04-14
"4664","3/1/2014","Released","Lindsey","No","ANHU","Female-like ","adult-like",0,"Spring","found on the ground","Non-selasphorus spp.","4885_ANHU","Non-Selasphorus",2014-03-01
"4665","4/17/1994","Released","Lindsey","No","Selasphorus","unknown","Nestling",1,"Spring","nest-related","Selasphorus spp.","620_ALHU","Selasphorus",1994-04-17
"4666","6/7/2007","Died","Lindsey","No","Non-selasphorus","unknown","Nestling",0,"Summer","unknown","Non-selasphorus spp.","3311_ANHU","Selasphorus",2007-06-07
"4667","7/20/2003","Released","Lindsey","Yes","ANHU","Female-like ","adult-like",0,"Summer","found on the ground","Non-selasphorus spp.","2548_ANHU","Non-Selasphorus",2003-07-20
"4668","3/12/1998","Released","Lindsey","No","Non-selasphorus","unknown","Nestling",3,"Spring","nest-related","Non-selasphorus spp.","1356_ANHU","Selasphorus",1998-03-12
"4669","2/15/1997","Released","Lindsey","No","Non-selasphorus","unknown","Nestling",0,"Winter","found on the ground","Non-selasphorus spp.","1156_ANHU","Selasphorus",1997-02-15
"4670","5/14/2009","Released","Lindsey","No","ANHU","Male","adult-like",0,"Spring","window hit","Non-selasphorus spp.","3728_ANHU","Non-Selasphorus",2009-05-14
"4671","4/10/2002","Died","Lindsey","Yes","ANHU","Female-like ","adult-like",1,"Spring","found on the ground","Non-selasphorus spp.","2209_ANHU","Non-Selasphorus",2002-04-10
"4672","3/22/2012","Released","Lindsey","Yes","ANHU","Female-like ","adult-like",1,"Spring","caught by domestic animal","Non-selasphorus spp.","4401_ANHU","Non-Selasphorus",2012-03-22
"4673","1/29/2000","Died","Lindsey","No","ANHU","Female-like ","adult-like",0,"Winter","caught by domestic animal","Non-selasphorus spp.","1734_ANHU","Non-Selasphorus",2000-01-29
"4674","8/7/2013","Died","malibu","No","Selasphorus","Female-like ","adult-like",1,"Summer","caught by domestic animal","Selasphorus spp.","5886_ALHU","Selasphorus",2013-08-07
"4675","5/17/2007","Died","Lindsey","No","ANHU","Female-like ","adult-like",0,"Spring","found on the ground","Non-selasphorus spp.","3285_ANHU","Non-Selasphorus",2007-05-17
"4676","4/4/1992","Released","Lindsey","No","ANHU","Female-like ","adult-like",1,"Spring","found inside","Non-selasphorus spp.","239_ANHU","Non-Selasphorus",1992-04-04
"4677","7/6/1996","Died","Lindsey","No","ANHU","Female-like ","adult-like",0,"Summer","caught by domestic animal","Non-selasphorus spp.","1094_ANHU","Non-Selasphorus",1996-07-06
"4678","7/11/2016","Died","Lindsey","Yes","ANHU","Female-like ","adult-like",0,"Summer","found on the ground","Non-selasphorus spp.","5681_ANHU","Non-Selasphorus",2016-07-11
"4679","5/16/2015","Died","Lindsey","No","Selasphorus","unknown","Nestling",0,"Spring","found on the ground","Selasphorus spp.","5322_ALHU","Selasphorus",2015-05-16
"4680","7/11/2007","Died","Lindsey","No","ANHU","Female-like ","adult-like",0,"Summer","caught by domestic animal","Non-selasphorus spp.","3347_ANHU","Non-Selasphorus",2007-07-11
"4681","11/4/2000","Died","Lindsey","No","ANHU","Female-like ","adult-like",0,"Fall","window hit","Non-selasphorus spp.","1922_ANHU","Non-Selasphorus",2000-11-04
"4682","5/18/1993","Died","Lindsey","No","ANHU","Female-like ","adult-like",0,"Spring","suspect torpor-like state","Non-selasphorus spp.","469_ANHU","Non-Selasphorus",1993-05-18
"4683","6/22/2005","Released","Lindsey","No","Non-selasphorus","unknown","Nestling",0,"Summer","found on the ground","Non-selasphorus spp.","2928_ANHU","Selasphorus",2005-06-22
"4684","6/11/2015","Died","malibu","No","Selasphorus","unknown","Nestling",1,"Summer","found on the ground","Selasphorus spp.","6454_ALHU","Selasphorus",2015-06-11
"4685","6/19/2007","Died","Lindsey","No","ANHU","Female-like ","adult-like",0,"Summer","found on the ground","Non-selasphorus spp.","3332_ANHU","Non-Selasphorus",2007-06-19
"4686","6/19/1998","Died","Lindsey","No","Non-selasphorus","unknown","Nestling",0,"Summer","found on the ground","Non-selasphorus spp.","1442_ANHU","Selasphorus",1998-06-19
"4687","1/19/2013","Released","malibu","No","Selasphorus","Female-like ","adult-like",0,"Winter","unknown","Selasphorus spp.","5915_ALHU","Selasphorus",2013-01-19
"4688","12/19/2005","Died","Lindsey","Yes","ANHU","Female-like ","adult-like",0,"Winter","found on the ground","Non-selasphorus spp.","2985_ANHU","Non-Selasphorus",2005-12-19
"4689","5/7/1996","Died","Lindsey","No","Selasphorus","Female-like ","adult-like",0,"Spring","found on the ground","Selasphorus spp.","1046_ALHU","Selasphorus",1996-05-07
"4690","2/22/2013","Died","Lindsey","No","ANHU","Male","adult-like",0,"Winter","found on the ground","Non-selasphorus spp.","4612_ANHU","Non-Selasphorus",2013-02-22
"4691","3/16/2015","Died","malibu","No","Selasphorus","Female-like ","adult-like",0,"Spring","unknown","Selasphorus spp.","6473_ALHU","Selasphorus",2015-03-16
"4692","5/7/1991","Died","Lindsey","No","Non-selasphorus","unknown","Nestling",1,"Spring","nest-related","Non-selasphorus spp.","93_ANHU","Selasphorus",1991-05-07
"4693","6/3/1998","Died","Lindsey","No","ANHU","Female-like ","adult-like",0,"Summer","found on the ground","Non-selasphorus spp.","1432_ANHU","Non-Selasphorus",1998-06-03
"4694","3/29/1999","Released","Lindsey","No","Non-selasphorus","unknown","Nestling",0,"Spring","found inside","Non-selasphorus spp.","1570_ANHU","Selasphorus",1999-03-29
"4695","7/24/2000","Died","Lindsey","No","ANHU","Female-like ","adult-like",0,"Summer","unknown","Non-selasphorus spp.","1896_ANHU","Non-Selasphorus",2000-07-24
"4696","4/24/2014","Died","Lindsey","No","ANHU","Male","adult-like",0,"Spring","found on the ground","Non-selasphorus spp.","4966_ANHU","Non-Selasphorus",2014-04-24
"4697","8/20/2009","Released","Lindsey","No","ANHU","Male","adult-like",0,"Summer","found on the ground","Non-selasphorus spp.","3810_ANHU","Non-Selasphorus",2009-08-20
"4698","2/24/2013","Released","malibu","No","Non-selasphorus","unknown","Nestling",0,"Winter","nest-related","Non-selasphorus spp.","5747_ANHU","Selasphorus",2013-02-24
"4699","4/8/1994","Released","Lindsey","No","Non-selasphorus","unknown","Nestling",1,"Spring","nest-related","Non-selasphorus spp.","602_ANHU","Selasphorus",1994-04-08
"4700","3/30/1999","Released","Lindsey","No","Selasphorus","unknown","Nestling",0,"Spring","found on the ground","Selasphorus spp.","1572_ALHU","Selasphorus",1999-03-30
"4701","9/8/1994","Died","Lindsey","No","ANHU","Female-like ","adult-like",0,"Fall","found inside","Non-selasphorus spp.","724_ANHU","Non-Selasphorus",1994-09-08
"4702","6/17/2005","Died","Lindsey","No","Selasphorus","unknown","Nestling",0,"Summer","unknown","Selasphorus spp.","2920_ALHU","Selasphorus",2005-06-17
"4703","3/15/2013","Died","Lindsey","No","ANHU","Female-like ","adult-like",2,"Spring","suspect torpor-like state","Non-selasphorus spp.","4643_ANHU","Non-Selasphorus",2013-03-15
"4704","1/17/2014","Died","Lindsey","Yes","ANHU","Female-like ","adult-like",0,"Winter","found on the ground","Non-selasphorus spp.","4863_ANHU","Non-Selasphorus",2014-01-17
"4705","8/5/2015","Died","Lindsey","Yes","ANHU","Female-like ","adult-like",1,"Summer","found on the ground","Non-selasphorus spp.","5428_ANHU","Non-Selasphorus",2015-08-05
"4706","9/26/2011","Died","Lindsey","No","ANHU","Female-like ","adult-like",0,"Fall","caught by domestic animal","Non-selasphorus spp.","4309_ANHU","Non-Selasphorus",2011-09-26
"4707","4/21/2006","Died","Lindsey","No","ANHU","Female-like ","adult-like",1,"Spring","caught by domestic animal","Non-selasphorus spp.","3066_ANHU","Non-Selasphorus",2006-04-21
"4708","2/19/2003","Released","Lindsey","No","ANHU","Female-like ","adult-like",1,"Winter","unknown","Non-selasphorus spp.","2390_ANHU","Non-Selasphorus",2003-02-19
"4709","3/11/2012","Released","Lindsey","No","Non-selasphorus","unknown","Nestling",0,"Spring","nest-related","Non-selasphorus spp.","4382_ANHU","Selasphorus",2012-03-11
"4710","4/16/2001","Died","Lindsey","No","ANHU","Female-like ","adult-like",0,"Spring","caught by domestic animal","Non-selasphorus spp.","2019_ANHU","Non-Selasphorus",2001-04-16
"4711","4/3/1999","Died","Lindsey","No","ANHU","Female-like ","adult-like",0,"Spring","window hit","Non-selasphorus spp.","1575_ANHU","Non-Selasphorus",1999-04-03
"4712","10/21/2003","Died","Lindsey","No","ANHU","Female-like ","adult-like",0,"Fall","found on the ground","Non-selasphorus spp.","2576_ANHU","Non-Selasphorus",2003-10-21
"4713","10/10/2010","Died","Lindsey","No","ANHU","Female-like ","adult-like",1,"Fall","caught by domestic animal","Non-selasphorus spp.","4065_ANHU","Non-Selasphorus",2010-10-10
"4714","3/23/2015","Died","Lindsey","No","ANHU","Male","adult-like",0,"Spring","found on the ground","Non-selasphorus spp.","5225_ANHU","Non-Selasphorus",2015-03-23
"4715","4/21/2015","Died","Lindsey","No","Non-selasphorus","unknown","Nestling",0,"Spring","nest-related","Non-selasphorus spp.","5285_ANHU","Selasphorus",2015-04-21
"4716","7/29/1999","Released","Lindsey","No","ANHU","Female-like ","adult-like",0,"Summer","caught by domestic animal","Non-selasphorus spp.","1696_ANHU","Non-Selasphorus",1999-07-29
"4717","6/1/1997","Died","Lindsey","No","ANHU","Female-like ","adult-like",0,"Summer","caught by domestic animal","Non-selasphorus spp.","1252_ANHU","Non-Selasphorus",1997-06-01
"4718","11/12/2003","Died","Lindsey","No","ANHU","Female-like ","adult-like",1,"Fall","found on the ground","Non-selasphorus spp.","2579_ANHU","Non-Selasphorus",2003-11-12
"4719","6/26/2008","Died","Lindsey","No","BCHU","Female-like ","adult-like",0,"Summer","unknown","Non-selasphorus spp.","3539_BCHU","Non-Selasphorus",2008-06-26
"4720","6/9/2013","Died","Lindsey","No","ANHU","Female-like ","adult-like",0,"Summer","found on the ground","Non-selasphorus spp.","4751_ANHU","Non-Selasphorus",2013-06-09
"4721","6/27/2010","Died","Lindsey","Yes","Selasphorus","unknown","Nestling",0,"Summer","nest-related","Selasphorus spp.","4003_ALHU","Selasphorus",2010-06-27
"4722","11/1/2016","Died","Lindsey","No","ANHU","Male","adult-like",0,"Fall","found on the ground","Non-selasphorus spp.","5726_ANHU","Non-Selasphorus",2016-11-01
"4723","3/11/2016","Died","Lindsey","No","ANHU","Female-like ","adult-like",0,"Spring","found on the ground","Non-selasphorus spp.","5521_ANHU","Non-Selasphorus",2016-03-11
"4724","6/13/2016","Died","malibu","No","Selasphorus","Female-like ","adult-like",0,"Summer","unknown","Selasphorus spp.","6798_ALHU","Selasphorus",2016-06-13
"4725","6/9/1994","Released","Lindsey","Yes","Non-selasphorus","unknown","Nestling",0,"Summer","unknown","Non-selasphorus spp.","666_ANHU","Selasphorus",1994-06-09
"4726","6/1/1999","Died","Lindsey","No","ANHU","Female-like ","adult-like",0,"Summer","found on the ground","Non-selasphorus spp.","1644_ANHU","Non-Selasphorus",1999-06-01
"4727","3/9/2001","Released","Lindsey","Yes","ANHU","Female-like ","adult-like",0,"Spring","found on the ground","Non-selasphorus spp.","1977_ANHU","Non-Selasphorus",2001-03-09
"4728","4/8/2011","Died","Lindsey","No","Selasphorus","Female-like ","adult-like",0,"Spring","found on the ground","Selasphorus spp.","4158_ALHU","Selasphorus",2011-04-08
"4729","5/10/2003","Died","Lindsey","No","Non-selasphorus","unknown","Nestling",0,"Spring","nest-related","Non-selasphorus spp.","2486_ANHU","Selasphorus",2003-05-10
"4730","6/18/2007","Died","Lindsey","No","Non-selasphorus","unknown","Nestling",0,"Summer","found on the ground","Non-selasphorus spp.","3328_ANHU","Selasphorus",2007-06-18
"4731","11/5/2015","Died","malibu","No","ANHU","Female-like ","adult-like",0,"Fall","caught by domestic animal","Non-selasphorus spp.","6567_ANHU","Non-Selasphorus",2015-11-05
"4732","3/7/2016","Died","Lindsey","No","ANHU","Female-like ","adult-like",0,"Spring","found on the ground","Non-selasphorus spp.","5517_ANHU","Non-Selasphorus",2016-03-07
"4733","10/29/1996","Died","Lindsey","No","ANHU","Female-like ","adult-like",0,"Fall","window hit","Non-selasphorus spp.","1132_ANHU","Non-Selasphorus",1996-10-29
"4734","7/16/2013","Died","Lindsey","Yes","ANHU","Male","adult-like",1,"Summer","unknown","Non-selasphorus spp.","4792_ANHU","Non-Selasphorus",2013-07-16
"4735","5/7/2016","Died","Lindsey","No","ANHU","Male","adult-like",0,"Spring","found on the ground","Non-selasphorus spp.","5599_ANHU","Non-Selasphorus",2016-05-07
"4736","3/16/2012","Released","Lindsey","No","Non-selasphorus","unknown","Nestling",0,"Spring","found on the ground","Non-selasphorus spp.","4390_ANHU","Selasphorus",2012-03-16
"4737","4/12/2004","Died","Lindsey","Yes","ANHU","Female-like ","adult-like",0,"Spring","found on the ground","Non-selasphorus spp.","2657_ANHU","Non-Selasphorus",2004-04-12
"4738","1/8/2009","Died","Lindsey","No","ANHU","Female-like ","adult-like",0,"Winter","found on the ground","Non-selasphorus spp.","3598_ANHU","Non-Selasphorus",2009-01-08
"4739","2/13/2010","Died","Lindsey","Yes","ANHU","Female-like ","adult-like",0,"Winter","found on the ground","Non-selasphorus spp.","3862_ANHU","Non-Selasphorus",2010-02-13
"4740","9/6/2004","Died","Lindsey","Yes","BCHU","Female-like ","adult-like",0,"Fall","found on the ground","Non-selasphorus spp.","2763_BCHU","Non-Selasphorus",2004-09-06
"4741","4/17/2016","Died","malibu","Yes","ANHU","Female-like ","adult-like",0,"Spring","found on the ground","Non-selasphorus spp.","6696_ANHU","Non-Selasphorus",2016-04-17
"4742","5/13/1997","Released","Lindsey","No","Non-selasphorus","unknown","Nestling",0,"Spring","found on the ground","Non-selasphorus spp.","1232_ANHU","Selasphorus",1997-05-13
"4743","5/27/2001","Died","Lindsey","Yes","Selasphorus","Female-like ","adult-like",1,"Spring","found on the ground","Selasphorus spp.","2053_ALHU","Selasphorus",2001-05-27
"4744","8/21/1998","Released","Lindsey","Yes","BCHU","Female-like ","adult-like",18,"Summer","found on the ground","Non-selasphorus spp.","1491_BCHU","Non-Selasphorus",1998-08-21
"4745","7/1/2012","Died","Lindsey","Yes","ANHU","Female-like ","adult-like",0,"Summer","nest-related","Non-selasphorus spp.","4518_ANHU","Non-Selasphorus",2012-07-01
"4746","7/6/2005","Died","Lindsey","No","Non-selasphorus","unknown","Nestling",1,"Summer","found on the ground","Non-selasphorus spp.","2950_ANHU","Selasphorus",2005-07-06
"4747","5/31/2003","Died","Lindsey","No","ANHU","Female-like ","adult-like",0,"Spring","found on the ground","Non-selasphorus spp.","2499_ANHU","Non-Selasphorus",2003-05-31
"4748","5/27/2016","Died","Lindsey","No","ANHU","Female-like ","adult-like",0,"Spring","found on the ground","Non-selasphorus spp.","5618_ANHU","Non-Selasphorus",2016-05-27
"4749","5/6/2009","Died","Lindsey","Yes","ANHU","Female-like ","adult-like",0,"Spring","found on the ground","Non-selasphorus spp.","3721_ANHU","Non-Selasphorus",2009-05-06
"4750","8/8/2010","Died","Lindsey","Yes","ANHU","Male","adult-like",7,"Summer","found on the ground","Non-selasphorus spp.","4048_ANHU","Non-Selasphorus",2010-08-08
"4751","3/23/2005","Released","Lindsey","Yes","Non-selasphorus","unknown","Nestling",3,"Spring","nest-related","Non-selasphorus spp.","2826_ANHU","Selasphorus",2005-03-23
"4752","6/22/2016","Died","Lindsey","No","ANHU","Male","adult-like",0,"Summer","suspect torpor-like state","Non-selasphorus spp.","5658_ANHU","Non-Selasphorus",2016-06-22
"4753","8/5/2009","Died","Lindsey","Yes","ANHU","Female-like ","adult-like",0,"Summer","found on the ground","Non-selasphorus spp.","3804_ANHU","Non-Selasphorus",2009-08-05
"4754","5/12/2014","Died","Lindsey","No","ANHU","Female-like ","adult-like",0,"Spring","caught by domestic animal","Non-selasphorus spp.","4999_ANHU","Non-Selasphorus",2014-05-12
"4755","4/29/2005","Released","Lindsey","No","ANHU","Female-like ","adult-like",0,"Spring","found on the ground","Non-selasphorus spp.","2864_ANHU","Non-Selasphorus",2005-04-29
"4756","6/12/2013","Died","malibu","No","Selasphorus","Female-like ","adult-like",0,"Summer","unknown","Selasphorus spp.","5972_ALHU","Selasphorus",2013-06-12
"4757","3/2/2004","Died","Lindsey","No","Non-selasphorus","unknown","Nestling",1,"Spring","nest-related","Non-selasphorus spp.","2624_ANHU","Selasphorus",2004-03-02
"4758","3/28/2013","Released","malibu","No","Non-selasphorus","unknown","Nestling",0,"Spring","nest-related","Non-selasphorus spp.","5766_ANHU","Selasphorus",2013-03-28
"4759","3/8/2016","Released","Lindsey","No","ANHU","Female-like ","adult-like",0,"Spring","caught by domestic animal","Non-selasphorus spp.","5518_ANHU","Non-Selasphorus",2016-03-08
"4760","10/24/2016","Released","Lindsey","No","ANHU","Male","adult-like",0,"Fall","found on the ground","Non-selasphorus spp.","5723_ANHU","Non-Selasphorus",2016-10-24
"4761","7/26/2013","Died","malibu","No","Selasphorus","Female-like ","adult-like",0,"Summer","found on the ground","Selasphorus spp.","5883_ALHU","Selasphorus",2013-07-26
"4762","5/25/2005","Released","Lindsey","No","ANHU","Female-like ","adult-like",0,"Spring","found on the ground","Non-selasphorus spp.","2891_ANHU","Non-Selasphorus",2005-05-25
"4763","4/10/2016","Released","Lindsey","No","ANHU","Female-like ","adult-like",0,"Spring","found on the ground","Non-selasphorus spp.","5573_ANHU","Non-Selasphorus",2016-04-10
"4764","5/26/2013","Released","Lindsey","No","Non-selasphorus","unknown","Nestling",0,"Spring","nest-related","Non-selasphorus spp.","4733_ANHU","Selasphorus",2013-05-26
"4765","3/14/1997","Died","Lindsey","No","ANHU","Female-like ","adult-like",0,"Spring","caught by domestic animal","Non-selasphorus spp.","1174_ANHU","Non-Selasphorus",1997-03-14
"4766","2/26/1998","Released","Lindsey","No","ANHU","Female-like ","adult-like",0,"Winter","found on the ground","Non-selasphorus spp.","1347_ANHU","Non-Selasphorus",1998-02-26
"4767","9/14/2008","Died","Lindsey","Yes","ANHU","Female-like ","adult-like",1,"Fall","window hit","Non-selasphorus spp.","3575_ANHU","Non-Selasphorus",2008-09-14
"4768","6/26/2002","Died","Lindsey","No","ANHU","Female-like ","adult-like",0,"Summer","found on the ground","Non-selasphorus spp.","2287_ANHU","Non-Selasphorus",2002-06-26
"4769","12/21/1994","Died","Lindsey","No","ANHU","Female-like ","adult-like",0,"Winter","found on the ground","Non-selasphorus spp.","736_ANHU","Non-Selasphorus",1994-12-21
"4770","6/16/2016","Died","Lindsey","Yes","ANHU","Female-like ","adult-like",1,"Summer","window hit","Non-selasphorus spp.","5647_ANHU","Non-Selasphorus",2016-06-16
"4771","2/19/2006","Died","Lindsey","Yes","ANHU","Female-like ","adult-like",1,"Winter","found on the ground","Non-selasphorus spp.","3005_ANHU","Non-Selasphorus",2006-02-19
"4772","6/12/2014","Died","Lindsey","No","ANHU","Female-like ","adult-like",0,"Summer","found on the ground","Non-selasphorus spp.","5043_ANHU","Non-Selasphorus",2014-06-12
"4773","3/16/2013","Released","malibu","No","Selasphorus","Female-like ","adult-like",0,"Spring","unknown","Selasphorus spp.","5920_ALHU","Selasphorus",2013-03-16
"4774","4/10/2013","Died","malibu","No","ANHU","Female-like ","adult-like",1,"Spring","unknown","Non-selasphorus spp.","5772_ANHU","Non-Selasphorus",2013-04-10
"4775","5/22/2000","Died","Lindsey","No","ANHU","Female-like ","adult-like",0,"Spring","unknown","Non-selasphorus spp.","1831_ANHU","Non-Selasphorus",2000-05-22
"4776","11/1/2009","Died","Lindsey","No","ANHU","Male","adult-like",0,"Fall","caught by domestic animal","Non-selasphorus spp.","3831_ANHU","Non-Selasphorus",2009-11-01
"4777","5/3/2013","Released","malibu","No","Selasphorus","Female-like ","adult-like",0,"Spring","unknown","Selasphorus spp.","5931_ALHU","Selasphorus",2013-05-03
"4778","6/5/2011","Died","Lindsey","No","ANHU","Female-like ","adult-like",0,"Summer","caught by domestic animal","Non-selasphorus spp.","4238_ANHU","Non-Selasphorus",2011-06-05
"4779","3/19/2011","Died","Lindsey","Yes","ANHU","Male","adult-like",2,"Spring","found on the ground","Non-selasphorus spp.","4129_ANHU","Non-Selasphorus",2011-03-19
"4780","8/5/2016","Died","Lindsey","No","ANHU","Female-like ","adult-like",0,"Summer","found on the ground","Non-selasphorus spp.","5689_ANHU","Non-Selasphorus",2016-08-05
"4781","3/13/2015","Released","malibu","No","Selasphorus","unknown","Nestling",0,"Spring","found on the ground","Selasphorus spp.","6516_ALHU","Selasphorus",2015-03-13
"4782","4/27/2006","Died","Lindsey","No","ANHU","Female-like ","adult-like",0,"Spring","window hit","Non-selasphorus spp.","3077_ANHU","Non-Selasphorus",2006-04-27
"4783","3/16/2015","Released","malibu","Yes","Selasphorus","unknown","Nestling",0,"Spring","nest-related","Selasphorus spp.","6515_ALHU","Selasphorus",2015-03-16
"4784","5/1/2011","Died","Lindsey","Yes","Selasphorus","Female-like ","adult-like",1,"Spring","window hit","Selasphorus spp.","4191_ALHU","Selasphorus",2011-05-01
"4785","5/8/2002","Died","Lindsey","No","Non-selasphorus","unknown","Nestling",0,"Spring","found on the ground","Non-selasphorus spp.","2235_ANHU","Selasphorus",2002-05-08
"4786","4/11/1994","Died","Lindsey","No","Non-selasphorus","unknown","Nestling",0,"Spring","nest-related","Non-selasphorus spp.","610_ANHU","Selasphorus",1994-04-11
"4787","1/3/2014","Released","Lindsey","No","ANHU","Female-like ","adult-like",0,"Winter","found inside","Non-selasphorus spp.","4852_ANHU","Non-Selasphorus",2014-01-03
"4788","7/16/2014","Released","malibu","Yes","Selasphorus","Female-like ","adult-like",0,"Summer","found on the ground","Selasphorus spp.","6167_ALHU","Selasphorus",2014-07-16
"4789","6/22/2016","Released","Lindsey","Yes","ANHU","Female-like ","adult-like",1,"Summer","found on the ground","Non-selasphorus spp.","5655_ANHU","Non-Selasphorus",2016-06-22
"4790","3/12/2016","Released","Lindsey","No","ANHU","Female-like ","adult-like",1,"Spring","found on the ground","Non-selasphorus spp.","5522_ANHU","Non-Selasphorus",2016-03-12
"4791","5/5/2014","Died","Lindsey","No","ANHU","Male","adult-like",0,"Spring","nest-related","Non-selasphorus spp.","4988_ANHU","Non-Selasphorus",2014-05-05
"4792","4/7/2014","Released","Lindsey","No","ANHU","Male","adult-like",0,"Spring","unknown","Non-selasphorus spp.","4946_ANHU","Non-Selasphorus",2014-04-07
"4793","1/10/2002","Died","Lindsey","No","ANHU","Female-like ","adult-like",0,"Winter","caught by domestic animal","Non-selasphorus spp.","2144_ANHU","Non-Selasphorus",2002-01-10
"4794","9/11/2002","Died","Lindsey","No","ANHU","Female-like ","adult-like",0,"Fall","window hit","Non-selasphorus spp.","2333_ANHU","Non-Selasphorus",2002-09-11
"4795","5/7/2009","Released","Lindsey","No","Selasphorus","unknown","Nestling",0,"Spring","caught by domestic animal","Selasphorus spp.","3722_ALHU","Selasphorus",2009-05-07
"4796","3/30/1997","Died","Lindsey","No","ANHU","Female-like ","adult-like",0,"Spring","caught by domestic animal","Non-selasphorus spp.","1199_ANHU","Non-Selasphorus",1997-03-30
"4797","1/15/2015","Died","Lindsey","No","ANHU","Male","adult-like",0,"Winter","suspect torpor-like state","Non-selasphorus spp.","5150_ANHU","Non-Selasphorus",2015-01-15
"4798","4/28/2014","Released","malibu","No","ANHU","Female-like ","adult-like",0,"Spring","unknown","Non-selasphorus spp.","6279_ANHU","Non-Selasphorus",2014-04-28
"4799","8/19/1995","Died","Lindsey","No","ANHU","Female-like ","adult-like",0,"Summer","window hit","Non-selasphorus spp.","912_ANHU","Non-Selasphorus",1995-08-19
"4800","4/19/2014","Died","malibu","Yes","Selasphorus","Female-like ","adult-like",0,"Spring","found inside","Selasphorus spp.","6100_ALHU","Selasphorus",2014-04-19
"4801","4/28/2014","Released","malibu","No","Selasphorus","Female-like ","adult-like",1,"Spring","unknown","Selasphorus spp.","6277_ALHU","Selasphorus",2014-04-28
"4802","5/7/1994","Died","Lindsey","Yes","ANHU","Female-like ","adult-like",0,"Spring","caught by domestic animal","Non-selasphorus spp.","636_ANHU","Non-Selasphorus",1994-05-07
"4803","5/19/2009","Released","Lindsey","Yes","Non-selasphorus","unknown","Nestling",1,"Spring","found on the ground","Non-selasphorus spp.","3735_ANHU","Selasphorus",2009-05-19
"4804","5/31/1998","Died","Lindsey","Yes","BCHU","Female-like ","adult-like",0,"Spring","caught by domestic animal","Non-selasphorus spp.","1429_BCHU","Non-Selasphorus",1998-05-31
"4805","7/21/1998","Released","Lindsey","No","ANHU","Female-like ","adult-like",0,"Summer","caught by domestic animal","Non-selasphorus spp.","1483_ANHU","Non-Selasphorus",1998-07-21
"4806","11/9/2015","Died","malibu","No","ANHU","Female-like ","adult-like",0,"Fall","unknown","Non-selasphorus spp.","6570_ANHU","Non-Selasphorus",2015-11-09
"4807","5/10/2003","Died","Lindsey","No","Non-selasphorus","unknown","Nestling",0,"Spring","nest-related","Non-selasphorus spp.","2484_ANHU","Selasphorus",2003-05-10
"4808","4/27/1996","Released","Lindsey","No","Selasphorus","Female-like ","adult-like",0,"Spring","found on the ground","Selasphorus spp.","1038_ALHU","Selasphorus",1996-04-27
"4809","3/10/2015","Released","malibu","Yes","Selasphorus","unknown","Nestling",0,"Spring","nest-related","Selasphorus spp.","6524_ALHU","Selasphorus",2015-03-10
"4810","8/12/1994","Died","Lindsey","No","ANHU","Female-like ","adult-like",0,"Summer","found on the ground","Non-selasphorus spp.","719_ANHU","Non-Selasphorus",1994-08-12
"4811","6/13/2016","Released","Lindsey","Yes","ANHU","Female-like ","adult-like",1,"Summer","unknown","Non-selasphorus spp.","5643_ANHU","Non-Selasphorus",2016-06-13
"4812","4/24/2004","Released","Lindsey","No","ANHU","Female-like ","adult-like",0,"Spring","window hit","Non-selasphorus spp.","2673_ANHU","Non-Selasphorus",2004-04-24
"4813","5/7/1995","Died","Lindsey","No","ANHU","Female-like ","adult-like",0,"Spring","unknown","Non-selasphorus spp.","838_ANHU","Non-Selasphorus",1995-05-07
"4814","11/23/2014","Died","Lindsey","Yes","ANHU","Male","adult-like",0,"Fall","found on the ground","Non-selasphorus spp.","5129_ANHU","Non-Selasphorus",2014-11-23
"4815","4/5/1997","Released","Lindsey","No","Selasphorus","Female-like ","adult-like",0,"Spring","found on the ground","Selasphorus spp.","1205_ALHU","Selasphorus",1997-04-05
"4816","4/18/2002","Died","Lindsey","No","ANHU","Female-like ","adult-like",0,"Spring","found on the ground","Non-selasphorus spp.","2219_ANHU","Non-Selasphorus",2002-04-18
"4817","5/8/2013","Released","Lindsey","Yes","ANHU","Female-like ","adult-like",2,"Spring","unknown","Non-selasphorus spp.","4720_ANHU","Non-Selasphorus",2013-05-08
"4818","5/22/2009","Died","Lindsey","No","ANHU","Male","adult-like",0,"Spring","found on the ground","Non-selasphorus spp.","3738_ANHU","Non-Selasphorus",2009-05-22
"4819","7/9/2005","Died","Lindsey","No","ANHU","Female-like ","adult-like",1,"Summer","found on the ground","Non-selasphorus spp.","2955_ANHU","Non-Selasphorus",2005-07-09
"4820","1/29/2004","Died","Lindsey","Yes","ANHU","Female-like ","adult-like",0,"Winter","caught by domestic animal","Non-selasphorus spp.","2597_ANHU","Non-Selasphorus",2004-01-29
"4821","4/22/1999","Released","Lindsey","No","Non-selasphorus","unknown","Nestling",0,"Spring","nest-related","Non-selasphorus spp.","1603_ANHU","Selasphorus",1999-04-22
"4822","3/5/2010","Released","Lindsey","No","Non-selasphorus","unknown","Nestling",0,"Spring","nest-related","Non-selasphorus spp.","3876_ANHU","Selasphorus",2010-03-05
"4823","2/2/2010","Died","Lindsey","No","ANHU","Male","adult-like",0,"Winter","found on the ground","Non-selasphorus spp.","3853_ANHU","Non-Selasphorus",2010-02-02
"4824","6/23/2015","Died","Lindsey","Yes","ANHU","Female-like ","adult-like",1,"Summer","caught by domestic animal","Non-selasphorus spp.","5393_ANHU","Non-Selasphorus",2015-06-23
"4825","4/11/2012","Died","Lindsey","No","ANHU","Male","adult-like",0,"Spring","unknown","Non-selasphorus spp.","4426_ANHU","Non-Selasphorus",2012-04-11
"4826","4/10/1992","Released","Lindsey","No","Non-selasphorus","unknown","Nestling",0,"Spring","found on the ground","Non-selasphorus spp.","243_ANHU","Selasphorus",1992-04-10
"4827","4/13/2015","Released","Lindsey","No","ANHU","Female-like ","adult-like",0,"Spring","found on the ground","Non-selasphorus spp.","5267_ANHU","Non-Selasphorus",2015-04-13
"4828","6/7/2000","Died","Lindsey","Yes","Selasphorus","unknown","Nestling",0,"Summer","found on the ground","Selasphorus spp.","1845_ALHU","Selasphorus",2000-06-07
"4829","3/17/2014","Released","malibu","No","Selasphorus","unknown","Nestling",0,"Spring","unknown","Selasphorus spp.","6187_ALHU","Selasphorus",2014-03-17
"4830","3/22/2012","Died","Lindsey","Yes","Selasphorus","Female-like ","adult-like",0,"Spring","found on the ground","Selasphorus spp.","4399_ALHU","Selasphorus",2012-03-22
"4831","6/16/2013","Died","malibu","No","ANHU","Female-like ","adult-like",1,"Summer","unknown","Non-selasphorus spp.","5980_ANHU","Non-Selasphorus",2013-06-16
"4832","5/30/2013","Died","malibu","Yes","Selasphorus","Male","adult-like",1,"Spring","unknown","Selasphorus spp.","5819_ALHU","Selasphorus",2013-05-30
"4833","6/24/2004","Died","Lindsey","No","ANHU","Female-like ","adult-like",0,"Summer","window hit","Non-selasphorus spp.","2732_ANHU","Non-Selasphorus",2004-06-24
"4834","3/15/1993","Released","Lindsey","No","ANHU","Female-like ","adult-like",0,"Spring","unknown","Non-selasphorus spp.","400_ANHU","Non-Selasphorus",1993-03-15
"4835","6/24/2013","Released","Lindsey","Yes","ANHU","Male","adult-like",0,"Summer","suspect torpor-like state","Non-selasphorus spp.","4776_ANHU","Non-Selasphorus",2013-06-24
"4836","8/11/1995","Died","Lindsey","No","ANHU","Female-like ","adult-like",0,"Summer","caught by domestic animal","Non-selasphorus spp.","909_ANHU","Non-Selasphorus",1995-08-11
"4837","3/29/2016","Died","Lindsey","No","Selasphorus","Male","adult-like",0,"Spring","window hit","Selasphorus spp.","5554_RUHU","Selasphorus",2016-03-29
"4838","5/21/1998","Died","Lindsey","No","Non-selasphorus","unknown","Nestling",1,"Spring","found on the ground","Non-selasphorus spp.","1422_ANHU","Selasphorus",1998-05-21
"4839","2/11/2014","Died","Lindsey","Yes","ANHU","Male","adult-like",0,"Winter","found on the ground","Non-selasphorus spp.","4875_ANHU","Non-Selasphorus",2014-02-11
"4840","11/11/2002","Died","Lindsey","Yes","ANHU","Female-like ","adult-like",0,"Fall","found on the ground","Non-selasphorus spp.","2349_ANHU","Non-Selasphorus",2002-11-11
"4841","7/13/2007","Died","Lindsey","Yes","ANHU","Female-like ","adult-like",0,"Summer","caught by domestic animal","Non-selasphorus spp.","3349_ANHU","Non-Selasphorus",2007-07-13
"4842","1/7/2009","Died","Lindsey","No","ANHU","Male","adult-like",0,"Winter","caught by domestic animal","Non-selasphorus spp.","3597_ANHU","Non-Selasphorus",2009-01-07
"4843","4/7/2014","Died","malibu","Yes","Selasphorus","Female-like ","adult-like",1,"Spring","unknown","Selasphorus spp.","6084_ALHU","Selasphorus",2014-04-07
"4844","6/14/2013","Died","malibu","No","ANHU","Female-like ","adult-like",0,"Summer","unknown","Non-selasphorus spp.","5977_ANHU","Non-Selasphorus",2013-06-14
"4845","7/11/1995","Died","Lindsey","No","ANHU","Female-like ","adult-like",0,"Summer","caught by domestic animal","Non-selasphorus spp.","896_ANHU","Non-Selasphorus",1995-07-11
"4846","3/6/2002","Died","Lindsey","Yes","ANHU","Female-like ","adult-like",0,"Spring","found on the ground","Non-selasphorus spp.","2173_ANHU","Non-Selasphorus",2002-03-06
"4847","4/7/1992","Released","Lindsey","No","ANHU","Female-like ","adult-like",0,"Spring","unknown","Non-selasphorus spp.","240_ANHU","Non-Selasphorus",1992-04-07
"4848","12/31/2015","Released","malibu","No","ANHU","Female-like ","adult-like",241,"Winter","unknown","Non-selasphorus spp.","6564_ANHU","Non-Selasphorus",2015-12-31
"4849","6/4/2016","Released","malibu","No","Selasphorus","Female-like ","adult-like",-81,"Summer","unknown","Selasphorus spp.","6793_ALHU","Selasphorus",2016-06-04
"4850","11/22/2008","Released","Lindsey","No","ANHU","Female-like ","adult-like",0,"Fall","window hit","Non-selasphorus spp.","3587_ANHU","Non-Selasphorus",2008-11-22
"4851","6/8/2009","Died","Lindsey","No","ANHU","Female-like ","adult-like",0,"Summer","window hit","Non-selasphorus spp.","3751_ANHU","Non-Selasphorus",2009-06-08
"4852","2/22/2015","Died","malibu","Yes","Selasphorus","Male","adult-like",1,"Winter","unknown","Selasphorus spp.","6360_ALHU","Selasphorus",2015-02-22
"4853","8/3/2012","Released","Lindsey","Yes","ANHU","Male","adult-like",1,"Summer","found on the ground","Non-selasphorus spp.","4548_ANHU","Non-Selasphorus",2012-08-03
"4854","6/22/2001","Released","Lindsey","No","ANHU","Female-like ","adult-like",0,"Summer","caught by domestic animal","Non-selasphorus spp.","2079_ANHU","Non-Selasphorus",2001-06-22
"4855","3/24/1995","Died","Lindsey","Yes","Non-selasphorus","unknown","Nestling",1,"Spring","nest-related","Non-selasphorus spp.","794_ANHU","Selasphorus",1995-03-24
"4856","2/29/2000","Died","Lindsey","No","ANHU","Female-like ","adult-like",0,"Winter","caught by domestic animal","Non-selasphorus spp.","1752_ANHU","Non-Selasphorus",2000-02-29
"4857","8/7/2014","Released","malibu","No","ANHU","Female-like ","adult-like",122,"Summer","found on the ground","Non-selasphorus spp.","6204_ANHU","Non-Selasphorus",2014-08-07
"4858","12/17/2011","Died","Lindsey","Yes","ANHU","Male","adult-like",0,"Winter","unknown","Non-selasphorus spp.","4336_ANHU","Non-Selasphorus",2011-12-17
"4859","9/20/1997","Died","Lindsey","No","ANHU","Female-like ","adult-like",1,"Fall","suspect torpor-like state","Non-selasphorus spp.","1308_ANHU","Non-Selasphorus",1997-09-20
"4860","3/31/2016","Died","Santa Barbara","No","Selasphorus","Female-like ","adult-like",0,"Spring","window hit","Selasphorus spp.","6857_RUHU","Selasphorus",2016-03-31
"4861","5/13/2016","Released","Santa Barbara","No","ANHU","Female-like ","adult-like",0,"Spring","nest-related","Non-selasphorus spp.","6871_ANHU","Non-Selasphorus",2016-05-13
"4862","10/29/2011","Died","Lindsey","Yes","ANHU","Male","adult-like",1,"Fall","found on the ground","Non-selasphorus spp.","4316_ANHU","Non-Selasphorus",2011-10-29
"4863","8/1/2002","Died","Lindsey","No","ANHU","Female-like ","adult-like",0,"Summer","found on the ground","Non-selasphorus spp.","2320_ANHU","Non-Selasphorus",2002-08-01
"4864","3/25/2012","Released","Lindsey","No","ANHU","Female-like ","adult-like",0,"Spring","found on the ground","Non-selasphorus spp.","4403_ANHU","Non-Selasphorus",2012-03-25
"4865","7/11/1995","Died","Lindsey","No","ANHU","Female-like ","adult-like",0,"Summer","found on the ground","Non-selasphorus spp.","895_ANHU","Non-Selasphorus",1995-07-11
"4866","8/23/2002","Died","Lindsey","No","ANHU","Female-like ","adult-like",6,"Summer","found on the ground","Non-selasphorus spp.","2329_ANHU","Non-Selasphorus",2002-08-23
"4867","3/16/2016","Died","malibu","No","ANHU","Female-like ","adult-like",0,"Spring","window hit","Non-selasphorus spp.","6640_ANHU","Non-Selasphorus",2016-03-16
"4868","4/6/2016","Died","malibu","Yes","ANHU","Female-like ","adult-like",1,"Spring","unknown","Non-selasphorus spp.","6668_ANHU","Non-Selasphorus",2016-04-06
"4869","2/25/2016","Died","malibu","No","Selasphorus","unknown","Nestling",-27,"Winter","nest-related","Selasphorus spp.","6655_ALHU","Selasphorus",2016-02-25
"4870","3/17/2013","Released","Lindsey","Yes","Non-selasphorus","unknown","Nestling",0,"Spring","nest-related","Non-selasphorus spp.","4649_ANHU","Selasphorus",2013-03-17
"4871","12/8/2007","Released","Lindsey","Yes","ANHU","Female-like ","adult-like",1,"Winter","found on the ground","Non-selasphorus spp.","3389_ANHU","Non-Selasphorus",2007-12-08
"4872","11/12/2003","Died","Lindsey","Yes","ANHU","Female-like ","adult-like",1,"Fall","window hit","Non-selasphorus spp.","2580_ANHU","Non-Selasphorus",2003-11-12
"4873","4/2/2014","Died","malibu","Yes","Selasphorus","Female-like ","adult-like",1,"Spring","unknown","Selasphorus spp.","6078_ALHU","Selasphorus",2014-04-02
"4874","12/6/2008","Died","Lindsey","No","ANHU","Male","adult-like",0,"Winter","found on the ground","Non-selasphorus spp.","3590_ANHU","Non-Selasphorus",2008-12-06
"4875","5/9/2013","Released","malibu","Yes","ANHU","Female-like ","adult-like",0,"Spring","unknown","Non-selasphorus spp.","5807_ANHU","Non-Selasphorus",2013-05-09
"4876","7/30/2001","Died","Lindsey","No","ANHU","Female-like ","adult-like",0,"Summer","unknown","Non-selasphorus spp.","2105_ANHU","Non-Selasphorus",2001-07-30
"4877","6/9/2011","Died","Lindsey","No","Non-selasphorus","unknown","Nestling",0,"Summer","nest-related","Non-selasphorus spp.","4245_ANHU","Selasphorus",2011-06-09
"4878","6/20/1991","Released","Lindsey","No","ANHU","Female-like ","adult-like",0,"Summer","caught by domestic animal","Non-selasphorus spp.","130_ANHU","Non-Selasphorus",1991-06-20
"4879","6/11/2016","Released","Lindsey","No","Non-selasphorus","unknown","Nestling",0,"Summer","nest-related","Non-selasphorus spp.","5636_ANHU","Selasphorus",2016-06-11
"4880","3/11/2007","Died","Lindsey","No","ANHU","Female-like ","adult-like",0,"Spring","found on the ground","Non-selasphorus spp.","3221_ANHU","Non-Selasphorus",2007-03-11
"4881","7/2/2008","Died","Lindsey","Yes","Selasphorus","Female-like ","adult-like",2,"Summer","unknown","Selasphorus spp.","3547_ALHU","Selasphorus",2008-07-02
"4882","6/21/1999","Released","Lindsey","No","Non-selasphorus","unknown","Nestling",0,"Summer","found on the ground","Non-selasphorus spp.","1664_ANHU","Selasphorus",1999-06-21
"4883","6/17/2015","Released","Lindsey","No","ANHU","Male","adult-like",0,"Summer","found on the ground","Non-selasphorus spp.","5389_ANHU","Non-Selasphorus",2015-06-17
"4884","5/21/2008","Died","Lindsey","No","ANHU","Male","adult-like",0,"Spring","caught by domestic animal","Non-selasphorus spp.","3502_ANHU","Non-Selasphorus",2008-05-21
"4885","5/12/2015","Died","malibu","No","Selasphorus","Female-like ","adult-like",0,"Spring","unknown","Selasphorus spp.","6418_ALHU","Selasphorus",2015-05-12
"4886","4/21/2014","Released","malibu","Yes","Selasphorus","Female-like ","adult-like",1,"Spring","found on the ground","Selasphorus spp.","6101_ALHU","Selasphorus",2014-04-21
"4887","8/15/2005","Died","Lindsey","Yes","ANHU","Female-like ","adult-like",0,"Summer","window hit","Non-selasphorus spp.","2966_ANHU","Non-Selasphorus",2005-08-15
"4888","11/12/2004","Died","Lindsey","Yes","ANHU","Female-like ","adult-like",0,"Fall","found on the ground","Non-selasphorus spp.","2775_ANHU","Non-Selasphorus",2004-11-12
"4889","6/15/2014","Released","Lindsey","Yes","ANHU","Female-like ","adult-like",0,"Summer","nest-related","Non-selasphorus spp.","5049_ANHU","Non-Selasphorus",2014-06-15
"4890","4/18/2011","Released","Lindsey","Yes","ANHU","Female-like ","adult-like",0,"Spring","found on the ground","Non-selasphorus spp.","4174_ANHU","Non-Selasphorus",2011-04-18
"4891","4/10/2003","Released","Lindsey","Yes","ANHU","Female-like ","adult-like",0,"Spring","unknown","Non-selasphorus spp.","2446_ANHU","Non-Selasphorus",2003-04-10
"4892","5/1/2005","Died","Lindsey","Yes","ANHU","Female-like ","adult-like",0,"Spring","caught by domestic animal","Non-selasphorus spp.","2867_ANHU","Non-Selasphorus",2005-05-01
"4893","9/17/2013","Died","Lindsey","No","ANHU","Female-like ","adult-like",0,"Fall","caught by domestic animal","Non-selasphorus spp.","4814_ANHU","Non-Selasphorus",2013-09-17
"4894","6/19/2000","Released","Lindsey","Yes","Selasphorus","Female-like ","adult-like",1,"Summer","unknown","Selasphorus spp.","1859_ALHU","Selasphorus",2000-06-19
"4895","3/3/1991","Died","Lindsey","No","ANHU","Female-like ","adult-like",0,"Spring","nest-related","Non-selasphorus spp.","22_ANHU","Non-Selasphorus",1991-03-03
"4896","2/5/2015","Died","Lindsey","No","ANHU","Male","adult-like",0,"Winter","found on the ground","Non-selasphorus spp.","5166_ANHU","Non-Selasphorus",2015-02-05
"4897","10/23/2014","Died","Lindsey","Yes","ANHU","Female-like ","adult-like",1,"Fall","found on the ground","Non-selasphorus spp.","5118_ANHU","Non-Selasphorus",2014-10-23
"4898","5/6/1992","Died","Lindsey","No","ANHU","Female-like ","adult-like",0,"Spring","caught by domestic animal","Non-selasphorus spp.","269_ANHU","Non-Selasphorus",1992-05-06
"4899","3/12/1995","Released","Lindsey","Yes","ANHU","Female-like ","adult-like",9,"Spring","found on the ground","Non-selasphorus spp.","769_ANHU","Non-Selasphorus",1995-03-12
"4900","4/21/1993","Died","Lindsey","No","ANHU","Female-like ","adult-like",0,"Spring","caught by domestic animal","Non-selasphorus spp.","441_ANHU","Non-Selasphorus",1993-04-21
"4901","9/14/1996","Died","Lindsey","Yes","ANHU","Female-like ","adult-like",2,"Fall","window hit","Non-selasphorus spp.","1122_ANHU","Non-Selasphorus",1996-09-14
"4902","7/2/1998","Died","Lindsey","No","ANHU","Female-like ","adult-like",0,"Summer","caught by domestic animal","Non-selasphorus spp.","1453_ANHU","Non-Selasphorus",1998-07-02
"4903","7/31/1994","Died","Lindsey","No","ANHU","Female-like ","adult-like",0,"Summer","unknown","Non-selasphorus spp.","715_ANHU","Non-Selasphorus",1994-07-31
"4904","3/23/2011","Died","Lindsey","Yes","ANHU","Male","adult-like",1,"Spring","found on the ground","Non-selasphorus spp.","4136_ANHU","Non-Selasphorus",2011-03-23
"4905","12/21/2002","Released","Lindsey","No","ANHU","Female-like ","adult-like",0,"Winter","unknown","Non-selasphorus spp.","2359_ANHU","Non-Selasphorus",2002-12-21
"4906","3/16/1999","Died","Lindsey","No","ANHU","Female-like ","adult-like",0,"Spring","found on the ground","Non-selasphorus spp.","1555_ANHU","Non-Selasphorus",1999-03-16
"4907","4/27/1996","Released","Lindsey","Yes","Selasphorus","Female-like ","adult-like",0,"Spring","unknown","Selasphorus spp.","1039_ALHU","Selasphorus",1996-04-27
"4908","5/28/2007","Died","Lindsey","No","ANHU","Female-like ","adult-like",0,"Spring","unknown","Non-selasphorus spp.","3298_ANHU","Non-Selasphorus",2007-05-28
"4909","2/9/1992","Died","Lindsey","No","ANHU","Female-like ","adult-like",0,"Winter","unknown","Non-selasphorus spp.","211_ANHU","Non-Selasphorus",1992-02-09
"4910","7/8/1994","Died","Lindsey","No","ANHU","Female-like ","adult-like",30,"Summer","found on the ground","Non-selasphorus spp.","697_ANHU","Non-Selasphorus",1994-07-08
"4911","6/25/1991","Died","Lindsey","No","ANHU","Female-like ","adult-like",0,"Summer","window hit","Non-selasphorus spp.","138_ANHU","Non-Selasphorus",1991-06-25
"4912","4/6/1994","Released","Lindsey","Yes","Non-selasphorus","unknown","Nestling",0,"Spring","found on the ground","Non-selasphorus spp.","601_ANHU","Selasphorus",1994-04-06
"4913","7/14/1991","Died","Lindsey","Yes","Non-selasphorus","unknown","Nestling",2,"Summer","found on the ground","Non-selasphorus spp.","147_ANHU","Selasphorus",1991-07-14
"4914","7/21/2011","Died","Lindsey","No","Non-selasphorus","unknown","Nestling",0,"Summer","unknown","Non-selasphorus spp.","4281_ANHU","Selasphorus",2011-07-21
"4915","8/21/2014","Died","Lindsey","Yes","ANHU","Female-like ","adult-like",0,"Summer","found on the ground","Non-selasphorus spp.","5102_ANHU","Non-Selasphorus",2014-08-21
"4916","8/29/2003","Died","Lindsey","No","ANHU","Female-like ","adult-like",10,"Summer","caught by domestic animal","Non-selasphorus spp.","2563_ANHU","Non-Selasphorus",2003-08-29
"4917","5/19/2003","Died","Lindsey","Yes","ANHU","Female-like ","adult-like",0,"Spring","window hit","Non-selasphorus spp.","2489_ANHU","Non-Selasphorus",2003-05-19
"4918","3/10/2001","Released","Lindsey","No","Non-selasphorus","unknown","Nestling",0,"Spring","found on the ground","Non-selasphorus spp.","1978_ANHU","Selasphorus",2001-03-10
"4919","6/3/2013","Released","malibu","Yes","Selasphorus","unknown","Nestling",0,"Summer","nest-related","Selasphorus spp.","5829_ALHU","Selasphorus",2013-06-03
"4920","6/10/2013","Died","malibu","No","Selasphorus","unknown","Nestling",0,"Summer","nest-related","Selasphorus spp.","5849_ALHU","Selasphorus",2013-06-10
"4921","11/4/2011","Died","Lindsey","Yes","ANHU","Male","adult-like",1,"Fall","window hit","Non-selasphorus spp.","4318_ANHU","Non-Selasphorus",2011-11-04
"4922","7/16/1998","Died","Lindsey","Yes","Non-selasphorus","unknown","Nestling",0,"Summer","found on the ground","Non-selasphorus spp.","1471_ANHU","Selasphorus",1998-07-16
"4923","3/12/1995","Died","Lindsey","Yes","ANHU","Female-like ","adult-like",2,"Spring","found on the ground","Non-selasphorus spp.","770_ANHU","Non-Selasphorus",1995-03-12
"4924","4/5/2011","Released","Lindsey","No","ANHU","Male","adult-like",0,"Spring","found on the ground","Non-selasphorus spp.","4153_ANHU","Non-Selasphorus",2011-04-05
"4925","5/28/2014","Released","malibu","No","Selasphorus","Female-like ","adult-like",0,"Spring","unknown","Selasphorus spp.","6120_ALHU","Selasphorus",2014-05-28
"4926","8/21/2002","Died","Lindsey","No","Selasphorus","Female-like ","adult-like",0,"Summer","window hit","Selasphorus spp.","2328_ALHU","Selasphorus",2002-08-21
"4927","11/29/2014","Died","Lindsey","Yes","ANHU","Male","adult-like",0,"Fall","found on the ground","Non-selasphorus spp.","5132_ANHU","Non-Selasphorus",2014-11-29
"4928","7/14/2005","Died","Lindsey","Yes","ANHU","Female-like ","adult-like",0,"Summer","found on the ground","Non-selasphorus spp.","2960_ANHU","Non-Selasphorus",2005-07-14
"4929","4/11/2011","Released","Lindsey","No","Non-selasphorus","unknown","Nestling",0,"Spring","found on the ground","Non-selasphorus spp.","4166_ANHU","Selasphorus",2011-04-11
"4930","4/9/1999","Released","Lindsey","No","Non-selasphorus","unknown","Nestling",0,"Spring","nest-related","Non-selasphorus spp.","1585_ANHU","Selasphorus",1999-04-09
"4931","4/5/2001","Released","Lindsey","No","ANHU","Female-like ","adult-like",0,"Spring","caught by domestic animal","Non-selasphorus spp.","2011_ANHU","Non-Selasphorus",2001-04-05
"4932","3/14/2013","Released","Lindsey","Yes","Non-selasphorus","unknown","Nestling",1,"Spring","found on the ground","Non-selasphorus spp.","4640_ANHU","Selasphorus",2013-03-14
"4933","4/16/1993","Died","Lindsey","No","Selasphorus","Female-like ","adult-like",0,"Spring","found on the ground","Selasphorus spp.","436_ALHU","Selasphorus",1993-04-16
"4934","6/10/2016","Died","malibu","No","Selasphorus","Female-like ","adult-like",0,"Summer","found on the ground","Selasphorus spp.","6756_ALHU","Selasphorus",2016-06-10
"4935","4/6/2013","Released","malibu","No","Selasphorus","Male","adult-like",0,"Spring","unknown","Selasphorus spp.","5768_ALHU","Selasphorus",2013-04-06
"4936","6/3/2013","Released","Lindsey","Yes","ANHU","Male","adult-like",0,"Summer","found on the ground","Non-selasphorus spp.","4743_ANHU","Non-Selasphorus",2013-06-03
"4937","4/22/1995","Released","Lindsey","No","Non-selasphorus","unknown","Nestling",0,"Spring","nest-related","Non-selasphorus spp.","821_ANHU","Selasphorus",1995-04-22
"4938","12/11/2009","Died","Lindsey","Yes","ANHU","Male","adult-like",1,"Winter","found on the ground","Non-selasphorus spp.","3838_ANHU","Non-Selasphorus",2009-12-11
"4939","5/17/2009","Died","Lindsey","No","ANHU","Female-like ","adult-like",0,"Spring","unknown","Non-selasphorus spp.","3731_ANHU","Non-Selasphorus",2009-05-17
"4940","2/18/2011","Died","Lindsey","No","ANHU","Male","adult-like",4,"Winter","window hit","Non-selasphorus spp.","4100_ANHU","Non-Selasphorus",2011-02-18
"4941","3/18/2016","Died","Lindsey","No","Selasphorus","Male","adult-like",0,"Spring","caught by domestic animal","Selasphorus spp.","5533_RUHU","Selasphorus",2016-03-18
"4942","7/3/2016","Died","Lindsey","Yes","ANHU","Female-like ","adult-like",0,"Summer","caught by domestic animal","Non-selasphorus spp.","5669_ANHU","Non-Selasphorus",2016-07-03
"4943","5/26/2000","Died","Lindsey","No","ANHU","Female-like ","adult-like",0,"Spring","caught by domestic animal","Non-selasphorus spp.","1837_ANHU","Non-Selasphorus",2000-05-26
"4944","10/19/2010","Died","Lindsey","No","ANHU","Female-like ","adult-like",0,"Fall","found on the ground","Non-selasphorus spp.","4067_ANHU","Non-Selasphorus",2010-10-19
"4945","11/22/1999","Died","Lindsey","No","ANHU","Female-like ","adult-like",0,"Fall","window hit","Non-selasphorus spp.","1721_ANHU","Non-Selasphorus",1999-11-22
"4946","2/7/2010","Died","Lindsey","No","ANHU","Male","adult-like",0,"Winter","found on the ground","Non-selasphorus spp.","3856_ANHU","Non-Selasphorus",2010-02-07
"4947","12/6/2006","Died","Lindsey","No","ANHU","Female-like ","adult-like",0,"Winter","found inside","Non-selasphorus spp.","3178_ANHU","Non-Selasphorus",2006-12-06
"4948","12/13/1997","Died","Lindsey","No","ANHU","Female-like ","adult-like",0,"Winter","caught by domestic animal","Non-selasphorus spp.","1321_ANHU","Non-Selasphorus",1997-12-13
"4949","6/6/2011","Died","Lindsey","No","Non-selasphorus","unknown","Nestling",0,"Summer","nest-related","Non-selasphorus spp.","4241_ANHU","Selasphorus",2011-06-06
"4950","2/4/2014","Died","Lindsey","Yes","ANHU","Male","adult-like",0,"Winter","found on the ground","Non-selasphorus spp.","4871_ANHU","Non-Selasphorus",2014-02-04
"4951","1/18/2015","Released","malibu","No","Selasphorus","unknown","Nestling",-182,"Winter","unknown","Selasphorus spp.","6483_ALHU","Selasphorus",2015-01-18
"4952","5/7/2013","Died","malibu","No","Selasphorus","Female-like ","adult-like",0,"Spring","unknown","Selasphorus spp.","5934_ALHU","Selasphorus",2013-05-07
"4953","1/17/2016","Died","malibu","Yes","Selasphorus","Female-like ","adult-like",0,"Winter","window hit","Selasphorus spp.","6617_ALHU","Selasphorus",2016-01-17
"4954","5/23/2016","Released","Santa Barbara","No","ANHU","Female-like ","adult-like",0,"Spring","caught by domestic animal","Non-selasphorus spp.","6878_ANHU","Non-Selasphorus",2016-05-23
"4955","6/30/2000","Died","Lindsey","Yes","Non-selasphorus","unknown","Nestling",0,"Summer","found on the ground","Non-selasphorus spp.","1879_ANHU","Selasphorus",2000-06-30
"4956","5/16/2015","Died","malibu","Yes","Selasphorus","Female-like ","adult-like",2,"Spring","unknown","Selasphorus spp.","6425_ALHU","Selasphorus",2015-05-16
"4957","5/9/2005","Died","Lindsey","No","ANHU","Female-like ","adult-like",0,"Spring","found on the ground","Non-selasphorus spp.","2874_ANHU","Non-Selasphorus",2005-05-09
"4958","4/13/2004","Released","Lindsey","No","Selasphorus","Female-like ","adult-like",0,"Spring","window hit","Selasphorus spp.","2658_RUHU","Selasphorus",2004-04-13
"4959","1/30/2005","Released","Lindsey","Yes","ANHU","Female-like ","adult-like",1,"Winter","unknown","Non-selasphorus spp.","2791_ANHU","Non-Selasphorus",2005-01-30
"4960","4/9/2013","Released","malibu","No","Selasphorus","unknown","Nestling",0,"Spring","unknown","Selasphorus spp.","5771_ALHU","Selasphorus",2013-04-09
"4961","4/16/2010","Died","Lindsey","Yes","Selasphorus","Female-like ","adult-like",0,"Spring","found on the ground","Selasphorus spp.","3919_ALHU","Selasphorus",2010-04-16
"4962","4/25/1992","Released","Lindsey","Yes","ANHU","Female-like ","adult-like",5,"Spring","unknown","Non-selasphorus spp.","262_ANHU","Non-Selasphorus",1992-04-25
"4963","6/18/2000","Died","Lindsey","Yes","ANHU","Female-like ","adult-like",0,"Summer","caught by domestic animal","Non-selasphorus spp.","1856_ANHU","Non-Selasphorus",2000-06-18
"4964","5/12/2014","Died","malibu","No","Selasphorus","Female-like ","adult-like",1,"Spring","unknown","Selasphorus spp.","6282_ALHU","Selasphorus",2014-05-12
"4965","4/24/1992","Died","Lindsey","No","ANHU","Female-like ","adult-like",0,"Spring","window hit","Non-selasphorus spp.","261_ANHU","Non-Selasphorus",1992-04-24
"4966","7/10/2004","Released","Lindsey","No","Non-selasphorus","unknown","Nestling",0,"Summer","found on the ground","Non-selasphorus spp.","2745_ANHU","Selasphorus",2004-07-10
"4967","9/2/1998","Died","Lindsey","Yes","Selasphorus","Female-like ","adult-like",1,"Fall","found on the ground","Selasphorus spp.","1495_ALHU","Selasphorus",1998-09-02
"4968","3/25/1996","Died","Lindsey","No","Selasphorus","Female-like ","adult-like",0,"Spring","found on the ground","Selasphorus spp.","993_ALHU","Selasphorus",1996-03-25
"4969","6/23/2009","Died","Lindsey","Yes","ANHU","Male","adult-like",0,"Summer","found on the ground","Non-selasphorus spp.","3765_ANHU","Non-Selasphorus",2009-06-23
"4970","4/8/2016","Died","Lindsey","Yes","ANHU","Female-like ","adult-like",2,"Spring","found on the ground","Non-selasphorus spp.","5571_ANHU","Non-Selasphorus",2016-04-08
"4971","7/21/1993","Released","Lindsey","No","ANHU","Female-like ","adult-like",0,"Summer","found on the ground","Non-selasphorus spp.","528_ANHU","Non-Selasphorus",1993-07-21
"4972","5/26/2015","Released","malibu","Yes","Selasphorus","unknown","Nestling",1,"Spring","nest-related","Selasphorus spp.","6436_ALHU","Selasphorus",2015-05-26
"4973","5/4/2010","Died","Lindsey","No","ANHU","Male","adult-like",0,"Spring","caught by domestic animal","Non-selasphorus spp.","3943_ANHU","Non-Selasphorus",2010-05-04
"4974","1/19/2013","Died","malibu","No","Selasphorus","Male","adult-like",0,"Winter","unknown","Selasphorus spp.","5732_ALHU","Selasphorus",2013-01-19
"4975","12/18/2013","Died","malibu","Yes","Selasphorus","Male","adult-like",5,"Winter","found on the ground","Selasphorus spp.","6026_ALHU","Selasphorus",2013-12-18
"4976","4/13/2009","Died","Lindsey","No","Non-selasphorus","unknown","Nestling",0,"Spring","nest-related","Non-selasphorus spp.","3690_ANHU","Selasphorus",2009-04-13
"4977","4/26/2001","Released","Lindsey","No","Non-selasphorus","unknown","Nestling",0,"Spring","nest-related","Non-selasphorus spp.","2029_ANHU","Selasphorus",2001-04-26
"4978","2/2/1991","Died","Lindsey","No","ANHU","Female-like ","adult-like",1,"Winter","found inside","Non-selasphorus spp.","17_ANHU","Non-Selasphorus",1991-02-02
"4979","6/16/1994","Died","Lindsey","No","ANHU","Female-like ","adult-like",0,"Summer","suspect torpor-like state","Non-selasphorus spp.","677_ANHU","Non-Selasphorus",1994-06-16
"4980","5/21/2013","Released","malibu","No","Selasphorus","Female-like ","adult-like",0,"Spring","unknown","Selasphorus spp.","5947_ALHU","Selasphorus",2013-05-21
"4981","4/15/2016","Released","Santa Barbara","No","Non-selasphorus","unknown","Nestling",0,"Spring","found on the ground","Non-selasphorus spp.","6865_ANHU","Selasphorus",2016-04-15
"4982","6/26/1993","Released","Lindsey","Yes","Non-selasphorus","unknown","Nestling",1,"Summer","nest-related","Non-selasphorus spp.","505_ANHU","Selasphorus",1993-06-26
"4983","5/6/2002","Died","Lindsey","No","ANHU","Female-like ","adult-like",0,"Spring","found on the ground","Non-selasphorus spp.","2233_ANHU","Non-Selasphorus",2002-05-06
"4984","3/13/2016","Released","Lindsey","Yes","Non-selasphorus","unknown","Nestling",0,"Spring","nest-related","Non-selasphorus spp.","5526_ANHU","Selasphorus",2016-03-13
"4985","2/23/2013","Died","malibu","No","Non-selasphorus","unknown","Nestling",0,"Winter","unknown","Non-selasphorus spp.","5744_ANHU","Selasphorus",2013-02-23
"4986","2/4/1995","Died","Lindsey","No","ANHU","Female-like ","adult-like",0,"Winter","window hit","Non-selasphorus spp.","747_ANHU","Non-Selasphorus",1995-02-04
"4987","7/6/2005","Died","Lindsey","No","Non-selasphorus","unknown","Nestling",0,"Summer","found on the ground","Non-selasphorus spp.","2951_ANHU","Selasphorus",2005-07-06
"4988","8/29/2007","Died","Lindsey","No","Selasphorus","Female-like ","adult-like",0,"Summer","found on the ground","Selasphorus spp.","3367_RUHU","Selasphorus",2007-08-29
"4989","11/18/2011","Died","Lindsey","No","ANHU","Female-like ","adult-like",0,"Fall","window hit","Non-selasphorus spp.","4325_ANHU","Non-Selasphorus",2011-11-18
"4990","5/4/1996","Released","Lindsey","No","ANHU","Female-like ","adult-like",0,"Spring","nest-related","Non-selasphorus spp.","1044_ANHU","Non-Selasphorus",1996-05-04
"4991","1/9/1992","Died","Lindsey","No","ANHU","Female-like ","adult-like",0,"Winter","found on the ground","Non-selasphorus spp.","193_ANHU","Non-Selasphorus",1992-01-09
"4992","7/11/1991","Released","Lindsey","No","ANHU","Female-like ","adult-like",0,"Summer","unknown","Non-selasphorus spp.","146_ANHU","Non-Selasphorus",1991-07-11
"4993","9/6/2013","Died","Lindsey","Yes","ANHU","Male","adult-like",1,"Fall","found on the ground","Non-selasphorus spp.","4809_ANHU","Non-Selasphorus",2013-09-06
"4994","4/2/2000","Released","Lindsey","Yes","Non-selasphorus","unknown","Nestling",1,"Spring","found on the ground","Non-selasphorus spp.","1780_ANHU","Selasphorus",2000-04-02
"4995","6/1/2016","Died","malibu","No","Selasphorus","Female-like ","adult-like",-2,"Summer","unknown","Selasphorus spp.","6800_ALHU","Selasphorus",2016-06-01
"4996","6/25/2011","Released","Lindsey","Yes","ANHU","Female-like ","adult-like",0,"Summer","found on the ground","Non-selasphorus spp.","4261_ANHU","Non-Selasphorus",2011-06-25
"4997","3/25/2003","Died","Lindsey","No","ANHU","Female-like ","adult-like",0,"Spring","found on the ground","Non-selasphorus spp.","2425_ANHU","Non-Selasphorus",2003-03-25
"4998","6/6/2000","Died","Lindsey","No","Selasphorus","Female-like ","adult-like",0,"Summer","found on the ground","Selasphorus spp.","1843_ALHU","Selasphorus",2000-06-06
"4999","5/5/2013","Died","Lindsey","Yes","ANHU","Female-like ","adult-like",1,"Spring","found on the ground","Non-selasphorus spp.","4716_ANHU","Non-Selasphorus",2013-05-05
"5000","5/1/2010","Released","Lindsey","No","Non-selasphorus","unknown","Nestling",0,"Spring","found on the ground","Non-selasphorus spp.","3941_ANHU","Selasphorus",2010-05-01
